# https://github.com/mikedh/trimesh
v 44.63022995 17.10076332 57.30778122
v 44.85852051 17.20147133 58.44736862
v 44.86587524 16.38030434 58.48411179
v 44.63803864 16.28399086 57.34678268
v 44.64584351 15.46721840 57.38572311
v 44.85116577 18.02263832 58.41068649
v 44.96553421 18.07518959 58.98154831
v 44.96910095 17.66350746 58.99937057
v 44.85484314 17.61205482 58.42899704
v 44.97266769 17.25182533 59.01719284
v 44.62242508 17.91753578 57.26884079
v 44.19324493 15.08135414 55.12643051
v 44.19107056 15.28331947 55.11556625
v 44.30476379 15.32927895 55.68313217
v 44.30900574 14.92418861 55.70431137
v 44.19542313 14.87932777 55.13729477
v 44.41845703 15.37529945 56.25065231
v 44.42258453 14.96904945 56.27128220
v 44.42671585 14.56286049 56.29191208
v 44.31324387 14.51909828 55.72542953
v 44.29627991 16.13952065 55.64077377
v 44.18236160 16.09136391 55.07210922
v 44.17800522 16.49535561 55.05038071
v 44.17365265 16.89940834 55.02865219
v 44.40194321 17.00005531 56.16825485
v 44.41019821 16.18767738 56.20945358
v 44.41432953 15.78148842 56.23008347
v 44.30052185 15.73443031 55.66195297
v 44.18671417 15.68737221 55.09383774
v 44.18889236 15.48534584 55.10470200
v 44.39368439 17.81249428 56.12699509
v 44.16494370 17.70739174 54.98519516
v 44.15623856 18.51543617 54.94167709
v 44.16930008 17.30340004 55.00692368
v 44.13422012 15.26037025 54.83181381
v 44.13642502 15.05858803 54.84280014
v 44.05950928 16.84905434 54.45882797
v 44.06397629 16.44610023 54.48116684
v 44.06620789 16.24468422 54.49227524
v 44.06843948 16.04320717 54.50344467
v 44.00695801 16.42150307 54.19655991
v 44.00922012 16.22033119 54.20785141
v 44.01148224 16.01909828 54.21908188
v 44.12981033 15.66381264 54.80978012
v 44.07290649 15.64025307 54.52572250
v 44.10358047 15.45043373 54.67885971
v 44.07514191 15.43883705 54.53689194
v 44.13201523 15.46209145 54.82076645
v 44.13311768 15.36120033 54.82632065
v 44.10468674 15.34966469 54.68435287
v 44.10579681 15.24883461 54.68990707
v 43.81245041 18.35125160 53.22561264
v 43.92704773 18.40600014 53.79763412
v 43.93162537 18.00414467 53.82046127
v 43.81714249 17.95055580 53.24898911
v 44.05057526 17.65484047 54.41427231
v 43.93620300 17.60235023 53.84334946
v 43.93849564 17.40142250 53.85476303
v 44.05504227 17.25194740 54.43655014
v 43.94078445 17.20049477 53.86617661
v 43.87902069 17.57604408 53.55788803
v 43.88133621 17.37542152 53.56948471
v 43.88365555 17.17479897 53.58102036
v 43.80775833 18.75200844 53.20217514
v 43.92246628 18.80779457 53.77474594
v 44.72283554 14.33605385 57.77006149
v 44.57087326 13.90777016 57.01151657
v 44.29270935 14.09203529 55.62295151
v 44.42786789 13.84636879 56.29764938
v 44.91315460 15.71630287 58.72007370
v 44.83730316 15.00115395 58.34147263
v 44.18188477 14.57537270 55.06972885
v 44.14874649 14.77611732 54.90432358
v 44.07714462 15.29747963 54.54690170
v 44.07005310 15.35521889 54.51150131
v 45.04904556 17.96892738 59.39841843
v 44.99140549 16.82653236 59.11069870
v 45.06096649 18.23809242 59.45792770
v 44.75702667 18.46605873 57.94071579
v 44.03105545 15.68981361 54.31679916
v 44.45308685 18.69402504 56.42350388
v 44.14914322 18.92199135 54.90627670
v 43.99401093 16.03014565 54.13192368
v 43.94959259 16.45684242 53.91018295
v 43.98038483 16.15941811 54.06386948
v 43.91903305 16.75487709 53.75765610
v 43.89106750 17.02562904 53.61800766
v 43.86261749 17.29509926 53.47603989
v 43.81264114 17.74260902 53.22652817
v 43.84700012 17.43914223 53.39803696
v 43.77614975 18.03954506 53.04439926
v 43.74229050 18.28655434 52.87539291
v 43.84520340 19.14995766 53.38906479
v 43.70537949 18.52190590 52.69112778
v 43.63103867 18.88445473 52.32003403
v 43.58985138 19.02233315 52.11440659
v 43.54126358 19.37792397 51.87185287
v 43.53836060 19.13958168 51.85738754
v 43.49668503 19.19774818 51.64931870
v 43.34326172 19.32866859 50.88351059
v 43.42111969 19.25451088 51.27212143
v 43.23731995 19.60589027 50.35464096
v 43.29948425 19.39434242 50.66494370
v 20.00207138 -51.70713043 88.04090118
v 21.11291122 -49.81650543 86.75598907
v 20.96413803 -51.47553253 87.17652130
v 21.41952324 -46.47785187 85.89862823
v 21.26599312 -48.12686920 86.32508087
v 19.56871223 -47.99683380 88.04273224
v 19.76052094 -45.98416901 87.53882599
v 21.56964111 -44.94077301 85.49146271
v 19.94702339 -44.11875153 87.06488800
v 19.37838936 -50.03470612 88.55231476
v 19.19635010 -51.97574615 89.04343414
v 40.96179962 11.18767738 57.68247604
v 40.99358749 11.49138832 57.64005661
v 41.13688278 11.66619301 57.61314011
v 41.12382889 11.39568520 57.65433884
v 40.77919388 10.99126625 57.70402145
v 40.82933426 11.32396889 57.66141891
v 40.57787704 10.80791664 57.71897507
v 40.64591980 11.16350746 57.67728806
v 40.35936356 10.63970375 57.72739792
v 40.44510651 11.01128578 57.68735886
v 40.12571335 10.49248695 57.72892380
v 40.23031235 10.87377357 57.69144821
v 39.87968063 10.37572670 57.72294235
v 40.00648880 10.76305580 57.68882370
v 40.89258957 10.84423256 57.73710251
v 41.06817627 11.07158852 57.70957565
v 40.69610596 10.63073158 57.75785446
v 40.48078156 10.43340492 57.77189255
v 40.24824524 10.25506020 57.77909470
v 40.00016022 10.10070229 57.77909470
v 39.73849487 9.97802162 57.77122116
v 40.79518127 10.46557045 57.80564499
v 40.98069763 10.70318031 57.77976608
v 40.58871078 10.24376869 57.82505417
v 40.36335373 10.03991127 57.83799362
v 40.12074280 9.85698891 57.84428024
v 39.86229706 9.69933510 57.84348679
v 39.58959961 9.57348061 57.83488083
v 40.68050003 10.06774330 57.88596725
v 40.87328720 10.30883217 57.86246872
v 40.46691895 9.84380531 57.90360641
v 40.23453903 9.63891029 57.91538620
v 39.98490906 9.45574379 57.92106247
v 39.71928406 9.29808998 57.92008591
v 39.43900299 9.17180824 57.91172409
v 41.09546280 11.95672035 57.56980515
v 41.17876053 12.03222084 57.55332565
v 41.21524811 11.97973061 57.56089401
v 40.96626282 11.84801674 57.59092331
v 40.80843353 11.72374916 57.61149216
v 40.72140503 11.65801430 57.62083054
v 40.63022614 11.59081459 57.62931442
v 41.26651764 11.75152016 57.59598923
v 41.24993896 11.88720131 57.57456589
v 41.25837326 11.56359291 57.62821579
v 40.53594589 11.52294350 57.63663864
v 40.44008636 11.45525551 57.64280319
v 40.34426880 11.38884926 57.64774704
v 40.25012589 11.32457924 57.65153122
v 40.15952682 11.26366615 57.65409470
v 39.89227295 10.98272133 57.66324997
v 40.07532883 11.20781898 57.65555954
v 39.94961166 11.12578773 57.65592575
v 39.59666443 10.23009682 57.71561813
v 39.71030045 10.52025795 57.69047165
v 39.80915451 10.77245522 57.67423630
v 39.53427124 10.07122231 57.73283005
v 41.22094345 11.31450844 57.67435837
v 41.15288925 10.99749184 57.73826218
v 41.10720825 10.81151772 57.77805710
v 41.05367661 10.60625648 57.82383347
v 40.73352814 9.86022377 57.96195602
v 40.51937103 9.60650063 57.98319626
v 40.99221802 10.38085365 57.87595749
v 40.83156586 9.99498940 57.94919968
v 40.92276764 10.13463783 57.93503952
v 40.28515244 9.37621498 57.99869919
v 40.03573608 9.17199135 58.00846481
v 39.39788055 9.72472572 57.77903366
v 39.46805191 9.90288734 57.75376511
v 39.16240311 9.12664223 57.88608932
v 39.24518204 9.33696938 57.84464645
v 39.32363129 9.53618813 57.80912399
v 39.77598572 8.99663734 58.01237106
v 39.51076508 8.85277748 58.01047897
v 39.24493790 8.74328041 58.00266647
v 39.07517242 8.90471840 57.93400192
v 38.98336792 8.67077065 57.98899460
v 41.43144608 10.65239906 58.03678513
v 41.62103653 11.90404701 57.55765915
v 41.79687500 12.37676430 57.34476852
v 41.60244370 10.99920082 57.89561081
v 41.24204254 10.18615150 58.17673874
v 41.45026779 11.31340981 57.77592087
v 41.03119278 9.62499428 58.28892136
v 41.26638412 10.66716957 57.94999313
v 40.76122665 9.00798988 58.35593796
v 41.02423477 9.98931313 58.06718063
v 41.18386078 9.35985756 58.55155563
v 41.34648895 9.64684486 58.47538376
v 40.99169540 8.97521400 58.62076950
v 40.76668549 8.50200844 58.66654587
v 40.47677994 7.96105385 58.67814255
v 40.90314102 8.05248451 59.08347702
v 41.05516052 8.29735756 59.06388474
v 40.71403503 7.72777748 59.08982468
v 40.48191452 7.32695961 59.07389450
v 40.17726135 6.85875893 59.03226852
v 40.67375946 6.84008217 59.64335251
v 40.60364532 6.73449135 59.62748337
v 40.74480057 6.94567299 59.65739059
v 40.51169586 6.59508705 59.60416794
v 40.42014313 6.45665932 59.57859421
v 40.18524933 6.11449623 59.50773239
v 39.86965942 5.71343422 59.41752243
v 40.58596802 6.26574135 59.95579147
v 40.78981018 7.01152992 59.66514206
v 40.62877274 6.32708168 59.97105026
v 40.45002365 6.06933022 59.90397263
v 40.51787186 6.16747475 59.93040085
v 40.26971817 5.81170082 59.83048630
v 40.36014175 5.93993568 59.86771774
v 41.97396469 13.46721840 56.83262253
v 41.85869598 13.71184731 56.77799606
v 41.91433716 14.02227211 56.59373093
v 41.83509445 13.04412270 57.08829880
v 41.81560516 13.46013832 56.92393112
v 41.75029755 13.06841469 57.13309860
v 41.78087234 13.25109291 57.03965378
v 41.69099045 12.73821449 57.27836227
v 41.96482086 12.96154213 57.05436325
v 41.84629822 11.94561195 57.47007370
v 41.67613602 10.92101479 57.91782761
v 41.57775497 10.40447426 58.15104294
v 41.63482285 12.44237709 57.38932419
v 41.58399582 12.17449379 57.48490524
v 41.48933411 11.70202065 57.63767624
v 41.53644180 11.92925453 57.56785202
v 41.39094925 11.28875160 57.74644089
v 41.44119263 11.48937416 57.69639206
v 41.22051620 10.74761391 57.85490036
v 41.33786011 11.09881020 57.78892136
v 40.36079788 8.25469398 58.43583298
v 40.57151031 8.94884682 58.24241257
v 41.08390427 10.42858315 57.90128708
v 40.76060104 9.57933998 58.07487106
v 40.13377380 7.50823402 58.65324020
v 41.47189713 9.88451576 58.38724899
v 41.36032867 9.36174965 58.62577438
v 41.24423599 8.83715248 58.86594772
v 41.12464905 8.31163979 59.10679245
v 41.00260544 7.78624916 59.34763718
v 40.75531387 6.73992348 59.82584763
v 40.87915039 7.26201820 59.58762741
v 40.63213730 6.22106361 60.06168747
v 40.51065445 5.70635414 60.29410934
v 40.36391830 5.50084877 60.21519089
v 39.89574432 6.72106361 58.89280319
v 39.40788269 5.07018471 59.43101120
v 39.65201187 5.90453529 59.15269089
v 39.90489197 4.90105629 59.97520065
v 39.56169128 4.53899574 59.83353806
v 40.21547699 5.29656410 60.13431931
v 40.06318665 5.09581947 60.05363083
v 39.16866302 4.22936440 59.72593307
v 41.40415573 12.18108559 57.51133347
v 41.33998108 12.01348305 57.54758835
v 41.28643417 12.10173988 57.53470993
v 41.33468246 12.24437904 57.50315475
v 41.52507401 12.38714027 57.45670700
v 41.43758774 12.03881264 57.53709030
v 41.47152328 12.48388100 57.43973923
v 41.53732681 12.25896645 57.48380661
v 41.43388367 11.87371254 57.57047653
v 41.52971268 12.11565590 57.51664352
v 41.41232300 11.70031166 57.60776901
v 41.51128387 11.96618080 57.55308151
v 41.38196564 11.52764320 57.64683151
v 41.48416519 11.80016518 57.59550095
v 41.34371948 11.34246254 57.69047165
v 41.46984863 11.72197914 57.61600876
v 41.45375443 11.63842201 57.63828659
v 41.30405807 11.16729164 57.73313522
v 41.41761780 11.46154213 57.68650436
v 41.25918579 10.98027992 57.78001022
v 41.38002014 11.28722572 57.73521042
v 41.21410751 10.79967690 57.82639694
v 41.54404068 12.69677162 57.37559128
v 41.47338104 12.74364662 57.37223434
v 41.57453918 12.61657143 57.38920212
v 41.58501816 12.51598549 57.41019821
v 41.58297348 12.40142250 57.43741989
v 41.53248215 12.02678871 57.53892136
v 41.57156754 12.26513100 57.47269821
v 41.55436325 12.12505531 57.51115036
v 41.50798035 11.87450600 57.58030319
v 41.52112579 11.95354652 57.55863571
v 41.56387329 12.19817543 57.49082565
v 41.54342270 12.04827309 57.53300095
v 41.53068542 11.96508217 57.55710983
v 41.51790237 11.88610268 57.58036423
v 41.50363922 11.80169106 57.60563278
v 41.51134109 12.93071938 57.30808640
v 41.42847061 12.92992592 57.32017136
v 41.55873108 12.90026283 57.30479050
v 41.58795929 12.84710121 57.30918503
v 41.60447311 12.77440834 57.32151413
v 41.61239624 12.67711830 57.34269333
v 41.58638382 12.34111977 57.44541550
v 41.61237717 12.56786537 57.37028122
v 41.60528946 12.43322182 57.40781784
v 41.56985474 12.19170570 57.48832321
v 41.57904434 12.26995277 57.46555710
v 41.60977936 12.50444984 57.38755417
v 41.59226227 12.28649330 57.45170212
v 41.54883957 12.03521156 57.53538132
v 41.56013107 12.11651039 57.51072311
v 41.59962845 12.36333656 57.42844772
v 41.44175339 13.10802650 57.25394821
v 41.35331726 13.06481361 57.28062057
v 41.50167847 13.12346840 57.23380661
v 41.54768753 13.11815834 57.21952438
v 41.58422470 13.09398842 57.21152878
v 41.61669159 13.04986000 57.20914841
v 41.64128113 12.98797035 57.21635056
v 41.66016006 12.89586830 57.23838425
v 41.66980743 12.77880287 57.27354050
v 41.35403442 13.22643471 57.21641159
v 41.26654434 13.15099525 57.25461960
v 41.42029572 13.27739906 57.18290329
v 41.47765350 13.31188393 57.15226364
v 41.53043747 13.33269691 57.12406540
v 41.58536911 13.34295082 57.09568405
v 41.63591766 13.33678627 57.07511520
v 41.68736649 13.30645180 57.06589890
v 41.72924805 13.23986244 57.07554245
v 41.27125931 13.29522133 57.19413376
v 41.18806839 13.19866371 57.23997116
v 41.33890152 13.36950111 57.15177536
v 41.40127182 13.43071938 57.11008835
v 41.46250916 13.48272133 57.06779099
v 41.53010941 13.53222084 57.02054977
v 41.59799957 13.57250404 56.97404099
v 41.67619324 13.60601234 56.92344284
v 41.75378036 13.61058998 56.88395309
v 41.21057129 12.15252113 57.52854538
v 41.31672668 11.47051430 57.65024948
v 41.27335739 11.27269936 57.69150925
v 41.25074768 12.48143959 57.45286179
v 41.23944855 12.31365395 57.49283981
v 41.33808899 12.72673988 57.38560104
v 41.23865128 12.64202309 57.41221237
v 41.20038605 12.78484535 57.37388229
v 41.27598572 12.87475014 57.34550095
v 41.21408081 11.04802895 57.73893356
v 41.16677475 10.86162758 57.78086472
v 41.10750198 10.65172768 57.82816696
v 41.05698395 10.46624184 57.87241745
v 41.14066315 12.90471840 57.33994675
v 41.11089325 13.02782631 57.30210495
v 41.06779099 12.99736977 57.31235886
v 41.05153275 13.05413246 57.29435349
v 41.00414276 13.05376625 57.29484177
v 41.19305801 12.97313881 57.31785202
v 41.04742432 13.11620522 57.27360153
v 41.10351181 13.19799232 57.24283981
v 41.16493988 13.28637123 57.20469284
v 41.23356628 13.38115883 57.15714645
v 41.31484604 13.48516273 57.09592819
v 41.42409897 13.60692787 57.00883102
v 41.58592224 13.76110268 56.87607956
v 41.71010208 13.86541176 56.77189255
v 23.07926369 -48.63205719 85.17523956
v 22.99136162 -50.21121979 85.55500031
v 22.36849022 -50.12906647 85.92725372
v 22.47989273 -48.52320099 85.53156281
v 22.18019676 -51.23258209 86.26990509
v 22.91007996 -51.10321808 85.78711700
v 23.65618896 -50.98020172 85.32801056
v 23.72285080 -49.19913483 84.91584015
v 23.67556763 -50.43354034 85.20258331
v 22.62652588 -45.32132721 84.77845001
v 23.83427048 -46.77622223 84.33209991
v 23.77574539 -47.96967316 84.62390900
v 23.89844894 -45.64994049 84.04566193
v 26.66822052 -44.32297516 82.20380402
v 26.66967964 -45.15415192 82.41144562
v 26.27874565 -45.10755157 82.60980988
v 26.28691864 -44.27024078 82.39655304
v 26.32693100 -42.75409698 81.97516632
v 25.53161621 -44.14850616 82.77515411
v 25.60642433 -42.60837555 82.33460236
v 26.40658188 -41.11710358 81.46704865
v 25.71862602 -40.94754791 81.81055450
v 25.43138123 -45.90906525 83.25476837
v 24.04226494 -43.66294098 83.50092316
v 27.08150482 -46.08908844 82.41602325
v 27.06788635 -45.58948517 82.30310822
v 27.05790901 -45.11209869 82.19129181
v 27.04812241 -44.21640778 81.96967316
v 27.05138588 -44.65503693 82.08020782
v 27.04793167 -43.79434967 81.85944366
v 27.05061913 -43.38694000 81.74921417
v 24.19945908 -41.95578766 82.98511505
v 24.36072350 -40.41538239 82.48432159
v 25.80096054 -39.33145905 81.29273224
v 24.51674461 -38.92847443 81.98456573
v 27.06387138 -42.60861969 81.52765656
v 27.08635330 -41.86634064 81.30310822
v 27.11653900 -41.14505768 81.07337189
v 27.15290260 -40.42966461 80.83643341
v 27.19391823 -39.70511627 80.59021759
v 25.47089386 -49.77298737 84.09674835
v 24.55592728 -49.71262360 84.56678009
v 24.58297729 -48.39057159 84.26703644
v 25.46686554 -48.47232819 83.81458282
v 26.32346725 -48.53730011 83.38001251
v 25.47099113 -47.15592194 83.51929474
v 26.29634476 -47.23630524 83.10150909
v 26.35791206 -49.82324982 83.64655304
v 24.53156281 -50.84442902 84.82129669
v 25.41551208 -50.71244049 84.32874298
v 27.14029121 -47.64624786 82.74707794
v 27.16513062 -48.19391632 82.85852814
v 27.09808922 -46.59046173 82.52558136
v 27.11781502 -47.11063385 82.63599396
v 27.19194031 -48.75025177 82.96997833
v 26.33246040 -50.57755280 83.82532501
v 27.28028870 -50.43732452 83.30207062
v 27.22032928 -49.31183624 83.08130646
v 27.24991035 -49.87534332 83.19208527
v 23.36778641 -38.50955963 82.70484161
v 21.99357224 -41.12076569 84.40283966
v 21.79031181 -42.86994171 84.91681671
v 22.34899139 -38.09067535 83.46826935
v 22.17970276 -39.56906891 83.92737579
v 22.50337601 -36.58313751 83.00666046
v 22.65141869 -35.03079987 82.53711700
v 24.66094398 -37.40253448 81.47431183
v 24.79765320 -35.82724762 80.95160675
v 23.96716499 -32.19348907 80.69727325
v 22.80333328 -33.43967438 82.05762482
v 22.96933365 -31.81586266 81.56616974
v 24.93393135 -34.21295929 80.41706085
v 25.07684135 -32.56992340 79.87122345
v 20.57254982 -38.76422882 85.60108185
v 20.74898338 -37.30200958 85.17749786
v 20.38135719 -40.30341339 86.03986359
v 20.17348862 -42.04611969 86.51929474
v 20.91382408 -35.81208038 84.74805450
v 21.07520485 -34.27667999 84.30982208
v 21.24250603 -32.69986725 83.86432648
v 21.42510796 -31.08566856 83.41315460
v 21.62916183 -29.43863487 82.95716095
v 23.15635490 -30.16531944 81.06122589
v 21.84792709 -27.76572227 82.49420929
v 23.35822868 -28.49417686 80.54376984
v 22.07143021 -26.07431602 82.02161407
v 22.28970528 -24.37192345 81.53662872
v 23.76872826 -25.11404991 79.47699738
v 23.56550217 -26.80838585 80.01514435
v 20.97806358 -30.74689293 84.40674591
v 20.88231468 -30.45355797 85.40827179
v 20.70177650 -32.06497955 85.84229279
v 20.53727341 -33.63697052 86.27753448
v 20.29246902 -36.94647980 86.14838409
v 20.38066101 -35.16629791 86.70960236
v 20.22379684 -36.64963531 87.13422394
v 21.86183739 -24.02707481 82.61078644
v 21.30260086 -27.13165855 84.54785919
v 21.08434868 -28.80673790 84.97803497
v 21.75591660 -23.72855186 83.66620636
v 21.52910995 -25.43628502 84.11237335
v 21.97639656 -22.01508141 83.20502472
v 22.18928528 -20.29727745 82.72864532
v 22.49502563 -22.66480064 81.03717804
v 22.68864250 -20.95468712 80.52393341
v 22.67480087 -17.16388512 80.61450958
v 22.39465141 -18.57520103 82.23804474
v 22.59256554 -16.84897423 81.73389435
v 22.87405396 -19.24213219 79.99817657
v 23.05475807 -17.52765465 79.46125031
v 22.05151939 -23.50397301 84.63343048
v 22.75136566 -23.38910484 85.37445831
v 22.55882645 -25.10095787 85.80725861
v 22.36687088 -26.79974937 86.23169708
v 21.23616219 -30.23612022 86.34638214
v 22.18299294 -28.47867393 86.65161896
v 22.01469040 -30.13095665 87.07074738
v 22.84804916 -16.60761070 82.74689484
v 22.93827438 -21.66983604 84.93036652
v 23.11848831 -19.94440269 84.47480011
v 23.45969200 -16.47531700 83.53144073
v 23.29222107 -18.21286583 84.00830841
v 23.62211418 -14.73215294 83.04492950
v 23.78467560 -12.98471642 82.55048370
v 22.78410530 -15.11893272 81.21729279
v 22.97434807 -13.38617516 80.68939972
v 23.58814812 -9.64496422 80.68073273
v 23.95355988 -11.23468590 82.04993439
v 24.13495255 -9.48367882 81.54523468
v 23.16937828 -11.65210533 80.15161896
v 23.37528229 -9.91803551 79.60523224
v 24.41592789 -16.47626305 83.99237823
v 25.36808586 -20.06552696 85.06458282
v 25.60665512 -16.57825279 84.19220734
v 23.81544113 -23.40750694 85.77906036
v 25.10968590 -23.52597618 85.91687775
v 25.85833740 -13.06903648 83.30426788
v 25.02626801 -9.46079063 82.10877228
v 25.72879791 -14.82575035 83.74970245
v 25.99939346 -11.30975914 82.85718536
v 26.15608597 -9.54953575 82.40967560
v 26.33206749 -7.78992271 81.96228790
v 26.52914810 -6.03159142 81.51337433
v 24.33421707 -7.73346519 81.03736115
v 24.55345726 -5.98602867 80.52472687
v 25.90164375 -2.45117784 80.17731476
v 26.74867058 -4.27509117 81.06061554
v 26.99197769 -2.52094102 80.60169220
v 24.79396248 -4.24344444 80.00482941
v 25.05701637 -2.50787950 79.47522736
v 28.59467316 -11.68848228 82.82801056
v 28.73367882 -9.93393517 82.41425323
v 28.47475624 -13.44321251 83.24060822
v 28.36959267 -15.19736290 83.65106964
v 28.27484131 -16.95029259 84.05854034
v 28.89564323 -8.18021202 81.99945831
v 28.21985054 -2.68787217 80.77112579
v 29.08256531 -6.42755699 81.58069611
v 29.53738403 -2.92621446 80.71698761
v 29.29596901 -4.67615318 81.15442657
v 29.80769920 -1.17816758 80.26538849
v 30.10523605 0.56658345 79.79889679
v 27.25964355 -0.76990336 80.13434601
v 27.54914284 0.97680074 79.65589142
v 29.42354202 4.29686928 78.87818146
v 30.42767143 2.30645156 79.31751251
v 30.77268791 4.03985023 78.82111359
v 27.85717964 2.71752334 79.16376495
v 28.18045807 4.45086098 78.65540314
v 30.90541649 -3.21478868 80.45380402
v 31.81946564 -7.01682091 80.76227570
v 32.25929642 -3.54779649 79.92029572
v 30.10632324 -10.19617271 82.12042999
v 31.48940086 -10.49500084 81.55432892
v 32.16008759 3.71465468 78.53907013
v 32.82538605 -0.09363384 78.99744415
v 32.52698898 -1.81806016 79.46991730
v 33.50307846 3.33086562 77.98328400
v 33.15168762 1.62340713 78.50214386
v 33.87863541 5.03026772 77.43714142
v 34.28492737 6.73723793 76.84784698
v 31.13830757 5.76506996 78.30799103
v 31.52392006 7.48015785 77.77021027
v 33.83272934 10.60412025 76.16407013
v 34.73040771 8.47100258 76.19635773
v 35.22352219 10.25090981 75.46369171
v 31.92925262 9.18297768 77.19824982
v 32.35403442 10.87163734 76.58258820
v 34.72569656 2.89525771 77.10425568
v 35.79356766 2.42821670 75.95380402
v 35.47596741 0.75957662 76.49378204
v 35.18476486 -0.92249125 76.99658966
v 33.53501511 -3.92023301 79.05921173
v 34.92372131 -2.61511827 77.46631622
v 34.69660568 -4.31534386 77.90692902
v 36.41772079 9.75609779 74.51178741
v 36.51335144 5.74993324 74.74665070
v 36.13636017 4.08513832 75.37274933
v 37.41622543 9.19957924 73.34400177
v 36.93611526 7.44671059 74.07166290
v 37.96297073 11.02025795 72.56055450
v 38.57649994 12.87102699 71.72150421
v 36.35365677 13.92095375 73.74347687
v 35.76862335 12.08300209 74.63892365
v 38.92779160 16.99083900 70.88379669
v 39.25469208 14.70159340 70.82782745
v 39.99542236 16.46172523 69.88047028
v 37.57891846 17.37597084 71.85840607
v 36.96247101 15.70507240 72.80683136
v 38.25091171 8.68010902 72.00354767
v 38.96792221 8.23772621 70.55866241
v 38.48584747 6.45128822 71.28845978
v 38.07711411 4.75036049 71.97028351
v 36.68998718 1.95116591 74.61432648
v 37.72861481 3.10235000 72.60364532
v 37.42725372 1.47472548 73.18787384
v 40.87034225 16.09954262 68.65097809
v 40.17438126 12.07811928 68.96134186
v 39.53268051 10.12731361 69.78208160
v 41.65061951 15.93639565 67.20059967
v 40.88352966 14.03344154 68.09976959
v 42.50569534 18.67809486 66.46335602
v 42.90759277 19.57854652 65.92447662
v 42.54346848 19.61657143 66.56443024
v 41.71597672 17.85149574 67.63675690
v 42.09469986 17.78808022 66.97269440
v 42.27705002 17.76824379 66.62162018
v 42.68363953 18.66271400 66.11722565
v 42.01047516 16.76073647 66.78482819
v 42.37429810 17.57128334 66.35746002
v 42.73630142 18.37621498 65.91385651
v 40.79132080 18.13201332 68.87186432
v 41.61404800 19.81609535 67.76023102
v 43.10073090 19.56426430 65.54105377
v 43.10386658 20.99614906 65.71146393
v 43.09068680 19.18364906 65.44950104
v 43.06545258 22.08690834 65.63626862
v 43.00386429 23.16198158 65.44297028
v 42.32240295 21.38976479 66.67539215
v 40.98215103 11.86132240 67.20139313
v 41.74066925 13.93663979 66.27652740
v 41.29830933 13.95446205 67.23545074
v 40.56430817 11.92406654 68.12454987
v 42.03660202 15.91521645 66.40317535
v 42.43623734 15.91509438 65.52921295
v 42.86171341 15.91668129 64.54343414
v 43.32523727 15.90056801 63.41056442
v 42.55045700 13.95366859 64.41422272
v 41.74108505 11.86327553 65.44235992
v 39.61690140 7.89452553 69.05301666
v 40.95426559 9.73180580 66.45340729
v 40.24714279 7.66161537 67.40586090
v 40.58266830 5.37450600 65.02408600
v 40.87201309 7.53521156 65.57205963
v 39.98636627 3.39812636 66.06357574
v 39.19462967 3.92962050 69.03897858
v 38.90111542 0.14196186 68.98740387
v 39.18632507 -0.25586528 67.67282867
v 39.53384781 1.52471328 66.93259430
v 41.36153412 7.46380043 63.77256393
v 39.66361618 5.73198891 68.26688385
v 38.81787109 2.21801162 69.73343658
v 38.51103210 0.56072408 70.36139679
v 41.57514954 7.36498451 62.26646042
v 40.17622375 2.78148818 63.67234421
v 40.44405746 3.81115127 63.14927292
v 41.08919144 5.96044350 61.92112350
v 41.47342682 7.07988930 61.20103073
v 40.74722290 4.87084389 62.56803513
v 39.35146713 -0.64404887 66.44998932
v 39.73268890 0.81237203 64.57382965
v 39.38887405 -1.03613877 65.33219147
v 39.12025452 -2.76874375 66.00003815
v 38.76524734 -5.99658775 67.15055084
v 38.91518784 -4.41171837 66.60074615
v 38.69223404 -3.59515977 68.90012360
v 38.52460098 -5.19696617 69.42398834
v 38.66200638 -7.55487633 67.66562653
v 38.39928436 -6.78372765 69.90976715
v 38.91015625 -1.95563340 68.32187653
v 39.28292847 -1.43622422 64.33243561
v 38.97865677 -1.81000352 63.48106003
v 38.73361588 -3.47461534 64.13211823
v 38.54377747 -5.07358360 64.73752594
v 38.60738373 -7.89182091 66.67508698
v 38.40458679 -6.63010216 65.30820465
v 38.31149292 -8.16742516 65.85495758
v 40.85544586 5.43920326 61.55796432
v 40.95185089 5.61266518 61.78336716
v 40.58045959 4.34130287 62.50095749
v 40.50640488 4.17876625 62.24277878
v 40.40790176 3.99248672 61.99644089
v 39.86304474 1.47973037 63.53928757
v 39.71126938 1.16533828 62.95933151
v 40.28952789 3.79406142 61.77085495
v 40.83154678 5.75884438 60.92490768
v 40.90803909 5.87230873 61.00498581
v 40.73233414 5.23626137 61.35203171
v 40.66335297 5.12822914 61.25852585
v 40.75094986 5.64129066 60.85026169
v 40.59000778 5.01665688 61.17014694
v 40.46924591 5.24199867 60.63254929
v 40.56601334 5.37749672 60.70243454
v 40.41914749 4.76745033 60.99296188
v 40.32824707 4.63988686 60.90916061
v 40.66016006 5.51085854 60.77457809
v 40.50658417 4.89330482 61.07963181
v 40.14152527 3.57177138 61.54667282
v 41.30368805 6.81920815 60.86179733
v 41.07261658 6.48900795 60.62357712
v 39.64116287 1.77617812 62.00999069
v 39.28203583 -0.06061382 62.77494431
v 40.05204010 3.69896865 61.18381882
v 40.94065857 6.30455971 60.53013229
v 40.80125809 6.11089516 60.44730759
v 40.65704727 5.91057777 60.37028122
v 38.42518997 -2.11267686 62.81779099
v 37.62733841 -2.29620957 62.40330124
v 37.35184097 -3.85559678 63.07273483
v 37.11926270 -5.39206505 63.72385788
v 37.68279648 -8.35358238 65.28177643
v 36.92725372 -6.91577721 64.36008453
v 36.77346802 -8.43668175 64.98477936
v 39.12750626 1.49138808 61.32658005
v 39.43248749 1.73674941 61.59940720
v 39.05541229 -0.15936871 62.38267136
v 38.75046921 -0.34357280 62.08488083
v 39.85739899 4.20385170 60.40574265
v 40.00765228 4.38341713 60.50736618
v 39.80746841 3.48565078 60.87650681
v 39.65893555 3.32561660 60.75791550
v 39.69889450 4.03051186 60.30973434
v 39.50031662 3.17193007 60.64750290
v 40.15115738 4.56701088 60.61283493
v 39.94691086 3.65014052 61.00175095
v 39.14883423 2.89129043 60.45731735
v 38.77035141 1.27831435 61.10538864
v 37.94752502 -0.70624369 61.71610641
v 38.31187439 0.91344625 61.02738571
v 38.71928787 2.55974746 60.35728073
v 36.61964417 -2.32495713 62.28501511
v 35.49988937 -2.21607041 62.43717575
v 35.18502426 -3.72266221 63.14152145
v 34.91030884 -5.23602867 63.83884811
v 35.67194366 -8.41129112 64.97147369
v 34.67242432 -6.75790977 64.52829742
v 34.46804047 -8.28998375 65.20908356
v 36.25312042 0.77153951 61.03202438
v 38.21319199 3.81701064 59.65043259
v 35.85695267 -0.71607035 61.72935104
v 36.68402863 2.23955703 60.36198044
v 37.14530182 3.68065810 59.73594284
v 39.66629410 7.97600746 58.31711960
v 39.15358734 6.50029945 58.74399948
v 38.58686447 6.26152992 58.75699997
v 39.09962845 7.66857338 58.32438278
v 40.55820465 9.26445961 58.11027145
v 40.33955002 8.56859779 58.29240036
v 40.13043594 8.34972572 58.30222702
v 40.35329437 9.03203773 58.12589645
v 39.62219238 6.80089760 58.74198532
v 37.62908554 5.08208656 59.17033005
v 38.11356354 6.40831947 58.68058395
v 38.57342529 7.61821938 58.28178024
v 36.08897018 3.79430556 59.95536423
v 35.04114151 4.06963539 60.34165573
v 34.54685974 2.67016006 61.10087204
v 34.08037186 1.24199843 61.86918259
v 33.64653397 -0.21277447 62.63755417
v 33.25019836 -1.69208360 63.39689255
v 37.99526215 8.12053871 58.08610153
v 38.24707794 8.09252357 58.10111618
v 38.00910568 7.50084877 58.29270554
v 37.75258636 7.52721596 58.28727341
v 37.74811935 8.17131996 58.07603073
v 37.50016022 7.57494545 58.28770065
v 38.50503540 8.09270668 58.11765671
v 38.27111053 7.50066566 58.30082321
v 37.50168610 6.20037270 58.77299118
v 36.97826385 6.27349281 58.81772995
v 37.06092834 8.39110756 58.10343552
v 37.28919220 8.31005287 58.08225632
v 37.02992630 7.70604897 58.31577682
v 36.79547882 7.78344154 58.34855270
v 37.51784515 8.23528481 58.07401657
v 37.26442719 7.63524818 58.29642868
v 36.49065781 6.39574623 58.89658737
v 38.72987747 8.63665199 57.96989059
v 38.48413467 8.63677406 57.94791794
v 38.24477768 8.66552162 57.92631149
v 38.01042938 8.71740150 57.90800095
v 36.08076477 6.73754311 58.93095016
v 35.55675507 5.43377113 59.60612106
v 36.59862900 7.95141029 58.35856247
v 37.77972794 8.78692055 57.89628220
v 37.55130005 8.86852455 57.89414597
v 37.32378006 8.95665932 57.90482712
v 37.09579849 9.04577065 57.93131638
v 38.16469955 9.84087563 57.66337204
v 37.92670441 9.33727455 57.75962448
v 37.64428329 9.45574379 57.75443649
v 37.89628220 9.96935463 57.64927292
v 38.45657349 9.72081947 57.69224167
v 38.23310471 9.22869301 57.78239059
v 38.75656891 9.63518715 57.72874069
v 38.54747009 9.15441322 57.81547165
v 39.05766678 9.60149574 57.76462936
v 38.86214828 9.13018227 57.84977341
v 38.42424011 10.34722328 57.60026169
v 38.17411423 10.48748207 57.57877731
v 38.69610596 10.21294594 57.63285446
v 38.97492218 10.11223793 57.66984177
v 39.25523376 10.06499672 57.70432663
v 38.70241547 10.82714272 57.56925583
v 38.47507858 10.97991371 57.54191208
v 38.94776535 10.67693520 57.60343552
v 39.19651413 10.55803871 57.63846970
v 39.44606018 10.49315834 57.66923141
v 39.01733780 11.28307533 57.55845261
v 38.81803894 11.44805336 57.52622604
v 39.22917938 11.11590004 57.59336472
v 39.43771744 10.97484779 57.62577438
v 39.63921356 10.88329506 57.65177536
v 37.21526718 9.29735756 57.85184860
v 37.33296585 9.53972816 57.78330612
v 37.44933319 9.77306557 57.72465134
v 37.56480408 9.99749184 57.67515182
v 37.67981339 10.21312904 57.63383102
v 37.79479599 10.42009926 57.59989548
v 37.91019058 10.61858559 57.57236862
v 38.02642822 10.80871010 57.55051804
v 38.26317978 11.16430092 57.52012253
v 38.50853348 11.48803139 57.50162888
v 38.76597214 11.78087807 57.48814011
v 39.16771698 11.91515541 57.50223923
v 39.03897858 12.04400063 57.47263718
v 39.29773331 11.78051186 57.53147507
v 39.42675018 11.64489174 57.55967331
v 39.55248260 11.51311684 57.58610153
v 39.78344345 11.27990150 57.63041306
v 39.67245483 11.39006996 57.60996628
v 39.88090134 11.18749428 57.64628220
v 36.16199112 9.37560463 58.21049118
v 35.17198563 9.72216225 58.70615768
v 34.57004929 8.63707924 59.33939743
v 33.98695374 7.44780922 60.06748581
v 33.97542572 4.42211342 60.92850876
v 33.42813873 6.17608070 60.86161423
v 32.89903259 4.84362221 61.69309616
v 37.35186005 10.58678627 57.64487839
v 37.10372543 10.16497231 57.74509811
v 36.64368439 10.34050941 57.86869431
v 37.19735336 11.16454506 57.62376022
v 37.60364914 10.97710609 57.57059860
v 37.80298233 10.87688637 57.55753708
v 37.56481171 10.49071693 57.61826706
v 37.32905960 10.07244301 57.70463181
v 37.09259796 9.62133217 57.82291794
v 36.85619736 9.71087074 57.87723923
v 37.82305145 11.90917397 57.45438766
v 38.16040802 11.69970131 57.47251511
v 37.51206589 12.10308266 57.44230270
v 36.82133102 11.33056068 57.69639206
v 38.79015350 12.27733803 57.41239548
v 35.79346848 10.68920326 58.18760300
v 36.45975876 11.55559731 57.76737595
v 38.54788971 12.50457191 57.34165573
v 38.30450821 12.76232338 57.24845505
v 37.20224380 12.34655190 57.42020798
v 38.05232239 13.08721352 57.12076950
v 39.14736938 13.53283119 56.98417282
v 38.66445160 13.23223305 57.08500290
v 38.60905457 13.34990883 57.02921677
v 39.11288834 13.67351723 56.91154099
v 39.19074249 13.38146400 57.06083298
v 38.73126984 13.10369301 57.14481735
v 39.24496841 13.22368813 57.13816452
v 38.81107330 12.96709633 57.20658493
v 39.31545639 13.05687904 57.21574020
v 38.90988541 12.81884193 57.27018356
v 39.41075516 12.87621498 57.29246140
v 39.03680038 12.65300941 57.33530807
v 39.52674484 12.69548988 57.35892868
v 39.18376923 12.48070717 57.39408493
v 39.66686249 13.79833412 56.89310837
v 39.65650177 13.96441078 56.80283737
v 39.68315887 13.62298012 56.98618698
v 39.70779037 13.44457436 57.07761765
v 39.74549103 13.26122475 57.16630173
v 39.80426407 13.06847572 57.25120163
v 39.88507462 12.88195229 57.32230759
v 40.19589615 13.99688148 56.82090378
v 40.21209335 14.18804359 56.71256638
v 40.18215942 13.80004311 56.92948532
v 40.17374039 13.60582924 57.03232956
v 40.17455292 13.41283607 57.12815475
v 40.19201660 13.21508217 57.21702194
v 40.23362350 13.02813148 57.28971481
v 40.75560760 14.09734535 56.77726364
v 40.80530548 14.31005287 56.65043259
v 40.70447922 13.88884926 56.89878464
v 40.65664673 13.69170570 57.00852585
v 40.61528778 13.50255775 57.10581589
v 40.58543396 13.31206703 57.19340134
v 40.58052063 13.13390541 57.26389694
v 41.29508209 14.00255775 56.80265427
v 41.39942169 14.21489906 56.67155075
v 41.19456100 13.81792641 56.92136765
v 41.10466766 13.65233803 57.02439499
v 41.02513123 13.49425697 57.11204147
v 40.95233536 13.33251381 57.18967819
v 40.89640045 13.17864418 57.25205612
v 38.28502655 13.26708412 57.05057907
v 38.52507782 13.44341469 56.98215866
v 38.77113342 13.61419106 56.91587448
v 39.02185822 13.77746010 56.85221481
v 39.27590561 13.93126869 56.79148483
v 39.53194046 14.07354164 56.73405075
v 39.78862000 14.20244789 56.68040085
v 40.04460907 14.31585121 56.63077927
v 39.18211746 12.16466713 57.46220016
v 39.47741318 12.38408852 57.43613815
v 39.32870102 12.27807045 57.44987106
v 39.62693405 12.48247719 57.42142868
v 39.77595520 12.57329750 57.40616989
v 39.92314911 12.65624428 57.39072800
v 40.20681000 12.79839516 57.36112595
v 40.06720734 12.73131752 57.37559128
v 40.29855347 14.41155434 56.58585739
v 40.54911041 14.48571205 56.54673386
v 40.79524994 14.53460121 56.51523972
v 41.03728485 14.55578041 56.49607468
v 41.50072861 14.48284340 56.49961472
v 41.71144104 14.33825111 56.52048874
v 40.34067535 12.85735512 57.34775925
v 40.46765137 12.90819740 57.33555222
v 40.88322449 13.03362465 57.30167770
v 40.69647980 12.98620033 57.31541061
v 40.58662415 12.95116615 57.32474899
v 35.64205551 12.26781654 57.90580368
v 36.46725464 13.10985756 57.33866501
v 36.89459229 12.74511147 57.35050583
v 36.14340973 11.97850990 57.77805710
v 35.17189407 12.55559731 58.07181931
v 36.05869675 13.45488930 57.37839890
v 37.78358078 13.50158119 56.95579147
v 37.49026871 13.97045326 56.78690720
v 36.79761124 14.87438393 56.60776901
v 37.16430664 14.44451332 56.65671921
v 34.48522568 12.66192055 58.49216843
v 35.49893951 13.68767738 57.59244919
v 34.10887146 10.16271400 59.35374069
v 33.67723846 11.70568275 59.34244919
v 32.99575424 10.72741127 60.17875290
v 41.58442307 14.79027748 56.28959274
v 41.54334641 14.62902260 56.40079880
v 41.06526184 14.67730141 56.41935349
v 41.09356308 14.80718422 56.33646774
v 38.87862396 14.02062416 56.71928024
v 38.91453552 13.85808754 56.80418015
v 38.44868088 13.53087807 56.93864059
v 38.39308167 13.66674232 56.87376022
v 39.38157272 14.35222816 56.57120895
v 39.39614105 14.15960121 56.67765427
v 39.91402435 14.65905190 56.42576218
v 39.90512085 14.43181801 56.55680466
v 40.49134064 14.92980385 56.27976608
v 40.45599365 14.66131020 56.44108200
v 41.16095734 15.13848305 56.12327194
v 38.83615494 14.22405434 56.61252975
v 38.32645035 13.83648109 56.79294968
v 39.36510849 14.59398842 56.43632126
v 39.92576218 14.94494057 56.25870895
v 40.53411484 15.26873207 56.07310104
v 41.24036789 15.55962563 55.85244370
v 38.78923035 14.45385170 56.49143600
v 38.25260544 14.02855873 56.70225143
v 39.34677505 14.86663246 56.28245163
v 39.93775177 15.26665688 56.06766891
v 40.57827377 15.64843178 55.83730698
v 41.32045364 16.02202797 55.55184555
v 38.73371887 14.72008705 56.35111618
v 38.16619110 14.25206947 56.59843063
v 39.32343292 15.18035316 56.10325241
v 39.94735718 15.63335609 55.84554672
v 40.62084198 16.07518959 55.56582260
v 41.39627838 16.52300453 55.21804428
v 38.66180801 15.03875160 56.18326950
v 38.05734634 14.52257729 56.47642136
v 39.28872681 15.55040932 55.88827133
v 39.94856262 16.05730629 55.58126450
v 40.65423965 16.55462074 55.24917221
v 41.45652771 17.06011391 54.84432602
v 38.55798340 15.42980385 55.97848129
v 37.90739822 14.86138344 56.33201218
v 39.22941589 15.99285316 55.62417221
v 39.92870712 16.54662514 55.26021957
v 40.66339111 17.08062172 54.87618637
v 41.47870255 17.60930824 54.42708969
v 42.02497864 18.35277748 53.68429184
v 42.07566071 17.95269203 54.05825424
v 41.46117020 18.04827309 54.03359604
v 41.98925018 14.38323402 56.37089157
v 42.05508423 14.69646645 56.17179489
v 42.11419678 14.97466469 55.99032211
v 41.86069107 15.21825600 55.94478989
v 41.91889191 15.75927162 55.59646225
v 41.99739456 16.30657387 55.23623276
v 42.03865814 16.84881020 54.87759018
v 42.36460495 16.15337563 55.19710922
v 42.22130203 15.47448158 55.65725327
v 42.16895676 15.23046303 55.82052231
v 42.27147675 15.70922279 55.49917221
v 42.31930542 15.93535805 55.34591293
v 42.44677734 16.56633949 54.91207504
v 37.64666367 15.33349037 56.15793991
v 39.10304260 16.56176186 55.26229477
v 38.36546707 15.95379066 55.70827866
v 39.86210251 17.13836098 54.82247543
v 39.64624023 17.21392250 54.74959946
v 40.63849640 17.65990639 54.39254379
v 37.17507172 15.20580482 56.34470749
v 37.57044220 15.54741859 56.07664108
v 37.97887802 15.89367104 55.80611801
v 38.39552307 16.23900795 55.53561020
v 38.81553268 16.57787514 55.26766586
v 39.23405457 16.90471840 55.00478745
v 40.04724121 17.49999428 54.50448227
v 40.43246078 17.75817299 54.27193832
v 42.51592255 16.94664955 54.64480209
v 42.60632324 17.59868813 54.16915512
v 42.62374496 17.86583900 53.96352768
v 42.56983948 17.29168129 54.39669418
v 42.62276459 18.09374428 53.78011703
v 41.14159775 18.18663979 53.85140610
v 40.79834747 17.98717690 54.05367661
v 41.45891571 18.35613441 53.66677475
v 41.99917984 18.60442543 53.35866928
v 42.46377182 18.64312172 53.27450180
v 42.57051468 18.43755531 53.48134995
v 42.34947968 18.73015785 53.16439438
v 32.37447357 9.65355873 61.02952194
v 31.79878998 8.48247719 61.89518356
v 31.82768059 5.34221840 62.60306931
v 31.26701736 7.23046303 62.76920700
v 30.77747154 5.91369057 63.64500046
v 31.87116432 11.42858315 61.22135544
v 30.79537773 12.25420570 62.48948288
v 30.23455429 11.10082436 63.41575241
v 29.72699165 9.87389565 64.32669830
v 29.76883125 6.54912758 64.81095123
v 29.26454926 8.58184242 65.22074127
v 28.83908844 7.23320961 66.09653473
v 35.42809677 14.89599037 57.35911179
v 35.69530487 14.71013832 57.22111130
v 35.11129761 14.20861244 57.72239304
v 34.83176041 14.40636635 57.89365768
v 35.14359665 15.08544350 57.53544235
v 34.54010391 14.61107826 58.09916306
v 35.94724274 14.52215004 57.11991501
v 35.37972260 14.01421547 57.58463669
v 34.13212967 13.28637123 58.64377975
v 33.53723526 13.71319008 59.11509323
v 34.87519455 15.26098061 57.72520065
v 34.27050400 14.80120277 58.31071091
v 34.59018326 15.44768715 57.94742966
v 33.98987198 15.00188637 58.55033493
v 32.99480438 14.12932777 59.62412643
v 36.59616852 15.05956459 56.62662888
v 36.37974167 15.22844887 56.67863083
v 35.89081192 15.54564857 56.89139938
v 36.14554977 15.38811684 56.76615524
v 32.21894836 14.34807777 60.49106979
v 33.24867249 15.32872963 59.27671432
v 31.43129730 13.33080482 61.53605270
v 35.61275101 15.70806313 57.05668259
v 35.30858231 15.88244057 57.26426315
v 34.97552490 16.07592201 57.51633835
v 34.61080551 16.29546547 57.81528854
v 29.83360100 13.17864418 63.96928024
v 28.16107178 11.49981117 67.32492828
v 28.58652496 12.84844398 66.46952057
v 29.04906464 14.14611244 65.59354401
v 28.03130722 7.94780922 67.49375153
v 27.39459419 8.67040443 68.97721100
v 27.76599693 10.10540199 68.16056061
v 30.10552216 16.57891273 63.72471237
v 32.92103195 17.44793129 59.43540573
v 33.79290771 16.82525063 58.55143356
v 29.55455971 15.38897133 64.68967438
v 30.70362663 17.71898842 62.65897751
v 32.07897186 18.12359047 60.41862106
v 31.35054779 18.81237221 61.45273972
v 30.80200577 19.48003578 62.49509811
v 30.42940140 20.11504555 63.52726364
v 30.12600136 21.26384926 65.51010895
v 29.67141342 19.99700356 66.43161774
v 29.20939636 18.69121742 67.30832672
v 28.51175117 15.09307289 67.28269196
v 28.75434685 17.34478188 68.14896393
v 28.32066345 15.95586586 68.96213531
v 31.69245720 19.34502602 60.78489304
v 32.40586853 20.43810463 59.30454636
v 32.04491806 19.88189125 60.06968307
v 33.12408447 24.64165688 56.38474655
v 33.14495087 21.66924477 57.61497116
v 32.77323532 21.02886391 58.48710251
v 33.89315796 23.15935707 55.69692612
v 33.51894760 22.37438393 56.68571091
v 34.26551056 24.03936195 54.64620590
v 32.44564438 25.17376137 58.09910202
v 30.56479073 22.49621010 64.53476715
v 31.00351715 23.70910072 63.49485397
v 31.46394348 24.92040443 62.37943649
v 31.96783447 26.14794350 61.17734909
v 34.45640182 27.17486000 52.80215073
v 33.94520187 25.73620033 54.32717514
v 33.33410263 26.01110268 55.57174301
v 33.83514023 27.33489418 54.15401840
v 34.89826202 30.12999916 51.43752670
v 33.09703064 27.59734535 56.79246140
v 34.09605408 29.97619057 54.48653793
v 32.53443527 27.42528725 59.87949753
v 33.17293549 28.84917641 58.48392868
v 34.45047379 24.51909828 54.09737778
v 34.81958389 25.55285072 52.96279526
v 34.63499069 25.02428627 53.53524399
v 35.19113159 26.67211342 51.79787827
v 35.00478745 26.10283852 52.38271713
v 35.37914658 27.25866127 51.21120834
v 35.56936264 27.86034584 50.62545395
v 35.76231003 28.47521400 50.04348373
v 33.89000702 30.53215981 56.99070358
v 35.06762695 32.73155975 53.17251205
v 35.95851898 29.10119057 49.46816635
v 35.62643433 33.03057098 50.66427231
v 35.98818970 33.20110321 49.38753891
v 34.69232178 32.58666229 55.39974594
v 35.32138443 32.86913300 51.93697739
v 36.41207123 33.36602020 48.13998032
v 36.78658676 31.67461586 47.28982162
v 36.36284637 30.37804604 48.34865952
v 36.15852356 29.73613930 48.90224838
v 36.57202530 31.02489662 47.81026840
v 37.00706100 32.32512665 46.79018784
v 36.90349197 33.51067352 46.95467758
v 37.23397827 32.97435760 46.31423569
v 37.46787262 33.62029266 45.86477280
v 31.99670029 27.12975502 63.46751022
v 30.29150009 22.20989418 67.30301666
v 31.26634598 24.23497963 67.94327545
v 31.65077019 25.53759193 67.03165436
v 32.03582764 26.79412270 66.09018707
v 32.43445969 27.99578285 65.12564850
v 30.86962700 22.89501381 68.81845856
v 34.46289444 32.68163300 57.14536667
v 32.86118317 29.16167641 64.13138580
v 33.33684921 30.42180824 63.04783249
v 33.88391113 31.93413734 61.80210495
v 34.36455536 32.97435760 58.46641159
v 34.52480316 33.85649872 60.32133102
v 36.28733063 38.10857391 53.43246078
v 35.33203125 35.25145721 55.38711166
v 35.23116302 35.41051483 56.26462936
v 36.17036438 38.27764130 54.25808334
v 35.18891525 35.63536835 56.99760056
v 36.11749268 38.50762177 54.95101547
v 36.42938232 38.02745819 52.67104721
v 35.45553970 35.18431854 54.57662582
v 37.04552460 41.18834686 52.92733383
v 36.12965775 38.87346649 55.70821762
v 37.05684280 41.58354950 53.64736557
v 37.22093964 40.72624969 51.52560043
v 37.09954834 40.93077850 52.28316879
v 37.37041473 40.60979462 50.83181381
v 35.27672958 36.28173065 58.55704880
v 36.13590622 39.04222870 56.55900192
v 37.09330368 41.90526581 54.40127182
v 35.37055969 34.46617889 54.10811996
v 36.46423340 37.56383514 52.07778549
v 36.09148788 36.51403046 52.76571274
v 35.72643280 35.47649384 53.44277573
v 36.84318924 38.61101532 51.37990952
v 38.13990021 44.63829803 52.15810776
v 38.05111313 43.52550507 50.53396225
v 38.04758453 44.05181122 51.37472153
v 38.19874191 43.09429169 49.52303696
v 37.22685623 39.64067841 50.67300034
v 37.61375427 40.63793182 49.95803452
v 37.66196060 41.25951385 50.19863510
v 38.53871536 42.79326630 48.22927475
v 38.08733368 41.78746796 49.07729721
v 37.63584900 40.69341278 49.91707993
v 33.84951782 31.21788979 63.61271286
v 35.18782425 34.83696747 61.68113327
v 35.23148727 32.35582733 64.47354889
v 35.81631470 35.47368622 62.09556198
v 36.34381485 34.32762909 63.59312057
v 36.71811676 36.30577850 62.23905563
v 35.99878311 32.68480682 64.74381256
v 33.41331100 28.70000648 66.32743073
v 34.20108032 29.15526772 66.66617584
v 35.64582825 31.22521400 65.77170563
v 35.24776077 29.79662514 66.75711823
v 37.07957458 40.99907684 58.21390915
v 36.77843094 40.57811737 57.84403610
v 35.96310425 37.57677460 59.92856979
v 36.33328247 38.01250458 60.24955368
v 36.54906082 40.17919159 57.40214157
v 35.68480682 37.18700409 59.51896286
v 37.39025879 41.36504364 58.45042038
v 36.71899796 38.41661835 60.43229294
v 38.50152588 45.85564423 53.76601791
v 37.15748596 38.71367645 60.63084030
v 37.41109085 40.03966522 59.75065231
v 37.69210815 41.41472626 58.83579636
v 38.73559570 45.59069061 56.00449753
v 38.00413132 42.81438446 57.89841843
v 38.35076141 44.21446991 56.95060349
v 39.16223526 46.91869354 55.07210922
v 39.10506439 44.23137665 57.67387009
v 39.41573715 45.84923553 56.60410690
v 38.99254227 45.54314423 56.47898483
v 38.59644318 43.83690643 57.62314987
v 40.05735779 46.21959686 56.65287399
v 39.83424759 46.10082245 56.65031052
v 39.60285568 44.57396698 57.64970016
v 40.13527298 44.90563202 57.56931686
v 40.28914261 46.33373260 56.64280319
v 40.40383911 47.04961395 56.18339157
v 40.18989944 46.95732880 56.17570114
v 39.98498535 46.85961151 56.15555954
v 38.67658997 41.02227020 59.78934860
v 40.03795624 42.11699677 59.40568161
v 39.63678741 47.32042694 55.46426010
v 40.21533203 47.63426971 55.67892075
v 40.54158783 47.76171112 55.72842026
v 40.83507538 45.91551971 57.00364304
v 40.69108200 46.84941864 56.38102341
v 37.91756058 37.37548065 62.06473923
v 39.31032181 38.60033417 61.61869431
v 40.97810364 44.97820282 57.62101364
v 41.12135315 44.04174042 58.23960495
v 41.25204468 43.19219208 58.80454636
v 41.38280106 42.34282684 59.36979294
v 40.49436951 39.63524628 61.10209274
v 41.51304245 41.49150848 59.93223190
v 41.64219284 40.63628387 60.48875046
v 39.68735504 22.21306801 68.71262360
v 40.68646240 24.34234047 67.29294586
v 38.81304932 24.19426918 68.92734528
v 38.88115692 20.46544838 69.88871002
v 35.92502594 17.37291908 72.93756866
v 38.20072556 18.91472816 70.90821075
v 35.22018433 20.24236488 72.32971954
v 35.89785385 21.91362953 71.43714142
v 34.19178772 17.28289223 73.79474640
v 34.67345810 18.74120522 73.08985138
v 36.77236176 23.88244057 70.33472443
v 32.61807632 17.41753578 74.07923126
v 31.24608994 17.58452797 73.80353546
v 31.69296646 19.06102943 73.09632111
v 32.15840912 20.51806068 72.35425568
v 34.84167480 23.66375160 70.89716339
v 32.64712906 21.98827553 71.56104279
v 33.16383743 23.50414467 70.70050812
v 33.72109222 15.76415443 74.50568390
v 33.25456619 14.17803383 75.21985626
v 30.91409683 11.11028481 76.68512726
v 32.79721069 12.54149818 75.91846466
v 30.81388474 16.06261635 74.48914337
v 30.39568329 14.49480629 75.15442657
v 29.60187149 11.24596596 76.41663361
v 29.99163055 12.88720131 75.79749298
v 28.49169922 11.19347572 75.74213409
v 27.63718796 10.95421791 74.72730255
v 27.99589920 12.56182289 74.06104279
v 28.36790466 14.14373207 73.37738800
v 30.07915497 17.52398109 73.06732941
v 28.75570107 15.69475746 72.67578888
v 29.16178894 17.20977211 71.95551300
v 29.22641945 9.57689857 77.01062775
v 28.86478233 7.88494301 77.58063507
v 26.95012665 7.67797279 76.00965118
v 27.11005974 4.46673012 78.09430695
v 28.51633644 6.17467690 78.12830353
v 27.28933144 9.32549477 75.37677765
v 26.61742783 6.01354408 76.62604523
v 26.28909492 4.33391762 77.22614288
v 25.78086662 4.05358315 76.10956573
v 25.58481216 3.65050673 74.82318878
v 25.89958191 5.27398109 74.15180206
v 26.21564484 6.87645912 73.46173859
v 27.08330727 10.55224037 73.46161652
v 26.53539658 8.45702553 72.75385284
v 26.86124039 10.01488686 72.02906036
v 25.96423531 2.64080215 77.81018829
v 25.64700127 0.93541890 78.37903595
v 24.55233383 -2.70960069 78.49622345
v 25.34279251 -0.78113383 78.93372345
v 24.95893097 0.34502584 76.10919952
v 25.27010345 2.00707412 75.47534943
v 24.36576271 -3.02911973 77.32709503
v 24.65593529 -1.33417344 76.72602081
v 24.45215034 -3.43024278 76.06610870
v 24.78911018 -3.88721299 74.77326202
v 25.08277512 -2.23181748 74.12262726
v 25.39242744 -0.59802836 73.45240021
v 25.68137360 3.15551162 73.44721222
v 25.71286774 1.01299453 72.76136017
v 26.03889847 2.60009170 72.04822540
v 24.09226227 -4.73801231 77.91376495
v 23.83609962 -6.45795250 78.48786163
v 23.45874214 -10.26630211 78.42847443
v 23.59714890 -8.18567467 79.05109406
v 24.26191711 -7.25385094 76.02167511
v 24.51555443 -5.56253624 75.40570831
v 23.80933571 -10.66699791 77.21204376
v 24.02693367 -8.95682335 76.62317657
v 24.39183807 -11.10068321 76.00342560
v 25.35144043 -4.37943077 73.49640656
v 25.56235886 -8.19284630 73.58838654
v 25.33936310 -9.86551476 74.22138214
v 25.13851166 -11.54782677 74.84272003
v 26.07991409 -4.89639854 72.27429962
v 25.80878258 -6.53479576 72.94037628
v 23.60734367 -12.38052940 77.78986359
v 23.41713905 -14.09586143 78.35718536
v 24.95763397 -13.23544884 75.45496368
v 24.79098892 -14.92694664 76.05823517
v 23.23438835 -15.81189537 78.91425323
v 24.63195610 -16.62161827 76.65222931
v 23.68050766 -17.91885948 78.32715607
v 24.47390366 -18.31879234 77.23645782
v 25.36388397 -18.71628380 76.20160675
v 26.33393097 -19.12845421 75.21588898
v 26.47188377 -17.45221519 74.60327911
v 26.61150742 -15.78104210 73.98267365
v 25.98661232 -11.99616051 73.75543976
v 26.76033401 -14.11713219 73.35382843
v 26.92589569 -12.46271324 72.71662140
v 24.31098366 -20.01764488 77.81055450
v 24.14045715 -21.71719933 78.37506866
v 26.04285622 -22.48993492 76.41828156
v 24.70241737 -25.48572350 78.50922394
v 23.96035957 -23.41635704 78.93036652
v 26.19136047 -20.80789757 75.82068634
v 25.88834763 -24.17429161 77.00946808
v 25.72775841 -25.86063194 77.59497833
v 26.84081459 -26.24698448 76.73786163
v 28.29996872 -23.32309532 74.65485382
v 28.07335854 -26.64481163 75.91053009
v 27.38406563 -19.56906700 74.27075958
v 28.52592087 -20.01050377 73.36933136
v 25.56185532 -27.54794884 78.17511749
v 25.39476204 -29.23196983 78.74884796
v 26.28490257 -32.93970490 79.09357452
v 25.23143578 -30.90762901 79.31470490
v 27.84107208 -29.97604942 77.13178253
v 27.95773888 -28.30957603 76.52497101
v 27.60874557 -33.30960846 78.33106232
v 27.72439575 -31.64310265 77.73310089
v 29.06019020 -33.67954254 77.55500031
v 30.75982285 -30.68237877 75.55768585
v 30.68314362 -32.34229279 76.17688751
v 30.59790993 -34.00962067 76.79444122
v 29.44446373 -27.04004478 75.09088898
v 30.82774544 -29.02622032 74.93549347
v 30.88671112 -27.37012291 74.30896759
v 28.36148071 -39.24652863 79.76819611
v 27.98169708 -39.14832306 79.95771027
v 28.02669334 -38.38541412 79.68976593
v 28.40650368 -38.48371124 79.49939728
v 28.74623299 -39.35080719 79.57929230
v 28.79194832 -38.58512115 79.30902863
v 27.60718727 -39.05347443 80.14655304
v 27.65287399 -38.28873444 79.87909698
v 28.12480545 -36.80173492 79.12616730
v 28.89038086 -36.99594879 78.73981476
v 29.53768921 -38.79151154 78.95203400
v 29.63865852 -37.17902374 78.37476349
v 27.49542046 -34.97061920 78.92548370
v 27.38676834 -36.60608673 79.50751495
v 27.28539848 -38.19220734 80.06610870
v 27.55516243 -39.79315948 80.40796661
v 27.92079544 -39.88248444 80.22394562
v 28.29055977 -39.97702789 80.03961945
v 28.66420174 -40.08072662 79.85681915
v 30.50458336 -35.68546295 77.41004181
v 30.40469360 -37.36093903 78.01709747
v 30.30003548 -39.02466583 78.60730743
v 29.04146194 -40.19748688 79.67700958
v 29.42208672 -40.33118439 79.50189972
v 29.80581665 -40.48581696 79.33313751
v 30.19239807 -40.66522980 79.17237091
v 32.83180237 -38.19431305 77.13428497
v 32.73337173 -39.98993683 77.72693634
v 31.90116119 -39.74619293 78.01935577
v 32.00315475 -38.05121613 77.44599152
v 30.97465897 -41.09564972 78.87720490
v 31.77469254 -41.56098175 78.60871124
v 33.45764923 -42.27640533 78.10511017
v 32.59988785 -41.98123932 78.35529327
v 33.68524170 -37.91553497 76.72571564
v 33.59653854 -39.94522858 77.38593292
v 32.17293167 -34.25299835 76.09296417
v 33.73545456 -36.09082794 76.10272980
v 33.75886536 -34.37458038 75.49530792
v 31.03164482 -44.02176666 79.65552521
v 30.61662865 -43.52509308 79.74982452
v 30.71985054 -42.30268097 79.35749054
v 31.15420151 -42.67679596 79.22895050
v 30.88964462 -45.28440094 80.06079865
v 30.50176430 -44.66925812 80.11682892
v 30.71736336 -46.45706940 80.45246124
v 30.36708641 -45.73450470 80.46588898
v 30.49681473 -47.48291779 80.82990265
v 30.19869995 -46.66312408 80.79383087
v 31.40386581 -44.47992706 79.58209991
v 31.54258728 -43.01517487 79.12305450
v 31.23940468 -45.86609650 80.02503204
v 31.03732872 -47.16071320 80.45917511
v 30.77973366 -48.30222321 80.88220978
v 31.75747108 -44.90409088 79.51801300
v 31.90937614 -43.32279205 79.02832794
v 31.57488251 -46.41794586 79.99787140
v 31.34897995 -47.84699249 80.47498322
v 31.06147003 -49.11804962 80.94348907
v 32.10536575 -45.29157257 79.45642853
v 32.26736832 -43.59967804 78.93860626
v 31.90909958 -46.93149567 79.97113800
v 31.66514015 -48.50086212 80.49042511
v 32.45587921 -45.63535309 79.39234161
v 32.62456894 -43.84281158 78.84986115
v 32.25078583 -47.39188385 79.93781281
v 31.82718086 -48.80713654 80.49518585
v 31.99511909 -49.09891510 80.49652863
v 31.51864052 -49.23777008 80.75080109
v 32.81238937 -45.92389679 79.32202911
v 32.98387909 -44.04560089 78.75965118
v 32.60398483 -47.77936554 79.89203644
v 32.64945602 -48.86658478 80.16248322
v 32.48210144 -48.69785309 80.18408966
v 32.77077103 -47.92743683 79.86536407
v 30.16521454 -41.07041168 79.30878448
v 30.13788033 -41.47330475 79.44306183
v 30.08243561 -42.27161407 79.70545197
v 30.11031342 -41.87375641 79.57532501
v 29.96624756 -43.83441925 80.20526886
v 30.02543640 -43.05902863 79.95948029
v 29.90472031 -44.59207916 80.44159698
v 29.84260750 -45.30823517 80.66236115
v 29.78312111 -45.94690704 80.85791779
v 29.87225533 -46.89557648 81.03925323
v 29.73789024 -46.40140533 80.99677277
v 30.06574059 -47.62119293 81.10553741
v 30.17515564 -48.03461456 81.14533234
v 30.29164314 -48.47486115 81.18927765
v 30.41471863 -48.93839264 81.23725128
v 30.54389191 -49.42166901 81.28913116
v 30.67656136 -49.91260529 81.34381866
v 33.25485611 -44.95786285 78.90027618
v 33.12279892 -46.38852692 79.32617950
v 33.36547852 -43.57923126 78.49298859
v 33.04780197 -47.11600494 79.54590607
v 32.96632767 -47.84757233 79.76996613
v 32.87788773 -48.58042145 79.99848175
v 31.04764366 -49.85819244 81.14075470
v 31.17648888 -49.83985138 81.07233429
v 31.65734482 -49.77405548 80.82678986
v 32.20636749 -49.70441437 80.56684113
v 32.78153229 -49.31192780 80.23175812
v 32.73480988 -49.64350128 80.33954620
v 31.84392166 -49.74970245 80.73590851
v 29.12039757 -42.36392975 80.28730011
v 29.17160988 -41.32172394 79.94861603
v 29.66413498 -41.55985260 79.73731232
v 29.59874725 -42.64517975 80.09058380
v 28.61660385 -42.15607452 80.51770782
v 28.65851974 -41.13181305 80.18622589
v 28.10600090 -42.00858307 80.76721954
v 28.14453697 -40.98444366 80.43689728
v 27.59934425 -41.89960480 81.02344513
v 27.63987541 -40.86518097 80.69019318
v 29.08371925 -43.36951447 80.59369659
v 29.54083824 -43.67450714 80.41071320
v 28.59383583 -43.15995026 80.81855011
v 28.08795166 -43.02143097 81.06861115
v 27.57818985 -42.92612457 81.32947540
v 29.06746101 -44.38098907 80.87616730
v 29.49449921 -44.66837311 80.70221710
v 28.59495163 -44.19437408 81.09925079
v 28.09372902 -44.07624054 81.35260773
v 27.57883072 -43.99787140 81.62000275
v 29.08407593 -45.34812164 81.11585236
v 29.47580147 -45.55030060 80.93891144
v 28.62537384 -45.21118927 81.34479523
v 28.12440491 -45.12183380 81.60535431
v 27.60120201 -45.06095123 81.88105011
v 29.55516434 -46.37042999 81.09607697
v 29.28999519 -46.32456207 81.23902130
v 28.98074341 -46.27371979 81.40485382
v 28.63905334 -46.22556305 81.58795929
v 28.27314186 -46.18582916 81.78437042
v 27.88843155 -46.15244293 81.99030304
v 27.48964500 -46.12152863 82.20209503
v 35.36055374 -38.28540802 76.37329865
v 35.32696152 -40.16278839 76.96094513
v 34.45537949 -40.21872711 77.19776154
v 34.51838684 -38.33176422 76.59955597
v 36.18108368 -38.18897247 76.18427277
v 36.17831802 -40.02286530 76.75452423
v 34.34949112 -42.38510895 77.85059357
v 35.25339890 -42.32044220 77.60083771
v 36.14148331 -42.11408234 77.36896515
v 36.98677826 -39.60657501 76.52179718
v 36.98585892 -41.79776764 77.16822052
v 36.95529556 -37.67340851 75.91376495
v 35.32788849 -34.35611725 75.04096222
v 36.89860535 -35.91181183 75.32764435
v 36.82389069 -34.23535919 74.74677277
v 33.57180786 -48.81250763 79.82105255
v 33.39526749 -48.76630402 79.86609650
v 33.45471191 -48.22351837 79.69922638
v 33.62908554 -48.26822662 79.65460968
v 33.30815125 -48.73630524 79.88721466
v 33.22188187 -48.70157623 79.90735626
v 33.28320694 -48.16181183 79.74060822
v 33.34123230 -47.62226105 79.57605743
v 33.51109695 -47.68067169 79.53449249
v 33.68356323 -47.72342682 79.49005890
v 33.44785309 -46.54856110 79.25373077
v 33.78419876 -46.63782501 79.16724396
v 33.18865204 -48.98184967 79.99500275
v 33.15446472 -49.26172638 80.08319855
v 32.98272705 -49.17288971 80.11981964
v 33.05211258 -48.61725616 79.94446564
v 33.26897812 -49.45429230 80.09687042
v 33.22474289 -49.43802643 80.10742950
v 33.24187469 -49.29798126 80.06305695
v 33.28593445 -49.31412506 80.05255890
v 33.31343842 -49.46924591 80.08606720
v 33.33021927 -49.32898712 80.04181671
v 33.27545929 -49.01740265 79.97486115
v 33.36315918 -49.04795074 79.95368195
v 33.41942978 -49.35498810 80.01947784
v 33.50943756 -49.37607574 79.99610138
v 34.13104630 -46.67670441 79.07227325
v 33.95651627 -44.48435211 78.53888702
v 34.63007736 -44.50492096 78.35102081
v 34.48290253 -46.66864777 78.97144318
v 34.30691528 -48.83307648 79.60926056
v 33.93581009 -48.85385895 79.72034454
v 34.03808594 -47.76514435 79.39282990
v 34.39867020 -47.75251007 79.28754425
v 33.75268173 -48.84149933 79.77222443
v 33.69323730 -49.40451813 79.94611359
v 34.81761551 -46.62195587 78.87238312
v 35.27126694 -44.40930939 78.16907501
v 35.15254593 -46.54108429 78.77112579
v 34.83749008 -48.71436310 79.44037628
v 34.66055298 -48.76432037 79.49768829
v 34.74208832 -47.69635773 79.18286896
v 35.08566666 -47.60257721 79.07520294
v 35.01399612 -48.65525055 79.38251495
v 34.79606628 -49.25775909 79.60291290
v 34.61631012 -49.31198883 79.66236115
v 34.88576126 -49.22711945 79.57294464
v 34.97527313 -49.19422150 79.54285431
v 35.46912384 -46.43552399 78.67407990
v 35.87404251 -44.22937775 77.99835968
v 35.78291702 -46.30371857 78.57709503
v 35.67675400 -48.35294342 79.16016388
v 35.34720612 -48.51908112 79.27161407
v 35.41014481 -47.48236847 78.97162628
v 35.73152924 -47.33365631 78.86774445
v 35.18098450 -48.59101105 79.32715607
v 35.14471054 -49.12574005 79.48548126
v 35.31327820 -49.04944611 79.42786407
v 36.37461090 -45.98236847 78.39337921
v 36.43983078 -43.98569489 77.84082794
v 36.29666901 -47.95407867 78.94739532
v 33.78345871 -49.54087067 79.95661163
v 33.25918198 -49.58936310 80.13751984
v 33.29893112 -49.58548737 80.12305450
v 34.30679703 -49.49762726 79.79517365
v 36.97138596 -43.01081085 77.51007843
v 36.94842529 -44.28290558 77.86243439
v 36.91838074 -45.58692169 78.22199249
v 36.88266373 -46.89582062 78.58545685
v 34.82635880 -49.45948029 79.65290070
v 34.91825104 -49.45322418 79.62952423
v 35.83895111 -49.39929962 79.42829132
v 36.80189514 -49.36338043 79.29425812
v 36.84268188 -48.18250275 78.94959259
v 38.88434982 -35.72623444 75.22333527
v 38.97757721 -37.49533844 75.82733917
v 38.29367065 -37.67615509 75.85523224
v 38.20939636 -35.85129547 75.24103546
v 38.48225403 -40.97769928 76.89514923
v 39.68774033 -38.63785553 76.28406525
v 39.77113342 -40.19220734 76.79938507
v 39.60075760 -37.06275177 75.74744415
v 39.55360031 -36.26776886 75.47296906
v 38.18897247 -34.05912018 74.61768341
v 39.50275803 -35.46802521 75.19519806
v 39.44731140 -34.66364288 74.91492462
v 39.38632584 -33.85477448 74.63288116
v 38.48429871 -48.25919342 78.97608185
v 38.07923889 -48.86283112 79.12812042
v 38.08241653 -47.76508331 78.80640411
v 38.47386551 -47.19837189 78.66828156
v 37.67407608 -48.32193756 78.95697784
v 37.70443726 -45.91901398 78.27558136
v 38.45391464 -45.02509308 78.05158234
v 39.30016327 -45.96399689 78.41156769
v 39.23019028 -44.04071808 77.85932159
v 37.62339020 -49.35480499 79.26233673
v 38.44451141 -49.36551666 79.30231476
v 39.85788727 -41.73459625 77.29163361
v 39.95309067 -43.31366730 77.77381134
v 40.06135559 -44.98789215 78.26264191
v 38.60057068 -49.12976837 79.24335480
v 39.02378082 -48.48236847 79.09180450
v 39.42881775 -47.86743927 78.96161652
v 39.81641388 -47.30518341 78.85511017
v 40.18730164 -46.81586456 78.77484894
v 41.06719589 -41.08890533 77.38416290
v 41.21952057 -42.52674103 77.84705353
v 40.89713287 -42.71088409 77.80481720
v 40.75790787 -41.23725128 77.33551788
v 40.54441452 -42.95743561 77.79065704
v 40.41908264 -41.42707062 77.31061554
v 41.47503281 -40.91718292 77.50843048
v 41.64781952 -42.32868195 77.96692657
v 40.87753296 -46.09458160 78.69745636
v 41.48352432 -45.65256500 78.72144318
v 42.25021362 -44.33029938 78.77722931
v 42.36138916 -45.23206329 79.02088165
v 42.14397812 -43.50833893 78.54535675
v 42.04225540 -42.75107574 78.32196808
v 41.94462204 -42.04355621 78.10376740
v 40.87444687 -39.70072174 76.89063263
v 41.75991058 -40.71744537 77.66980743
v 41.29577637 -39.54154205 77.02082062
v 41.58642960 -39.40982819 77.21704865
v 42.71863174 -49.36774445 80.00299835
v 42.59542465 -49.42182159 79.94721222
v 42.56488037 -49.14664459 79.87641144
v 42.68776703 -49.09284210 79.93250275
v 42.27938843 -49.26868439 79.78327179
v 42.22014999 -48.71616364 79.64093781
v 42.50394821 -48.59415436 79.73493195
v 41.50690842 -49.09015656 79.54566193
v 41.40138626 -48.00269318 79.26282501
v 42.10328674 -47.61548615 79.35944366
v 40.23246384 -47.44754791 78.94788361
v 40.27972412 -48.09528351 79.12439728
v 40.32884979 -48.75296783 79.30371857
v 40.37961578 -49.41446686 79.48505402
v 41.87019348 -49.47565460 79.71338654
v 42.47762299 -46.22107697 79.27838898
v 42.59777832 -47.27481842 79.54688263
v 42.72041321 -48.36322784 79.82233429
v 42.63893509 -49.55115509 79.99524689
v 42.84407425 -49.45627594 80.10053253
v 42.85915756 -49.58844757 80.13446808
v 39.50311661 -49.39179230 79.40033722
v 38.60459137 -49.36908722 79.31568146
v 39.84313202 -49.40045929 79.43280792
v 43.01221466 -49.59247589 80.26154327
v 42.96071625 -49.14682770 80.14844513
v 43.01694489 -48.61695099 80.15338898
v 42.90910721 -48.69794464 80.03510284
v 42.89374924 -49.18790436 80.09394073
v 42.84247208 -48.73850250 79.97992706
v 43.10842133 -48.30228424 80.73334503
v 43.21760941 -49.18589020 80.94043732
v 43.24764633 -49.25974274 80.79102325
v 43.13986588 -48.37421417 80.57965851
v 43.24164200 -49.33969879 80.64533234
v 43.13510132 -48.45197296 80.42981720
v 43.04756546 -48.24219513 80.87702179
v 43.15826797 -49.12433624 81.08039093
v 42.80439758 -46.80673981 79.70172882
v 42.91051102 -47.70545197 79.92633820
v 42.80426788 -47.78415680 79.80536652
v 42.70020676 -46.88321686 79.57849884
v 42.87792587 -46.72772980 79.84192657
v 42.91492844 -46.65146637 79.99060822
v 42.91570282 -46.57831573 80.14740753
v 42.88008118 -46.51062775 80.30811310
v 42.69739151 -45.92188263 79.47791290
v 42.59578323 -45.99616241 79.35272980
v 42.80238342 -45.77146149 79.77179718
v 42.76816559 -45.84528351 79.62042999
v 42.76182556 -45.63523102 80.09516144
v 42.80031204 -45.70072174 79.93146515
v 42.69420242 -45.58036041 80.24811554
v 42.81512451 -46.45392609 80.45819855
v 43.13067627 -49.66056061 80.40357208
v 43.29121017 -49.75226593 80.74579620
v 43.29965210 -49.84458160 81.09027863
v 43.17816162 -49.93137360 81.41431427
v 42.90386200 -47.78141022 80.92694855
v 43.04179764 -48.85517120 81.17145538
v 42.76211548 -46.71298981 80.68000031
v 42.59663010 -45.08335114 79.26886749
v 42.69067383 -44.94129181 79.56012726
v 42.61766052 -45.67932892 80.43573761
v 42.64763260 -44.81406403 79.87647247
v 42.47160721 -44.70972443 80.19940948
v 42.56733704 -50.09976959 82.04273224
v 41.33539200 -48.67395782 82.37256622
v 41.57526016 -50.27341461 82.69080353
v 41.01076508 -46.52176666 81.93262482
v 41.75717926 -44.58167267 80.83167267
v 40.68100357 -44.51874542 81.50824738
v 40.29712296 -50.47943878 83.45966339
v 38.38375854 -48.66233063 84.14777374
v 39.48443985 -50.61722565 83.97376251
v 38.68687439 -50.76078033 84.50952911
v 39.36418915 -44.46869659 82.32312775
v 38.08298111 -46.45359039 83.75556183
v 37.79718399 -44.40668488 83.38306427
v 37.59707642 -50.96863556 85.28522491
v 36.51586914 -51.17945099 86.07209015
v 34.09089279 -47.91071320 86.95722198
v 35.43146515 -51.38919830 86.85480499
v 34.33688354 -51.59537506 87.62421417
v 35.95751190 -44.32334137 84.74414825
v 33.90166855 -44.24353790 86.24652863
v 34.95185089 -44.28092194 85.49103546
v 19.09134483 -48.24863434 89.08252716
v 18.87432289 -50.66294098 89.66699982
v 18.80490685 -50.48737335 90.13556671
v 19.01835442 -48.07398224 89.56308746
v 19.30577660 -45.91257477 88.51593781
v 19.22942924 -45.74027252 89.00586700
v 18.66775513 -52.53018951 91.11261749
v 18.85616112 -50.38208771 90.61081696
v 19.06261253 -48.01978302 90.06027985
v 18.73782921 -52.24057770 90.03174591
v 19.27509308 -45.63843536 89.49945831
v 19.48159027 -43.43323517 88.96680450
v 19.50900841 -43.74054718 88.00403595
v 19.54014969 -48.09775543 90.99686432
v 19.22771645 -48.18759918 90.58023834
v 18.99826241 -50.82962799 91.18778229
v 19.31073761 -50.73960114 91.59973907
v 19.76173973 -45.57050323 90.41159821
v 19.45067978 -45.65915680 89.99127960
v 19.93309212 -48.04187775 91.34690094
v 19.70305252 -50.68350983 91.94757843
v 20.15404129 -45.51560211 90.76346588
v 19.13232422 -52.78574371 92.06638336
v 19.95915985 -43.23126984 89.83762360
v 19.95942879 -52.96994781 92.75391388
v 20.16002274 -50.73743439 92.25217438
v 20.38299370 -48.18793488 91.67346954
v 20.82859230 -43.15103912 90.49799347
v 20.61147308 -45.57471466 91.07099152
v 21.02258110 -41.09198761 89.99097443
v 21.19265175 -39.35770416 89.54398346
v 19.88306808 -39.63724518 87.98084259
v 19.69161987 -41.37137604 88.44477081
v 20.64576721 -36.44522858 88.04218292
v 21.34358788 -37.82266998 89.13288116
v 21.48017311 -36.36136627 88.73361969
v 20.05932808 -38.10523224 87.55176544
v 21.53101921 -48.12909698 92.02146149
v 21.75646973 -45.56943512 91.42960358
v 21.16156197 -45.53409576 91.28244781
v 20.93690300 -48.09583282 91.87369537
v 21.11493874 -52.81235504 93.08170319
v 21.13963318 -52.54349518 93.02143097
v 21.06295967 -52.53858185 93.00656891
v 21.03825569 -52.80750275 93.06684113
v 20.98694992 -52.53397369 92.99069977
v 20.96223831 -52.80289459 93.05097198
v 21.19075394 -51.98056793 92.89499664
v 21.03810692 -51.97095490 92.86429596
v 20.88815880 -51.96250153 92.82941437
v 20.83699036 -52.52561188 92.95578766
v 21.29893875 -50.76950836 92.62201691
v 20.99640465 -50.75098419 92.55658722
v 20.74104881 -51.95542145 92.79019928
v 20.70509529 -50.73801422 92.47376251
v 20.59690666 -51.94977570 92.74649811
v 20.68988228 -52.51856232 92.91654205
v 20.54576111 -52.51294708 92.87284088
v 20.45586777 -51.94574738 92.69818878
v 20.40476036 -52.50891876 92.82450104
v 20.31806374 -51.94342804 92.64508820
v 20.26701164 -52.50659943 92.77140045
v 20.42607880 -50.73160553 92.37235260
v 21.59583473 -50.79132843 92.66919708
v 21.90097618 -50.81632233 92.70282745
v 22.13275146 -48.17935944 92.10160065
v 21.79326248 -52.02576447 92.97608185
v 21.48782730 -52.00171661 92.94232941
v 21.33818817 -51.99073029 92.92041779
v 21.43681908 -52.56427765 93.06882477
v 21.28711510 -52.55347443 93.04688263
v 21.21308899 -52.54837799 93.03458405
v 21.26244926 -52.82227325 93.10718536
v 21.18840790 -52.81720734 93.09491730
v 21.94060135 -43.19492340 90.86130524
v 23.20878983 -43.32743073 90.97107697
v 22.98544312 -45.73789215 91.54862213
v 22.75451851 -48.33860016 92.15402985
v 22.53193092 -50.87671661 92.73453522
v 22.33359528 -53.09946442 93.23728180
v 20.46925163 -53.03040314 92.97946930
v 20.71906471 -53.05100250 93.05640411
v 21.06025696 -53.07016754 93.13410187
v 21.16291046 -53.07685089 93.15287018
v 21.47397423 -53.08835602 93.19583893
v 22.60732269 -36.41333771 89.09912872
v 23.59821701 -39.55857086 90.00476837
v 23.41354179 -41.28153229 90.45789337
v 23.92261314 -36.57108307 89.19095612
v 23.76663589 -38.03095245 89.58979034
v 24.07002640 -35.07392120 88.79016876
v 24.21298409 -33.52436066 88.38507843
v 21.60775375 -34.86997223 88.32678986
v 21.73392677 -33.33136749 87.91150665
v 23.14709091 -30.16205406 87.45752716
v 24.35566330 -31.92993736 87.97718048
v 24.50223351 -30.29807091 87.56806183
v 21.86685181 -31.75015831 87.49152374
v 25.34142494 -36.79776764 89.07895660
v 26.84399033 -37.07450104 88.74115753
v 26.66771889 -38.52350616 89.14017487
v 26.48119736 -40.02719879 89.56107330
v 26.28435516 -41.71485138 90.02207184
v 26.07713127 -43.71582794 90.54135895
v 27.16654968 -34.01190948 87.95948029
v 25.95341301 -30.49927330 87.48474884
v 27.01013756 -35.57440948 88.34876251
v 27.31367302 -32.39914703 87.57282257
v 27.45195770 -30.74841881 87.18817902
v 27.58172989 -29.07056236 86.80481720
v 24.81108856 -26.94946861 86.74811554
v 27.70281029 -27.37146568 86.42157745
v 27.91768646 -23.92752647 85.64936066
v 27.81489754 -25.65561485 86.03687286
v 28.97758484 -31.03076744 86.63941193
v 30.54551888 -31.32007408 85.82343292
v 30.35471535 -34.62210846 86.54407501
v 28.43124008 -37.38321686 88.14203644
v 30.12204933 -37.69120026 87.28369904
v 30.68629265 -27.91907310 85.13501740
v 29.34659958 -24.18771935 85.19336700
v 30.62114334 -29.62778282 85.47583771
v 30.74502945 -26.19663048 84.79773712
v 30.80141449 -24.46314049 84.46082306
v 30.85917282 -22.72128868 84.12122345
v 28.09978867 -20.44858360 84.86212921
v 30.92064667 -20.97385216 83.77698517
v 29.65901756 -17.19687462 83.70136261
v 30.98784256 -19.22363853 83.42639923
v 31.06275940 -17.47339439 83.06787872
v 32.28600693 -24.73261070 83.42859650
v 33.70043182 -28.43466759 82.83252716
v 33.69814682 -26.71329308 82.50696564
v 33.70171738 -24.98676109 82.18476105
v 32.15494537 -31.59308434 84.75055695
v 33.70540237 -31.85074425 83.50849152
v 33.70428085 -30.14810753 83.16516876
v 33.73786545 -21.52704430 81.53827667
v 32.47475815 -17.76990318 82.10340118
v 33.71472168 -23.25757408 81.86261749
v 33.77112961 -19.79602623 81.20996857
v 33.81449890 -18.06552696 80.87574005
v 32.84160233 -10.82379723 80.65601349
v 31.24498367 -13.97995567 82.32434845
v 33.93357468 -14.60919762 80.18512726
v 34.10528946 -11.16296959 79.46698761
v 34.99634171 -18.34409142 79.49121857
v 35.98338699 -18.61911583 78.08826447
v 35.96582413 -20.32462120 78.44318390
v 35.96085739 -22.03262901 78.79541779
v 34.94595718 -25.22409630 80.84162140
v 35.97204208 -23.74478722 79.14612579
v 36.00292969 -25.46280479 79.49640656
v 36.04785538 -15.21320152 77.36798859
v 36.15474701 -11.82297325 76.63709259
v 34.34703064 -7.73077965 78.71802521
v 36.31562424 -8.45828819 75.89282990
v 35.71530533 -4.71652794 76.53968048
v 36.56318283 -5.11878014 75.10065460
v 37.40618134 -14.16293907 74.43347931
v 37.43624878 -12.49793053 74.04578400
v 37.38914108 -15.83646202 74.81659698
v 37.39672089 -19.20136070 75.56903839
v 37.38576889 -17.51654625 75.19513702
v 37.47957230 -10.84293175 73.65271759
v 37.62171555 -7.56189537 72.83527374
v 37.72971725 -5.93478966 72.40198517
v 37.53986359 -9.19775963 73.25074005
v 37.86838913 -4.31491661 71.94580841
v 36.73066330 -3.45789170 74.67322540
v 38.04202271 -2.69672227 71.45911407
v 36.93002319 -1.80426621 74.21649933
v 38.02598953 1.00756240 71.76392365
v 38.25482941 -1.07367539 70.93372345
v 37.16198349 -0.15949078 73.72364044
v 38.11666870 -6.36112022 71.13025665
v 38.30910873 -8.37442589 70.37165070
v 38.25006485 -9.97369957 70.81635284
v 38.21892166 -11.58252525 71.24842072
v 37.87288666 -12.85230064 72.83362579
v 38.21246338 -13.20197105 71.67243195
v 38.22798920 -14.83258629 72.09210968
v 38.32326126 -18.12177086 72.91968536
v 38.26493454 -16.47311974 72.50800323
v 38.40293121 -19.77680016 73.32685089
v 38.65886688 -15.44150352 70.02182770
v 38.60223389 -13.84116173 69.56681061
v 38.74110794 -17.05341148 70.47492218
v 38.84948349 -18.67429161 70.92884064
v 38.98453140 -20.30164146 71.38636017
v 38.57131577 -12.25412560 69.10715485
v 38.56876755 -10.67893028 68.63938141
v 38.59790039 -9.11328697 68.16001129
v 38.59827042 -17.40958214 69.43235016
v 38.55365372 -15.80057335 68.93387604
v 38.62421036 -15.71619225 69.18412018
v 38.68238449 -17.32727623 69.66996002
v 38.66181564 -15.62723351 69.45658112
v 38.73166275 -17.24085045 69.93076324
v 38.45676422 -17.49591637 69.19712067
v 38.42831039 -15.88873863 68.68332672
v 38.70034409 -19.81726646 70.18582916
v 38.66061783 -19.01294518 69.93253326
v 38.71535492 -18.97327232 70.04117584
v 38.75936890 -19.77802086 70.29077911
v 38.76060104 -18.93253136 70.15634918
v 38.80873108 -19.73773766 70.40229034
v 38.82374573 -18.84842491 70.40412140
v 38.42587280 -19.94046593 69.88504791
v 38.40074921 -19.13709068 69.61917877
v 38.50051880 -19.09772301 69.71353912
v 38.53039551 -19.90131187 69.97525787
v 38.58700943 -19.05624962 69.81821442
v 38.62179565 -19.86017418 70.07572174
v 38.57439041 -14.13294029 68.65354156
v 38.45583725 -14.26267052 68.26706696
v 38.24074173 -14.37528038 67.94876862
v 38.24792862 -15.95996666 68.47055817
v 38.26075745 -17.55814171 68.99808502
v 38.84618759 -20.55801964 70.61273956
v 38.63858795 -20.67645836 70.30915070
v 38.28712082 -19.16650963 69.53336334
v 38.33491898 -20.78192711 70.07865143
v 38.49004745 -11.07846642 67.44840240
v 38.54615784 -10.98511314 67.73014069
v 38.55463028 -12.54556847 68.21622467
v 38.49745941 -12.63590050 67.94272614
v 38.57392502 -10.88596153 68.03147125
v 38.58173370 -12.44977379 68.51023102
v 38.38803101 -11.17355919 67.16397858
v 38.39194870 -12.72800255 67.66892242
v 38.23443985 -12.80618858 67.43027496
v 38.23683548 -11.25064659 66.91129303
v 38.25886917 -9.70545006 66.38755035
v 37.68986893 -17.69858360 68.74607086
v 37.70212936 -16.09403038 68.18143463
v 38.00296402 -16.03641319 68.30484772
v 38.00219727 -17.64127159 68.85208893
v 37.04061890 -17.77380943 68.65622711
v 37.06809998 -16.16843224 68.06229401
v 37.40034485 -16.13532066 68.10739899
v 37.37974167 -17.74005699 68.68698883
v 37.91568756 -14.46686363 67.71079254
v 37.49400330 -14.53723717 67.54996490
v 36.44075775 -14.61728477 67.43149567
v 36.39424133 -16.20154381 68.04386139
v 36.35762787 -17.80167198 68.65860748
v 37.45605087 -20.94220543 69.85666656
v 36.33417130 -19.41458702 69.27469635
v 36.32711029 -21.03714561 69.89109039
v 37.76119232 -11.39984703 66.52433014
v 38.02539444 -11.33820152 66.69974518
v 38.01372910 -12.88480186 67.23191071
v 37.73781204 -12.94449425 67.07358551
v 37.18468475 -11.47772789 66.31021881
v 37.48867035 -11.44379234 66.40219879
v 37.45368958 -12.98721886 66.96714020
v 37.13759613 -13.02054405 66.89078522
v 36.49568939 -13.05100060 66.82187653
v 36.56457901 -11.50076866 66.21280670
v 36.65473938 -9.96362877 65.60135651
v 33.86669159 -16.15213585 68.52976227
v 33.93683624 -14.54907799 67.86826324
v 33.81629181 -17.76978111 69.19046783
v 33.78183365 -19.39984703 69.84751129
v 33.75951767 -21.04013634 70.49811554
v 34.03017426 -12.96219444 67.20774078
v 34.14871216 -11.39087486 66.54624176
v 34.29411697 -9.83386803 65.88101959
v 32.63869858 -14.40204430 68.38565826
v 31.19330597 -17.43292809 70.41156769
v 31.27501678 -15.79559898 69.73746490
v 31.37760162 -14.17032433 69.05802155
v 32.41526794 -20.93628502 71.05341339
v 31.12779427 -19.07968712 71.07947540
v 31.07380295 -20.73325157 71.74024200
v 31.50520325 -12.55927086 68.37412262
v 31.65981674 -10.96253014 67.68540192
v 31.84290314 -9.37982750 66.99137115
v 33.24469376 -8.08759117 65.65805817
v 32.05592346 -7.81076622 66.29141998
v 32.30055237 -6.25543785 65.58463287
v 32.57931137 -4.71570396 64.86856842
v 32.89494705 -3.19385362 64.14029694
v 30.93572235 -7.46164513 67.08292389
v 29.86688614 -7.03317833 67.99643707
v 29.62477112 -8.61578941 68.69565582
v 29.40854454 -10.21027184 69.38346100
v 30.18387222 -13.84622765 69.84677887
v 29.21647453 -11.81693077 70.06198883
v 29.04683685 -13.43604088 70.73352814
v 32.16831970 -1.31403184 64.14286041
v 30.43512154 -3.90881944 66.55185699
v 30.13654518 -5.46292686 67.28318024
v 31.12423134 -0.86749858 65.01761627
v 30.76391602 -2.37549424 65.79813385
v 31.94366646 2.05712295 63.37797165
v 30.11883736 -0.35584086 65.98679352
v 28.79345703 -1.30402207 67.83011627
v 29.15021706 0.20604877 67.03861237
v 28.45297432 -2.83960557 68.59403229
v 28.13285828 -4.39838219 69.33219147
v 28.82864952 -6.52564049 68.99478912
v 27.83720016 -5.97788048 70.04636383
v 29.91111565 3.13628554 65.37607574
v 26.91590118 -5.43088341 71.13172150
v 27.36491776 1.40831923 69.38370514
v 27.02389908 -0.12903424 70.14322662
v 26.69239807 -1.69263291 70.87726593
v 26.37590599 -3.28192735 71.58716583
v 28.06913376 4.39568520 67.78678131
v 26.61855507 2.01262832 70.68323517
v 26.69939041 5.69579506 70.55414581
v 27.04058266 7.19951820 69.77542877
v 26.36687660 4.16179848 71.31220245
v 27.56922913 -7.57578087 70.73859406
v 27.32873535 -9.19031334 71.41211700
v 27.95390892 -12.95783043 71.70111847
v 27.11464691 -10.81986046 72.07032013
v 28.89739799 -15.06741905 71.39990997
v 28.76392365 -16.70880699 72.06140900
v 29.76538658 -20.41348839 72.52002716
v 28.64167595 -18.35742760 72.71796417
v 31.02676582 -22.39105797 72.39307404
v 30.98257256 -24.05109215 73.03845978
v 33.73981857 -24.34369469 71.77509308
v 32.32567215 -27.57681847 73.60755157
v 30.93721962 -25.71143150 73.67682648
v 33.74600601 -22.68860435 71.14032745
v 33.73994064 -26.00397301 72.40412140
v 33.74536133 -27.66803551 73.02912140
v 35.13945389 -27.66730309 72.60803986
v 36.48179626 -27.59488487 72.34601593
v 36.41740036 -25.94571495 71.73456573
v 36.36943817 -24.30301476 71.12140656
v 36.33898544 -22.66681480 70.50678253
v 33.75442886 -29.33511925 73.65149689
v 33.76293564 -31.00696373 74.27063751
v 36.56064606 -29.25018883 72.95508575
v 36.64830780 -30.90997887 73.55976105
v 33.76602936 -32.68598175 74.88556671
v 36.73823929 -32.57236481 74.15778351
v 38.70298004 -26.47485924 72.05884552
v 38.77593994 -27.29446983 72.34619904
v 38.63422012 -25.65707970 71.77185822
v 38.57010651 -24.84100914 71.48560333
v 38.51108932 -24.02655602 71.20044708
v 38.41012955 -22.40183067 70.63501740
v 38.85251236 -28.11591148 72.63355255
v 38.93156433 -28.93851280 72.92078400
v 39.01181030 -29.76154137 73.20771027
v 39.09197998 -30.58414268 73.49414825
v 39.17079163 -31.40555382 73.78003693
v 39.24697495 -32.22498322 74.06519318
v 39.26232147 -24.90454674 72.00763702
v 39.38926697 -25.98929405 72.35266876
v 39.25007629 -26.04736900 72.23047638
v 39.13273239 -24.96362877 71.87574005
v 39.08308411 -26.10394859 72.12445831
v 38.97574997 -25.02100182 71.76050568
v 39.42582321 -24.79144859 72.29547882
v 39.56809235 -25.87866783 72.62220001
v 39.49248505 -25.93414879 72.48090363
v 39.35732269 -24.84827232 72.14514923
v 39.46657944 -24.73462486 72.45795441
v 39.61447906 -25.82324791 72.77588654
v 38.92502213 -22.78403282 71.16400909
v 39.03609085 -22.72293663 71.31452179
v 38.78754044 -22.84287071 71.03089142
v 39.17086029 -22.60486412 71.63745880
v 38.70980072 -21.75742149 70.67084503
v 38.62678528 -22.89801598 70.91809845
v 38.55847931 -21.81299400 70.55005646
v 38.93975067 -21.63577843 70.97180939
v 38.83772659 -21.69788170 70.81250763
v 39.50917053 -27.08408165 72.68366241
v 39.79324341 -26.86151695 73.25043488
v 39.71596146 -26.97253990 72.93958282
v 39.66899872 -26.03610802 73.01740265
v 39.55129242 -25.21246910 72.78376007
v 39.33566284 -23.57007408 72.31580353
v 39.14664459 -21.93344688 71.84918976
v 39.95632553 -31.50876427 74.02509308
v 39.59049225 -31.59638023 73.93164825
v 39.34988785 -29.40216637 73.19007111
v 39.68107224 -29.31369591 73.31275177
v 39.98047256 -29.20206261 73.51886749
v 39.84712982 -29.25812340 73.40802765
v 39.69723129 -28.16135216 73.06501007
v 39.82018661 -28.10422325 73.18628693
v 39.54207993 -28.21793175 72.95935822
v 40.14427567 -31.45416832 74.10114288
v 40.29905319 -31.39929771 74.19293976
v 40.28271103 -32.54380035 74.45227814
v 40.08432770 -32.59867096 74.38410187
v 40.44801331 -32.48877716 74.53614044
v 40.09636688 -29.13171959 73.68067169
v 39.92443466 -28.03250694 73.36048126
v 40.73353958 -32.92612457 74.90998077
v 40.67827225 -32.96067047 74.83576202
v 40.60186386 -32.41977692 74.66596222
v 40.65400314 -32.38538361 74.74207306
v 40.60606003 -32.99530792 74.76923370
v 40.51801682 -33.03000641 74.70996857
v 40.53284454 -32.45426178 74.59748077
v 40.44002914 -31.33045006 74.33216095
v 40.34665680 -33.64200592 74.78687286
v 39.92366791 -27.68863487 73.48279572
v 40.05858231 -28.51642418 73.71515656
v 40.19597626 -29.34366417 73.94843292
v 40.33383560 -30.16916466 74.18360138
v 40.47014236 -30.99167442 74.42151642
v 40.60289001 -31.80997276 74.66309357
v 40.67144394 -33.53522491 74.94001007
v 40.78087997 -33.48203278 75.04126740
v 40.84963226 -33.42908478 75.16107941
v 40.68535995 -32.24741364 75.10584259
v 40.70122910 -32.27930450 75.00513458
v 40.51615143 -31.18286705 74.68384552
v 40.46206665 -31.11963463 74.89643097
v 40.65552902 -32.21579742 75.21259308
v 40.74888611 -32.75949860 75.37445831
v 40.77641678 -32.79126740 75.26886749
v 40.78980637 -32.82328033 75.16950226
v 40.78806305 -32.85553741 75.07678986
v 40.70212173 -32.31137848 74.91107941
v 40.27231598 -31.01935387 75.28467560
v 40.47528839 -32.11551666 75.59418488
v 40.58022690 -32.16519928 75.39704132
v 40.38133240 -31.06915855 75.08435822
v 40.07065582 -28.93030357 74.29413605
v 39.87132263 -28.82858849 74.69605255
v 39.62732315 -28.74063683 75.08014679
v 40.02682495 -30.93411827 75.65924835
v 40.87501907 -33.37650299 75.30048370
v 40.85973740 -33.32450104 75.45789337
v 40.72340393 -33.22315216 75.81848907
v 40.14109421 -33.03794098 76.66254425
v 39.83670425 -31.41623497 76.20832062
v 39.55809784 -26.64822960 74.02039337
v 39.39177704 -28.93958092 75.55915070
v 39.53610229 -29.76953697 75.77185822
v 39.12419128 -27.27213097 75.14246368
v 39.25386810 -28.10675621 75.34949493
v 39.00457001 -26.43686485 74.93744659
v 41.01398087 -34.31293488 75.76551056
v 40.99005890 -34.27884674 75.87494659
v 41.13828278 -35.24811554 76.19269562
v 41.15799713 -35.31790924 75.98505402
v 41.02189636 -34.34745026 75.66303253
v 41.01274109 -34.38230133 75.56812286
v 40.94353485 -33.89026642 75.40814972
v 40.94974518 -33.85569000 75.50421906
v 40.93894958 -33.82144928 75.60779572
v 40.91225052 -33.78760529 75.71826935
v 41.58446503 -38.28488922 77.23822784
v 41.55973053 -38.36023712 77.04224396
v 41.42645645 -37.34696198 76.68512726
v 41.43550873 -37.27375031 76.88477325
v 40.99148941 -35.14563751 76.56067657
v 41.08115387 -35.19589996 76.37042999
v 40.92411423 -34.22721100 76.05609894
v 40.82645798 -34.17716217 76.24994659
v 41.40007401 -37.21970367 77.05518341
v 41.33077621 -37.16840363 77.23712921
v 41.56113815 -38.22953033 77.40515900
v 41.50347137 -38.17728424 77.58295441
v 41.14907455 -37.09076691 77.55762482
v 40.78104019 -35.06763458 76.89691925
v 40.96018219 -34.22730255 75.41876984
v 41.06256866 -35.01541901 75.68067169
v 41.15823746 -35.79129791 75.94464874
v 41.41940689 -38.02335358 76.72644806
v 41.24863815 -36.55271149 76.20838165
v 41.72162628 -39.28739166 77.48218536
v 40.29053879 -33.83643341 76.89710236
v 40.58322144 -35.39875031 77.37500763
v 40.43775940 -34.62415314 77.13520050
v 40.72739792 -36.15799713 77.61457062
v 41.70876312 -39.17435455 77.80219269
v 41.01377487 -37.62100983 78.08582306
v 41.30064392 -38.99481964 78.53406525
v 40.80239105 -34.57843781 75.29108429
v 40.88283157 -34.54300690 75.35272980
v 41.00019836 -35.57013702 75.70124054
v 40.81212997 -35.64365387 75.58905792
v 40.70647812 -34.61399078 75.23670197
v 40.64898300 -34.09244537 75.06140900
v 40.74193573 -34.05738068 75.11707306
v 40.81934738 -34.02240753 75.17993927
v 40.88008881 -33.98758698 75.25049591
v 40.94665146 -34.50772858 75.42206573
v 40.40942001 -35.76102448 75.46613312
v 40.32004166 -34.72583771 75.10828400
v 40.52852631 -34.66977692 75.16516876
v 40.62569809 -35.70191193 75.52033234
v 40.80003738 -37.75031281 76.23798370
v 40.56928635 -37.82126617 76.18671417
v 41.00257111 -37.68338776 76.30384064
v 40.11773682 -37.95578766 76.12787628
v 39.97896957 -35.86524200 75.40161896
v 41.09163284 -38.65439606 76.64728546
v 41.21359634 -37.60221100 76.41199493
v 41.31359482 -38.56818390 76.75452423
v 40.64395905 -38.80838776 76.53199005
v 40.88152313 -38.72776031 76.58222198
v 40.49026871 -38.89215851 79.30200958
v 38.88348389 -35.93027496 79.38898468
v 39.14548492 -37.42786407 79.77533722
v 39.42425156 -38.82334137 80.13794708
v 38.63639832 -34.35440826 78.98957062
v 39.33165741 -32.88043976 77.58460236
v 38.40238190 -32.72409821 78.58759308
v 41.59088516 -40.28409576 78.95069122
v 42.17792130 -43.02112579 79.76074982
v 41.88382721 -41.58603668 79.35205841
v 42.32490921 -43.82621002 79.97492218
v 40.03160477 -41.41400909 80.79608917
v 42.03014374 -41.14633942 78.15949249
v 41.87717819 -40.21320343 77.84693146
v 41.88992310 -40.14655304 78.02289581
v 42.05546188 -41.07727814 78.33289337
v 41.85858154 -40.08408356 78.21161652
v 42.03657532 -41.01239777 78.51825714
v 41.95884705 -41.21860504 78.00141144
v 41.81810379 -40.28311920 77.68695831
v 42.35374832 -42.86545563 79.25025177
v 42.38352966 -42.91852570 79.10065460
v 41.91790390 -40.91938019 78.83313751
v 42.29657745 -42.81641388 79.40283966
v 42.38153839 -42.98920441 78.92139435
v 42.33528519 -43.06394196 78.75293732
v 42.46142578 -43.75223541 79.66016388
v 42.22093964 -42.77570343 79.54328156
v 42.39068604 -43.70954132 79.79761505
v 42.53682327 -43.85901642 79.36365509
v 42.51292419 -43.80356598 79.51056671
v 42.47368622 -44.01035309 79.02130890
v 42.52737045 -43.93268585 79.18738556
v 42.37490082 -44.09064484 78.86890411
v 42.24370575 -43.14148712 78.59851837
v 38.22251129 -38.73667145 81.10401154
v 36.56499481 -35.63126373 81.60675812
v 36.71149063 -37.17554474 81.93665314
v 36.87975693 -38.60984039 82.24109650
v 37.40890121 -32.54077911 79.69556427
v 36.43640518 -34.00626373 81.26032257
v 36.32186127 -32.32987213 80.90631866
v 37.29072189 -41.24942780 82.78253937
v 37.07286453 -39.93210602 82.51667023
v 37.53245544 -42.69617462 83.06311798
v 35.36886215 -38.43277740 83.55280304
v 33.70060730 -38.21533966 84.91547394
v 33.69525909 -35.17719269 84.22351837
v 35.09575653 -32.09775543 82.19947052
v 33.76121902 -40.95035553 85.54633331
v 33.72223282 -39.58060455 85.23303986
v 33.82016754 -42.45966339 85.87696075
v 31.91387749 -37.96897125 86.18762970
v 29.99546814 -39.11429596 87.65717316
v 29.86668015 -40.56949615 88.04706573
v 29.73987007 -42.18625641 88.47010040
v 31.72748756 -44.18390656 87.69178009
v 29.61922264 -44.09406281 88.94327545
v 27.73939705 -43.92691803 89.89984894
v 26.33580399 -50.86023712 91.92865753
v 27.26126099 -50.87717438 91.53339386
v 27.40634727 -48.53440094 90.99887848
v 26.50647163 -48.48627472 91.38156891
v 28.26353455 -50.87427521 91.04602814
v 28.37579727 -48.56540680 90.52841949
v 29.43200302 -48.31742096 89.91257477
v 28.36359024 -52.58960724 91.33466339
v 29.31169510 -52.44809723 90.80658722
v 27.35982895 -52.72855377 91.85321808
v 26.33279610 -52.85535431 92.32636261
v 25.87153244 -45.98102570 91.09775543
v 25.66813850 -48.42594147 91.67716217
v 25.31487465 -52.96036530 92.71826935
v 25.47867775 -50.82691193 92.23288727
v 31.85768700 -52.03491974 89.26459503
v 30.57046127 -52.24906158 90.06372833
v 33.12821198 -51.81418610 88.44086456
v 36.21868134 -30.62775230 80.55219269
v 36.12895203 -28.91092491 80.19922638
v 36.05594635 -27.18680382 79.84735870
v 36.88806152 -25.71817589 78.22657013
v 37.97800827 -29.37543297 77.80298615
v 38.18106842 -31.06067467 78.19159698
v 37.65477753 -25.97488976 77.04505157
v 37.80023575 -27.67725182 77.42096710
v 37.54647827 -24.27567101 76.67420197
v 37.47143555 -22.58066368 76.30628204
v 37.42354584 -20.88937950 75.93866730
v 38.79927063 -24.76737022 74.53211212
v 38.63492966 -23.10040855 74.13043976
v 38.50500107 -21.43665123 73.72968292
v 23.84709740 -53.06272125 93.10031891
v 26.98261070 9.37340736 70.51013947
v 27.54669762 13.05315590 70.53028107
v 28.55200958 16.67516518 70.55316925
v 29.58632851 18.68499184 71.21503448
v 30.02014923 20.12218666 70.44940948
v 30.45175171 21.52446938 69.65250397
v 31.83133316 23.29180336 69.97434235
v 34.25541687 26.69329262 68.77451324
v 37.54111862 29.89403725 67.22599030
v 36.07641983 29.03612709 67.62027740
v 35.41492081 27.24559975 68.72537994
v 36.69981003 27.82610512 68.47354889
v 36.57130432 30.67821693 66.56027985
v 38.08144379 31.71819496 66.09531403
v 37.87265396 26.22185707 68.97995758
v 39.07990646 28.78820229 67.46866608
v 40.23834991 31.38360023 65.93143463
v 39.66085434 32.80083466 65.39670563
v 41.19221497 33.81035614 64.49887848
v 37.40826416 33.56835175 64.66287994
v 37.08075714 32.17504120 65.59781647
v 38.76991653 33.46324921 65.00827789
v 39.10963058 34.96245575 64.04605865
v 39.36436081 36.78484344 62.85398483
v 40.65097046 36.22985077 63.29294968
v 40.84561157 38.07323456 62.13492966
v 37.72612762 35.36638641 63.44474411
v 41.76633835 35.69628143 63.39689255
v 42.09782791 37.36455536 62.42466354
v 41.87689972 39.02330780 61.49381638
v 37.90288925 41.00402069 49.20760727
v 38.15901947 41.61138153 48.74709702
v 38.30641937 41.58708954 48.27804184
v 38.04983902 40.98925018 48.72164536
v 37.64654160 40.37303925 49.66592026
v 37.79226685 40.36736298 49.16390610
v 38.64239883 41.56450653 47.27956772
v 38.12467194 40.38469696 48.09292221
v 37.29072189 39.10491180 50.01955795
v 37.61395264 39.15782928 48.88607407
v 36.79154205 37.79674530 50.86947250
v 37.10103226 37.88024139 49.68325424
v 37.98031616 36.09685516 45.33260727
v 37.51239014 35.95378876 46.46273422
v 38.04727173 37.16204071 45.78988266
v 38.35991287 36.45391083 44.64443588
v 38.23107529 36.15599823 44.80520248
v 38.24279785 36.69499969 45.00649643
v 38.48918533 36.74956512 44.48885727
v 38.48810959 36.47850800 44.39449692
v 38.36067581 36.18163300 44.55276108
v 36.73777771 35.63066864 48.80739975
v 37.79367065 38.10887909 47.36043930
v 38.58312225 38.33861542 45.17513657
v 36.10200500 35.31743622 51.27437973
v 37.70570755 35.45781708 45.69826889
v 37.43494415 34.81279755 46.08718491
v 36.95792389 34.66130829 47.24477768
v 37.96110535 35.52007294 45.16219711
v 37.69502258 34.87627411 45.54421616
v 38.09568405 35.83910370 44.98061752
v 38.22677231 35.86571503 44.72585678
v 38.09368134 35.54735565 44.90523911
v 38.86711121 41.54631805 46.64370346
v 38.92703629 42.66851044 47.06600571
v 38.79312134 40.45287323 46.15377426
v 38.71888351 42.72185516 47.66805649
v 38.70912933 39.39879608 45.61794662
v 38.62370682 38.34832001 45.07522202
v 38.55356216 37.32463837 44.61220932
v 37.59861755 40.44548798 49.88247299
v 38.51162720 36.24822235 44.28530502
v 38.46511459 36.13811493 44.34414291
v 38.20882034 35.52117157 44.68496323
v 37.95636749 34.89501190 45.05111313
v 37.70897675 34.26097870 45.44393539
v 28.34928131 -48.17600250 82.21094513
v 27.76341629 -48.16065216 82.52863312
v 27.70152664 -47.14514923 82.32776642
v 28.26973534 -47.17462921 82.02143097
v 28.43691254 -49.18399811 82.39618683
v 27.83149719 -49.18003082 82.72473907
v 28.90437698 -48.15644073 81.89685822
v 28.80679321 -47.19318390 81.72461700
v 29.01442719 -49.13105011 82.06464386
v 29.39440536 -48.06873322 81.59845734
v 29.27762032 -47.18305206 81.45362091
v 29.53038788 -48.97751617 81.73920441
v 29.77654266 -47.85889435 81.32917023
v 29.63681221 -47.09622955 81.22510529
v 29.74353027 -48.85053253 81.58850861
v 29.94097328 -48.67441559 81.43433380
v 30.01999474 -49.65949249 81.63275909
v 29.91094780 -49.75852203 81.71723175
v 29.82514954 -49.29901886 81.65198517
v 30.03066826 -49.10315704 81.48944855
v 30.12504387 -49.54575348 81.54688263
v 29.68183327 -49.91699982 81.88239288
v 29.60434151 -49.44312286 81.81012726
v 30.06690979 -49.89130402 81.66455841
v 29.95560646 -49.99393463 81.75086212
v 30.17422676 -49.77356720 81.57672882
v 27.73190308 -50.36939240 83.04853058
v 28.18201637 -50.30078888 82.79254913
v 27.90373802 -50.20182037 82.91889191
v 29.13404083 -50.12006378 82.23297882
v 28.60961723 -50.23480988 82.54633331
v 29.03603554 -50.16834259 82.29816437
v 29.44384384 -50.10422516 82.05896759
v 29.84339523 -50.04126740 81.82404327
v 30.17901611 -49.98871613 81.62793732
v 30.24660683 -49.97821808 81.58875275
v 40.78082657 12.04223061 57.55710983
v 40.98472214 12.16875648 57.53062057
v 40.98859787 12.01427650 57.56144333
v 40.79876709 11.88225746 57.58640671
v 40.75249481 12.20067787 57.52439499
v 40.97226715 12.32604408 57.49607468
v 40.71189117 12.35430336 57.48936081
v 40.94582748 12.47948647 57.45945358
v 40.65788269 12.50042152 57.45304489
v 40.90187454 12.62273598 57.42258835
v 40.59440231 12.63945961 57.41569138
v 40.84454727 12.75463295 57.38615036
v 40.52811813 12.77416420 57.37675095
v 40.78271484 12.87719154 57.34995651
v 40.58848190 11.91448402 57.57896042
v 40.61616135 11.75390053 57.60606003
v 40.54754639 12.07152748 57.54850388
v 40.49408722 12.22423744 57.51530075
v 40.42938614 12.37206459 57.47996140
v 40.35684967 12.51586342 57.44279099
v 40.28091812 12.65722084 57.40336227
v 40.41066742 11.79125404 57.59586716
v 40.44649124 11.63433266 57.62040329
v 40.35873032 11.94378090 57.56797409
v 40.29336166 12.09295082 57.53702927
v 40.21763229 12.24016762 57.50352097
v 40.13467789 12.38585854 57.46744919
v 40.04749298 12.53075600 57.42875290
v 40.24082184 11.66655922 57.60929489
v 40.28533936 11.51854897 57.63102341
v 40.17772293 11.81096840 57.58414841
v 40.10037994 11.95446205 57.55570602
v 40.01300430 12.09905434 57.52433395
v 39.91855621 12.24480629 57.49009323
v 39.81912231 12.39129066 57.45286179
v 40.08114624 11.53930092 57.61967087
v 40.13618088 11.40685463 57.63853073
v 40.00582886 11.67186928 57.59720993
v 39.91613388 11.80797768 57.57114792
v 39.81663895 11.94866371 57.54191208
v 39.71007156 12.09307289 57.50962448
v 39.59788513 12.23961830 57.47434616
v 39.93328094 11.40673256 57.62748337
v 40.00263977 11.29668617 57.64353561
v 39.84410095 11.52495766 57.60715866
v 39.74142838 11.65264320 57.58304977
v 39.62942886 11.78850746 57.55570602
v 39.51040649 11.93035316 57.52543259
v 39.38533020 12.07573891 57.49229050
v 40.42801285 20.49389076 68.66751862
v 41.19713593 22.16320229 67.49460602
v 40.51667786 22.29650307 68.01627350
v 39.74896622 20.64299965 69.16226959
v 42.20867538 21.88366127 66.66214752
v 42.58408356 22.82610512 66.00363922
v 42.28631973 22.91716957 66.27481842
v 41.89760208 21.97435951 66.93485260
v 41.96199799 23.01262856 66.55094147
v 41.56046295 22.06994057 67.21036530
v 41.61049271 23.10540199 66.83798981
v 41.13489151 20.28478432 68.12180328
v 41.47137833 24.26659584 66.61545563
v 42.14643097 24.11388588 66.03903961
v 42.44578171 24.02318764 65.77603912
v 42.72129059 23.93071938 65.52310944
v 42.95884323 23.84752846 65.29080963
v 40.78004837 6.53496742 60.02439499
v 40.72486115 6.45806313 60.00712204
v 40.89014816 7.14446449 59.68680954
v 40.94937134 7.22661781 59.69340134
v 42.39640045 12.97539711 56.76224899
v 42.25372696 12.84490395 56.90287399
v 42.38159561 13.63952065 56.48838425
v 42.54632187 13.76714516 56.32120895
v 42.11949921 12.70525551 57.04441452
v 42.22105026 13.50060463 56.66080856
v 42.09944153 11.53112221 57.54075241
v 41.87235641 11.27355385 57.72410202
v 41.77946091 10.14818764 58.27726364
v 41.58682251 9.91326332 58.38688278
v 41.44049454 8.78478432 58.99650192
v 41.27615738 8.57311440 59.04105759
v 41.01907349 7.32146645 59.70017624
v 41.08931351 7.41515541 59.70634079
v 40.84452820 6.62389565 60.04398727
v 40.90903473 6.71190834 60.06345749
v 42.72019196 13.23601723 56.46006393
v 42.55794144 13.10961342 56.60990524
v 42.72763443 13.89715004 56.14347458
v 42.90615082 14.01879311 55.97054672
v 42.36476135 11.78966713 57.33219528
v 42.00155640 10.39122963 58.15134811
v 41.62623978 9.00774574 58.94480515
v 41.16659164 7.51641273 59.71317673
v 41.24377060 7.61583900 59.72062302
v 40.97952271 6.80718422 60.08518600
v 41.04945374 6.90087318 60.10783005
v 43.06890488 13.48754311 56.14908981
v 42.89603424 13.36590004 56.30094528
v 43.09654999 14.14306068 55.78841782
v 43.28128052 14.25853920 55.61544418
v 42.66032410 12.04589272 57.11246872
v 42.24849319 10.63817787 58.01981735
v 41.83025360 9.23809242 58.89420700
v 41.32753754 7.72210121 59.73044968
v 41.41020584 7.82537270 59.74277878
v 41.12488556 7.00121498 60.13425827
v 41.19888687 7.09905434 60.16318893
v 43.44287491 13.73510170 55.84334946
v 43.25973892 13.61614418 55.98830795
v 43.48319244 14.37969398 55.43276596
v 43.67572021 14.49059486 55.26772690
v 42.98548508 12.30504799 56.89695358
v 42.52201843 10.89318275 57.89622116
v 42.05532455 9.47942543 58.85715866
v 41.50210571 7.93871498 59.76096725
v 41.59119034 8.04729652 59.78501511
v 41.28068161 7.20659828 60.19999313
v 41.35952759 7.30993080 60.24204636
v 43.35460663 12.57903481 56.71421432
v 43.85965347 13.98955727 55.56978989
v 42.83614349 11.16808510 57.80887985
v 42.31382751 9.74370766 58.86307907
v 41.79637146 8.29381752 59.87852097
v 42.21018600 14.22893715 56.32835007
v 42.45749283 14.39281654 56.09464645
v 42.68722153 14.53862953 55.87136459
v 42.90707016 14.67290688 55.65438461
v 43.11856842 14.79735756 55.44424057
v 43.32186890 14.91246986 55.24282455
v 43.51677704 15.01848793 55.05245590
v 43.70310974 15.11565590 54.87527084
v 44.17210388 13.78875160 55.89608383
v 43.75153351 12.75744057 56.80332565
v 43.52805710 12.21886635 57.26444626
v 43.29839706 11.66796303 57.72727585
v 43.06451416 11.10686684 58.18943405
v 42.82835770 10.53783607 58.64847946
v 42.59189606 9.96306801 59.10197067
v 42.35707855 9.38475990 59.54752731
v 42.12586594 8.80504799 59.98258591
v 41.68208313 7.65044594 60.81180954
v 41.90021515 8.22619057 60.40482712
v 42.89992142 15.79296303 55.09402084
v 42.75526047 15.13537025 55.53316879
v 42.40220261 14.95360756 55.84969711
v 42.54877090 15.64037514 55.39773178
v 43.26535416 15.96135902 54.73800278
v 43.11823654 15.32854652 55.17721176
v 43.62188721 16.11760902 54.37252426
v 43.47321701 15.50841713 54.81881332
v 43.03548431 16.41747475 54.65920639
v 42.68443298 16.27507973 54.96340561
v 43.39859390 16.56463051 54.30489731
v 43.75140381 16.69713783 53.93667221
v 43.16786194 17.09722328 54.17098618
v 42.81824112 16.95971107 54.48116684
v 43.52501678 17.22625160 53.81563950
v 43.25626755 17.71526527 53.71084213
v 42.91179657 17.57976723 54.02785873
v 43.60342789 17.83336830 53.35238266
v 43.27300262 18.25567055 53.28878403
v 42.94067001 18.12053871 53.60879135
v 43.60330582 18.36962318 52.92879868
v 43.17856598 18.66863441 52.94948959
v 42.87466812 18.53502846 53.26076889
v 43.47680283 18.78368568 52.59646225
v 42.94955444 18.89220619 52.76565170
v 42.70409393 18.76543617 53.04769516
v 43.19245148 19.00860023 52.43532944
v 43.85962296 15.68920326 54.43362045
v 42.53715515 18.87249184 52.89461899
v 42.76309967 19.02202797 52.52920151
v 42.96809006 19.13482094 52.13418198
v 43.13164902 19.20617104 51.73006821
v 43.24149323 19.25029945 51.32693100
v 43.29559708 19.32714272 50.89992905
v 37.71957397 25.39165688 49.75191879
v 39.22264099 24.94988441 48.81502914
v 38.90011215 23.62700844 49.99624252
v 37.36252975 24.14739418 50.95681381
v 36.30763245 25.79741859 50.90847397
v 35.93683243 24.62963295 52.10573959
v 36.64264297 26.97326088 49.77523422
v 38.01927185 26.64922523 48.62130356
v 36.99254990 28.28515053 48.58388901
v 38.31588745 28.05071449 47.44106674
v 37.31156540 29.51311684 47.53286362
v 38.57848740 29.35625648 46.40645981
v 39.94938278 22.49419594 50.02364731
v 40.05217743 21.77324867 50.46224594
v 39.24253464 22.09026527 50.82863998
v 39.84654236 23.21496010 49.58474350
v 39.77904129 23.68969154 49.29684067
v 39.63111877 24.73803139 48.66689682
v 38.06842041 22.53588295 51.46493149
v 36.96479034 22.95208168 52.18319321
v 39.52187729 25.52099037 48.20254135
v 39.10112381 28.65697670 46.42721176
v 39.20145035 27.88457680 46.84786606
v 39.27176666 27.35454750 47.14394760
v 38.91304779 30.18126869 45.64687729
v 39.00308228 29.43615150 46.01876450
v 39.41354370 26.30694008 47.74312973
v 38.75071716 31.64397621 44.98922348
v 38.82653427 30.93590736 45.29372787
v 38.03885651 32.22728729 45.43264389
v 38.68033218 32.36431122 44.71340561
v 38.62015915 33.06468964 44.48672104
v 35.95004654 23.34087563 52.96426010
v 35.04375839 23.70305824 53.79098129
v 37.99869919 33.67729950 45.04665756
v 38.57400894 33.70781708 44.32430649
v 42.93975830 11.56841469 62.05729294
v 43.95274353 13.77294350 60.57041550
v 43.50396347 13.78801918 61.92094040
v 42.53956985 11.57097816 63.25712204
v 43.82820129 15.85412025 62.11265182
v 44.32884979 15.79131508 60.70182419
v 44.64211655 15.74956703 59.71006393
v 44.16551208 13.49321938 59.48002243
v 43.37641525 11.83983803 60.71720505
v 42.85332870 10.75487709 61.51212692
v 42.33103180 9.65343666 62.29850388
v 41.82770538 8.55114174 63.05808640
v 43.92583466 12.57933998 58.94346237
v 43.83997726 12.56011391 59.56827927
v 42.62216949 10.04638100 61.49210739
v 42.70220184 10.04912758 60.95829391
v 43.96050262 12.59087563 58.30143356
v 42.74522018 10.03887367 60.40165329
v 43.32646179 11.30596352 58.78123093
v 43.91098785 12.57128334 57.69657516
v 43.94793701 12.58678627 57.97794724
v 42.72632980 9.99444008 59.85624313
v 42.65145493 9.91680336 59.49430466
v 42.12995148 8.64281654 60.90439987
v 42.07721710 8.55700111 60.54130173
v 43.79228973 12.51116371 57.32828903
v 43.22908401 11.23687172 58.41794968
v 34.11637878 19.31658363 57.46915817
v 33.29229736 18.57952309 58.72452927
v 32.56636047 19.09746742 59.51377487
v 33.22541046 19.86284828 58.33927536
v 35.05661774 18.80248451 56.66898727
v 34.05257416 18.09276772 57.99332809
v 35.92141724 18.37352943 56.01316452
v 34.75136948 17.68377113 57.38401413
v 36.74238205 18.00530434 55.45382309
v 35.42530060 17.32177162 56.84525681
v 34.88198853 20.05675697 56.23460007
v 33.83349991 20.62475014 57.18125534
v 36.00542450 19.50969887 55.36965561
v 37.04917526 19.04308510 54.67177963
v 38.02950668 18.64287758 54.10103989
v 35.66131973 20.94329262 54.86617661
v 34.45669174 21.52404213 55.88875961
v 36.97768402 20.35900307 53.93966293
v 38.22612381 19.83342934 53.20425034
v 39.41325378 19.35448647 52.62972641
v 36.33610916 21.92315102 53.52206039
v 35.01319885 22.49559975 54.60494614
v 37.80070877 21.32238197 52.55349350
v 39.22913361 20.74340248 51.79696274
v 37.35714722 17.75060463 55.08700180
v 36.36079788 17.26555824 56.05784225
v 35.44039154 16.78008461 56.97117233
v 38.41457748 18.23400307 54.07064438
v 38.96174240 18.47490883 53.54922104
v 39.51976395 18.71636391 53.02138901
v 40.33969116 19.76049232 51.68941879
v 40.24090195 20.45830727 51.26845932
v 40.37752151 19.49486732 51.85085678
v 40.08696747 18.95720863 52.48562241
v 40.65776062 19.18639565 51.92593002
v 41.01617432 19.54296303 51.35390854
v 40.15206146 21.07232094 50.88839340
v 41.68644714 19.58379555 50.89980698
v 39.59309769 48.07970428 54.23556137
v 38.43841934 45.32866669 51.54384995
v 38.74193954 45.99138641 50.93276596
v 39.69198608 48.52574921 51.54214096
v 40.05310822 49.17107391 53.42629623
v 39.51838303 47.92693329 50.60519028
v 39.04953766 46.62554169 50.32870102
v 39.36029434 47.23027802 49.73562241
v 40.22906876 49.02922821 54.29507065
v 40.42176819 48.38530731 55.19375229
v 42.39187241 34.54412079 63.59745407
v 42.25695801 35.98210907 63.07493210
v 39.29768372 27.47881508 67.77451324
v 40.26042557 27.74187660 66.99753571
v 41.96990204 31.42028236 64.79483795
v 40.94137192 31.00170326 65.68247223
v 42.64562607 29.88366127 64.36905670
v 42.16817856 27.55535316 65.21115875
v 42.68915558 28.73705482 64.46390533
v 42.60164261 31.00329018 64.26895905
v 41.28831482 27.96325111 66.03989410
v 41.65260696 26.41869545 65.93936920
v 41.15463638 25.34252357 66.63712311
v 42.55047989 32.11870575 64.13242340
v 42.48018265 33.34227753 63.91135788
v 42.75269699 27.27703285 64.62546539
v 42.77494049 26.83367348 64.68930817
v 42.82861328 25.86821938 64.85471344
v 42.87153625 25.17046547 64.99503326
v 42.91656494 24.47985268 65.14670563
v 39.22874451 46.49810028 48.99557114
v 39.11921310 45.67333221 48.35610580
v 39.03253555 44.70092010 47.81557846
v 38.97322464 43.66472626 47.40566635
v 38.75624847 43.24150848 47.81716537
v 38.95008469 43.16667938 47.23556137
v 38.50978470 36.14507294 44.26485825
v 38.51645279 34.96379852 44.17080307
v 43.02202988 17.52935219 64.92581940
v 43.06007385 18.35064125 65.20572662
v 43.13335800 17.56078529 64.67777252
v 43.72772980 16.90667152 62.86619186
v 43.63187790 17.70989418 63.51011276
v 44.09904861 17.86187172 62.32987595
v 40.80335999 18.86925697 52.22066879
v 40.51283264 18.96953773 52.23488998
v 41.89648819 19.46245766 50.94015121
v 42.14565277 19.31768227 51.11312485
v 39.29915619 18.26561928 53.51992416
v 39.00439453 18.34710121 53.61642075
v 37.82824707 17.60607338 54.83633041
v 37.54848480 17.69500160 54.97652817
v 36.38563538 16.88433266 56.16520309
v 36.12976074 16.99456215 56.33268356
v 42.32547760 19.16692543 51.42770004
v 42.25907898 19.23211098 51.27035141
v 42.80812073 19.34911537 50.90273666
v 42.83891678 19.27764320 51.11397934
v 42.74738312 19.46911049 50.68661118
v 41.10515213 18.77312660 52.30300522
v 39.65797043 18.18700600 53.45797348
v 38.19801712 17.50530434 54.68508530
v 36.74341965 16.74028969 55.95388412
v 41.29119873 18.72429848 52.50197983
v 42.38195038 19.08849525 51.79696274
v 39.94087982 18.14043617 53.49630356
v 38.53199005 17.42601967 54.60262680
v 36.92681503 16.66924477 55.85940170
v 37.09485626 16.60405922 55.78365707
v 36.17757416 16.22100258 56.51633835
v 35.99586868 16.30864906 56.62766647
v 36.34730148 16.13878822 56.42148972
v 41.36165237 18.68297768 52.78390121
v 42.33467102 19.03551674 52.20547104
v 40.12690735 18.09893227 53.62759018
v 38.79724884 17.35381508 54.60390854
v 37.25678253 16.53881264 55.72292709
v 37.40423203 16.47435951 55.68075180
v 36.51425934 16.05578041 56.33860397
v 36.66965103 15.97448158 56.27256393
v 41.35512543 18.60668373 53.08443832
v 42.21994400 18.94249916 52.60091782
v 40.23020935 18.03148842 53.80923080
v 38.98366928 17.26799965 54.67275620
v 37.53117371 16.41185951 55.65707016
v 37.64742279 16.34527016 55.64803696
v 36.80641174 15.89751625 56.22501755
v 36.93444443 15.81829262 56.19120407
v 41.31220245 18.48162270 53.39815903
v 42.07352829 18.80095863 52.98159409
v 40.28701019 17.91704750 54.03011703
v 39.12109375 17.14403725 54.79439926
v 37.75233078 16.27367592 55.65273666
v 37.84889603 16.19378090 55.67000961
v 37.05257416 15.73644447 56.17069626
v 37.16370773 15.64898109 56.16221237
v 37.28876114 15.53429604 56.16703415
v 37.95508957 16.08391762 55.70620346
v 41.91551971 19.59179115 50.78615952
v 42.60333252 19.59972572 50.55746078
v 35.14437103 16.45067787 57.30143356
v 44.61373901 18.04723549 60.90439987
v 43.04920959 17.79149818 63.08622360
v 43.07638931 18.05364418 61.24662399
v 42.69290543 18.05632973 61.32456589
v 42.85746765 17.79284096 63.12522507
v 43.03562164 17.66039467 64.00601959
v 43.22736359 17.65911293 63.96702194
v 43.13075256 18.57799721 57.56742477
v 42.36378098 18.58330727 57.72330856
v 43.84336472 18.04833412 61.09067917
v 42.03465652 19.11028481 54.12203598
v 42.41814041 19.10766029 54.04409409
v 41.65116882 19.11297035 54.20003891
v 42.80162811 19.10497475 53.96615219
v 43.89772415 18.57268715 57.41147995
v 43.18511200 19.10235023 53.88814926
v 41.29486465 19.37780190 52.43838120
v 40.91137695 19.38042641 52.51632309
v 41.26768112 19.11559486 54.27798080
v 41.88368225 19.50487709 51.40163803
v 41.69194031 19.50621986 51.44057846
v 41.87009048 19.37383461 52.32143784
v 42.06183624 19.37249184 52.28243637
v 41.50019455 19.50756264 51.47957993
v 41.67834854 19.37511635 52.36037827
v 42.82880783 19.36718178 52.12649155
v 42.44532013 19.36980629 52.20449448
v 42.25357819 19.37114906 52.24343491
v 42.26716995 19.50225258 51.32363510
v 42.07542419 19.50353432 51.36263657
v 43.21229172 19.36449623 52.04854965
v 43.56859970 19.09966469 53.81020737
v 42.06197357 18.24291420 60.17911911
v 40.98801041 19.04113197 54.86922836
v 41.52539444 18.64171791 57.52616501
v 40.45054245 19.44060707 52.21187973
v 42.89704132 19.48913002 64.43094635
v 42.88524246 18.87438393 64.33957672
v 42.62702942 19.07372475 63.01273727
v 42.66402817 20.30327797 63.19547653
v 42.90873718 20.10393715 64.52231598
v 43.03025818 20.00432777 65.18582916
v 43.02226639 19.38952065 65.09445953
v 43.01400375 18.77477455 65.00302887
v 42.70766830 22.69079018 63.55064011
v 42.93124771 22.49132729 64.87735748
v 42.92626572 21.29766273 64.69980621
v 42.69400024 21.49706459 63.37302780
v 42.70771027 23.96721840 63.74052048
v 42.17049789 20.70183754 60.54447556
v 42.25342560 23.08941078 60.89963913
v 42.26142502 25.64220619 61.27933884
v 42.70070648 25.24358559 63.93033981
v 42.69385910 26.47496986 64.11350250
v 42.24333954 28.10503578 61.64567184
v 42.68890381 27.70635414 64.29660797
v 41.74765015 22.29436684 58.06907272
v 41.79325867 23.48809242 58.24662399
v 41.67480469 21.10064125 57.89152145
v 41.81375122 24.76452065 58.43644333
v 41.81375885 26.04088783 58.62632370
v 41.78559494 28.50365639 58.99271774
v 41.75813293 30.88732338 59.34714890
v 42.22845459 30.48864174 62.00010300
v 41.74866867 33.43993378 59.72660446
v 42.22211456 33.04125214 62.37955856
v 41.74966049 35.91014862 60.09385300
v 41.56070709 23.68779945 56.91825485
v 41.50971222 22.49407387 56.74070358
v 41.42793274 21.30034828 56.56315231
v 41.26518250 22.69390297 55.41238022
v 41.17654419 21.50017738 55.23488998
v 41.58206558 26.24059486 57.29789352
v 41.58319473 24.96416664 57.10801315
v 41.26246262 31.28698158 56.69041061
v 41.29574585 28.90331459 56.33591843
v 41.26460266 33.83959198 57.06980515
v 41.28843689 36.30974579 57.43699265
v 41.29273987 38.68614960 57.79032516
v 41.73492050 38.28649139 60.44718552
v 40.59706116 21.89977455 52.57760239
v 40.90361786 21.70000648 53.90627670
v 40.79983902 20.47045326 53.72347641
v 40.50574112 20.67022133 52.39480209
v 41.07317734 20.27062416 55.05202866
v 40.99454117 22.89367104 54.08376694
v 40.68427277 23.09337807 52.75503159
v 40.73793411 29.30272865 53.67843246
v 41.02710724 29.10314369 55.00722885
v 41.05122757 27.87163734 54.82400131
v 40.75700760 28.07122231 53.49520493
v 41.31972885 27.67186928 56.15269089
v 40.71824646 31.68645668 54.03292465
v 40.74589539 34.23894501 54.41231918
v 40.80509949 36.70909882 54.77950668
v 40.83835983 39.08550262 55.13283920
v 40.81918335 41.63811493 55.51235580
v 41.25474167 41.23876190 58.16984177
v 40.35245132 20.76970863 51.73275375
v 40.47125244 20.05541420 52.30331039
v 40.32629776 20.15490150 51.64132309
v 40.05202103 24.68499184 50.28451157
v 40.40349960 24.48589516 51.60842514
v 40.34566116 23.29235268 51.43099594
v 39.99313736 23.49138832 50.10708237
v 40.74122238 24.28698158 52.93246078
v 40.26552963 22.09874916 51.25356674
v 40.76855850 25.56334877 53.12221909
v 40.11374283 27.23754311 50.66396713
v 40.77041626 26.83971596 53.31203842
v 40.12196350 29.70055580 51.03036118
v 40.13644409 32.08428192 51.38491440
v 40.19751358 34.63683319 51.76430893
v 40.29545593 37.10698700 52.13155746
v 40.30821991 44.51079559 53.23226547
v 40.76070023 44.11290741 55.88027573
v 40.35890961 42.03606415 52.86440659
v 40.22968292 46.97295380 53.59835434
v 40.18634033 48.20415497 53.78152084
v 40.42805099 48.00518036 55.10555649
v 40.46611404 46.77391815 54.92232895
v 39.50051117 28.86254311 48.23147202
v 39.52292252 30.09398842 48.41463852
v 39.47469711 27.63109779 48.04830551
v 39.57188416 32.47765350 48.76906967
v 39.65533066 35.03008270 49.14840317
v 40.03667450 37.30370331 50.82369614
v 39.76933289 37.50029755 49.51571274
v 40.08227921 38.49193573 51.00039291
v 40.33559418 38.29521942 52.30819321
v 39.81450653 38.68852997 49.69240952
v 40.11241913 42.23278046 51.55654526
v 39.83779526 42.42943573 50.24862289
v 39.77445984 44.90422821 50.61654282
v 39.24377441 30.28698158 47.13039780
v 39.21474075 29.05559731 46.94729233
v 38.95613861 30.47997475 45.84615707
v 38.98413086 31.67174721 46.02328110
v 39.00907516 32.86345673 46.20034409
v 39.03546143 34.13957977 46.38998032
v 39.06586456 35.41582489 46.57961655
v 39.10098648 36.65087128 46.76327133
v 39.13424301 37.88603973 46.94698715
v 39.48001099 37.69310760 48.23128891
v 39.15901566 40.26256561 47.30050278
v 39.53573990 40.06957245 48.58474350
v 39.51723099 38.88134003 48.40804672
v 39.15534973 39.07433319 47.12374496
v 39.12302399 42.81542206 47.68020248
v 39.51900864 42.62236786 48.96432114
v 39.53573227 41.34600067 48.77456284
v 39.14648056 41.53899384 47.49032211
v 38.58208466 35.71007538 44.62459946
v 38.72720718 35.61186981 45.27614975
v 38.72054291 34.97368622 45.18130112
v 38.57813644 35.07189178 44.52975082
v 38.71517181 34.33562469 45.08645248
v 38.57614136 34.43376923 44.43490219
v 38.70475388 33.05944061 44.89687729
v 38.60408020 37.56279755 44.90023422
v 38.75289154 37.46453094 45.55172348
v 38.74436951 36.84697723 45.45980453
v 38.59634399 36.94518280 44.80831528
v 38.75970459 38.08214569 45.64358139
v 38.73538971 36.22936249 45.36794662
v 38.59233475 36.63640594 44.76235580
v 38.58849335 36.32762909 44.71645737
v 38.58501434 36.01885223 44.67055893
v 38.52662277 36.22240448 44.36782455
v 38.52858734 36.37676239 44.39077377
v 38.52480698 36.06798553 44.34481430
v 38.52175522 35.75920868 44.29891586
v 41.34071732 23.82372475 55.70467758
v 41.23102570 23.70952797 55.14120102
v 41.11661530 23.82372475 54.57870102
v 41.48239136 24.63555336 56.50425339
v 41.42898178 24.14892006 56.18333054
v 41.49281311 25.20952797 56.61863327
v 41.01490402 24.14892006 54.10280991
v 40.94137192 24.63555336 53.78591537
v 40.90721893 25.20952797 53.67629623
v 40.91764069 25.78356361 53.79067612
v 41.45866013 25.78356361 56.50901413
v 41.38512802 26.27019691 56.19211960
v 41.28341675 26.59539223 55.71615219
v 41.16900635 26.70952797 55.15365219
v 40.97105026 26.27019691 54.11159897
v 41.05931473 26.59539223 54.59017563
v 40.32707596 39.75011444 52.33199692
v 40.27366638 39.26348114 52.01101303
v 40.18540192 38.93834686 51.53243637
v 40.33749771 40.32415009 52.44631577
v 40.30334473 40.89818573 52.33669662
v 40.22981262 41.38481903 52.01980209
v 39.96129990 38.93834686 50.40645981
v 40.07571030 38.82415009 50.96895981
v 39.85959244 39.26348114 49.93050766
v 39.90399933 41.70995331 50.41793442
v 40.01369095 41.82415009 50.98141098
v 40.12810516 41.70995331 51.54391098
v 39.78606033 39.75011444 49.61361313
v 39.75190735 40.32415009 49.50405502
v 39.76232529 40.89818573 49.61837387
v 39.81573868 41.38481903 49.93929672
v 21.39465714 -53.06223297 92.97156525
v 21.90065193 -53.04999542 92.78363800
v 21.47093964 -53.07611847 93.07614899
v 21.74800682 -53.01779938 92.57444000
v 21.31837273 -53.04697418 92.86695099
v 21.10344315 -53.05896759 93.01319122
v 21.01432610 -52.97412872 92.45017242
v 21.13899612 -52.84857941 91.74066925
v 21.44375610 -52.94001007 92.15760040
v 20.28034782 -52.91715240 92.32587433
v 20.58462715 -53.00147247 92.74268341
v 21.59592438 -52.98096466 92.36603546
v 21.16638756 -53.01279449 92.65857697
v 20.73656082 -53.03772736 92.95105743
v 23.46580315 -52.84027863 91.40253448
v 23.77148247 -52.92230988 91.82108307
v 22.91281128 -53.01126862 92.40708160
v 22.60730934 -52.94025421 91.98859406
v 22.05328941 -53.07663727 92.99283600
v 24.07704163 -52.98566437 92.23957062
v 23.21826363 -53.06043243 92.82550812
v 22.85577393 -52.64255524 90.56851959
v 23.16103745 -52.74536896 90.98557281
v 22.30274582 -52.85334015 91.57169342
v 21.99766731 -52.75571442 91.15467072
v 22.25455666 -52.42368317 89.74897003
v 20.53847504 -52.63919830 90.92118073
v 21.66005516 -52.16385651 88.93909454
v 19.94436836 -52.38562775 90.11130524
v 21.07605171 -51.84867096 88.14173126
v 19.36027336 -52.08423615 89.31388092
v 25.78853226 -52.77625275 91.07053375
v 25.17672348 -52.58878326 90.23334503
v 24.56642532 -52.37213898 89.39926910
v 23.96534157 -52.14820099 88.57981110
v 23.37110901 -51.88431549 87.77008820
v 22.78738785 -51.55866241 86.97284698
v 24.49571037 -51.23712921 85.80689240
v 25.07927132 -51.57276154 86.60413361
v 26.20322800 -50.89926910 84.64221954
v 26.78686905 -51.24491119 85.43952179
v 30.90783119 -51.88672638 87.57477570
v 31.52556229 -52.09363556 88.41815948
v 29.81923294 -52.38642120 89.58289337
v 29.20162773 -52.20465851 88.73950958
v 30.29495239 -51.65137482 86.73731232
v 28.58897591 -51.97379303 87.90216827
v 29.68506050 -51.42853546 85.90332794
v 27.97893143 -51.74863434 87.06806183
v 29.08643341 -51.19693756 85.08435822
v 27.37946320 -51.52063751 86.24897003
v 28.49459648 -50.91196442 84.27497101
v 28.20278358 -50.74048615 83.87628937
v 27.05698967 -50.72788239 84.05988312
v 27.91061401 -50.55692291 83.47748566
v 32.92427444 -51.69654083 86.83081818
v 32.61553955 -51.57492828 86.40906525
v 33.23307037 -51.78290558 87.25251007
v 32.30903625 -51.45633698 85.99036407
v 32.00257492 -51.34302521 85.57166290
v 31.69749260 -51.23224640 85.15460968
v 31.39267731 -51.12030792 84.73767853
v 31.09353256 -51.00559235 84.32819366
v 30.79448509 -50.88089752 83.91876984
v 29.34890366 -50.74701691 83.69226837
v 30.20294380 -50.58411407 83.10944366
v 29.76476479 -50.31443024 82.51129913
v 28.76464272 -50.38770294 82.89466095
v 29.61833763 -50.22086334 82.31177521
v 29.05704689 -50.57285309 83.29352570
v 29.91099167 -50.40726471 82.71070099
v 34.08551025 -51.62308502 86.67047882
v 32.49967194 -50.56375885 82.75470734
v 32.79872513 -50.69532013 83.16413116
v 31.94616508 -50.85211945 83.74616241
v 31.64714241 -50.72422028 83.33673859
v 32.24529648 -50.96936798 84.15558624
v 31.05555153 -50.42060089 82.52741241
v 32.20401382 -50.41819000 82.35010529
v 31.90794373 -50.25263214 81.94532013
v 30.89659309 -49.96823883 81.43860626
v 30.61713409 -50.14731598 81.92920685
v 30.47056389 -50.05344391 81.72968292
v 31.61571503 -50.07013702 81.54651642
v 30.76346970 -50.24100494 82.12866974
v 31.32257843 -49.88138580 81.14752960
v 30.25753021 -50.09558868 81.87519073
v 30.19098091 -50.23120880 82.22022247
v 30.04448318 -50.13748932 82.02075958
v 30.33726311 -50.32447052 82.41968536
v 30.18290901 -50.04828644 81.77375031
v 29.96988106 -50.09018707 81.91925812
v 30.39592171 -50.00620270 81.62818146
v 34.20102692 -50.21778107 81.59278107
v 34.50023270 -50.35764313 82.00226593
v 33.64952469 -50.53180695 82.58319855
v 33.35041046 -50.39624786 82.17377472
v 34.79948807 -50.48548126 82.41168976
v 33.18369293 -49.98520660 81.07386017
v 33.05466461 -50.24655914 81.76917267
v 32.75848007 -50.07706451 81.36438751
v 33.90517426 -50.06375885 81.18811798
v 33.60887527 -49.88999176 80.78333282
v 32.81800842 -49.74961090 80.57520294
v 32.31958008 -49.79575348 80.76599884
v 32.74469376 -49.70154572 80.47541046
v 32.46611023 -49.89133453 80.96552277
v 32.89125824 -49.79770660 80.67493439
v 32.95724106 -49.65314484 80.33014679
v 33.03056717 -49.70136261 80.42993927
v 33.10382462 -49.74964142 80.52967072
v 33.24312210 -49.65219879 80.28467560
v 33.31638718 -49.70066071 80.38440704
v 32.61239624 -49.98581696 81.16492462
v 33.03757858 -49.89298248 80.87445831
v 33.46273422 -49.79679108 80.58386993
v 36.33003235 -51.04898834 84.50464630
v 38.33349609 -50.75540924 83.76734161
v 36.63842392 -51.11844635 84.92646027
v 37.71747971 -50.58133698 82.92377472
v 36.02191925 -50.94440460 84.08295441
v 35.71579742 -50.83496857 83.66425323
v 37.10587692 -50.35416412 82.08655548
v 35.40948105 -50.72303009 83.24555206
v 35.10438919 -50.60727692 82.82855988
v 36.49624634 -50.10086823 81.25275421
v 35.04931259 -50.02533722 81.01331329
v 36.19690323 -49.96421051 80.84326935
v 35.89749908 -49.81528473 80.43378448
v 35.09294891 -49.52542877 79.76898956
v 35.02923584 -49.67404938 80.11640167
v 34.88094711 -49.58097076 79.91394806
v 35.45324326 -49.56314850 79.82660675
v 35.30494690 -49.46881866 79.62409210
v 34.60521317 -49.78031158 80.40619659
v 34.45694351 -49.68845367 80.20374298
v 35.17739105 -49.76169586 80.31879425
v 34.75334549 -49.86676788 80.60858917
v 35.60142136 -49.65201569 80.02899933
v 34.03292084 -49.79132843 80.49353790
v 33.31246185 -49.60306549 80.16230011
v 33.34912109 -49.62729645 80.21222687
v 33.20646286 -49.62796783 80.23474884
v 33.52838898 -49.65082550 80.23950958
v 33.45512009 -49.60214996 80.13971710
v 33.88675690 -49.69705963 80.29407501
v 33.74039078 -49.59998322 80.09461212
v 34.31076431 -49.59305573 80.00428009
v 34.80787659 -49.53318024 79.81421661
v 34.73476028 -49.48438263 79.71448517
v 35.01987457 -49.47730255 79.66925812
v 39.39844131 -50.18009186 81.77436066
v 40.01417542 -50.37604523 82.61792755
v 38.78785706 -49.93756866 80.93726349
v 38.48345947 -49.80524445 80.52045441
v 37.33743668 -49.88690948 80.67810822
v 38.17887878 -49.66556549 80.10358429
v 36.73858643 -49.59232330 79.85907745
v 37.03807831 -49.74576569 80.26862335
v 38.02922058 -49.59409332 79.89881134
v 37.87951660 -49.52017975 79.69409943
v 36.44241714 -49.42447662 79.45429230
v 41.39277267 -49.88867950 81.04492950
v 41.08539200 -49.77201080 80.62323761
v 41.70118332 -49.99454498 81.46680450
v 40.78037262 -49.64752960 80.20478058
v 39.63111115 -49.72379303 80.36170197
v 40.47523880 -49.51505280 79.78638458
v 38.60057068 -49.55417633 79.81580353
v 39.32689285 -49.58734894 79.94495392
v 39.02241898 -49.44370270 79.52808380
v 38.30120468 -49.40686798 79.40631866
v 38.45091629 -49.48175812 79.61109161
v 42.54696655 -49.80939484 80.89154816
v 42.85750961 -49.91483307 81.31470490
v 42.01267624 -50.08753204 81.89008331
v 42.08475494 -49.63855743 80.25891876
v 41.93098068 -49.57785797 80.04810333
v 42.23862839 -49.69733429 80.46973419
v 42.39267349 -49.75424957 80.68061066
v 42.66234970 -49.60553741 80.18231964
v 42.81642151 -49.66315460 80.39313507
v 42.97062302 -49.71927643 80.60401154
v 26.40503311 -52.85996246 91.91382599
v 26.45793152 -52.55780792 90.07663727
v 27.03936195 -52.54047394 90.01197052
v 27.55091476 -52.46689606 89.73731232
v 25.89514351 -52.51624298 89.92145538
v 25.43667412 -52.42209625 89.57004547
v 33.88368988 -51.48639679 86.07819366
v 33.59572220 -51.47287750 86.02771759
v 34.17631912 -51.48517609 86.07367706
v 27.91471481 -52.34821320 89.29447174
v 28.07537270 -52.20255280 88.75086212
v 28.00843048 -52.05207062 88.18921661
v 27.72408295 -51.91968536 87.69513702
v 33.07265854 -51.40335846 85.76825714
v 32.69573975 -51.28839874 85.33924103
v 32.86243439 -51.35065460 85.57160187
v 32.57808685 -51.21826935 85.07746124
v 32.51581573 -51.14350128 84.79846954
v 32.51114273 -51.06778717 84.51581573
v 33.32090378 -51.44480133 85.92298126
v 25.08538437 -52.13919830 88.51428986
v 25.60984230 -51.87488556 87.52783966
v 25.24604225 -51.99353790 87.97071075
v 26.12139511 -51.80127716 87.25318146
v 25.15232658 -52.28968048 89.07593536
v 26.70282555 -51.78394318 87.18854523
v 27.26561546 -51.82553864 87.34369659
v 32.83198547 -50.85785675 83.73242950
v 32.56336975 -50.99323273 84.23767853
v 34.73612213 -51.43860626 85.89984894
v 34.97667313 -51.39545441 85.73883820
v 34.46512222 -51.46906281 86.01349640
v 35.18029022 -51.34104156 85.53577423
v 35.34047318 -51.27680206 85.29602814
v 35.44890594 -51.20566559 85.03052521
v 35.50113297 -51.13114166 84.75238800
v 35.49645996 -51.05539703 84.46973419
v 34.69137573 -50.75409698 83.34522247
v 34.41655350 -50.72605133 83.24048615
v 34.12858582 -50.71253204 83.19007111
v 35.43419266 -50.98065948 84.19074249
v 35.31653595 -50.91053009 83.92902374
v 35.14984131 -50.84824371 83.69666290
v 34.93961716 -50.79557037 83.49994659
v 33.27615738 -50.76032257 83.36835480
v 33.03560257 -50.80344391 83.52936554
v 33.54715347 -50.72986603 83.25470734
v 33.83595657 -50.71375275 83.19458771
v 32.67180252 -50.92212677 83.97223663
v 35.15274811 -50.06186676 83.82910919
v 35.43418884 -50.19336700 84.31989288
v 35.34753799 -50.48590851 85.41168976
v 34.67743683 -49.96500397 83.46759796
v 34.97323990 -50.60892487 85.87079620
v 34.09756851 -49.92465973 83.31708527
v 34.46511841 -50.68177032 86.14264679
v 35.50334930 -50.33582306 84.85157013
v 33.91470718 -50.69965363 86.20948029
v 33.03903580 -50.01541901 83.65570831
v 33.54715347 -49.94257355 83.38385773
v 33.33483505 -50.65933990 86.05896759
v 32.85952759 -50.56244659 85.69739532
v 32.66473770 -50.13843536 84.11481476
v 32.57808304 -50.43094635 85.20661163
v 32.50892639 -50.28849030 84.67493439
v 34.09756851 -50.32227325 83.25183868
v 33.54715347 -50.34015656 83.31867218
v 34.67744064 -50.36258698 83.40235138
v 32.50892639 -50.68610382 84.60974884
v 32.66473770 -50.53601837 84.04962921
v 33.03903580 -50.41300201 83.59052277
v 32.57808304 -50.82852936 85.14136505
v 35.43419266 -50.59095001 84.25470734
v 32.85952759 -50.96006012 85.63220978
v 33.33483505 -51.05692291 85.99372101
v 33.91470718 -51.09723663 86.14423370
v 34.46512222 -51.07935333 86.07746124
v 34.97323990 -51.00650787 85.80561066
v 35.50334930 -50.73340607 84.78638458
v 35.34753799 -50.88349152 85.34644318
v 27.72698784 -51.13321686 87.82758331
v 28.00843048 -51.26474762 88.31842804
v 27.92177773 -51.55725861 89.41019440
v 27.25167847 -51.03635406 87.46607208
v 27.54747963 -51.68027496 89.86930084
v 26.67180824 -50.99604034 87.31555939
v 27.03936005 -51.75312042 90.14115143
v 28.07758904 -51.40720367 88.85007477
v 26.48894691 -51.77103424 90.20795441
v 25.61327553 -51.08676910 87.65424347
v 26.12139511 -51.01392365 87.38233185
v 25.90907669 -51.73069000 90.05744171
v 25.43376732 -51.63382721 89.69589996
v 25.23897743 -51.20978546 88.11334991
v 25.15232468 -51.50232697 89.20511627
v 25.08316612 -51.35987091 88.67343903
v 37.87509537 40.18498993 49.83608627
v 38.15126801 40.18498993 49.78817368
v 38.15010834 40.32415009 49.78182602
v 37.87387848 40.32415009 49.82973862
v 37.87902069 40.04222870 49.85598373
v 38.15513229 40.04222870 49.80807114
v 38.70256042 40.32415009 49.68600082
v 38.70736313 40.04222870 49.71224594
v 38.17175674 39.75420380 49.89217758
v 38.72376251 39.75420380 49.79635239
v 37.87509537 40.45720673 49.83553696
v 38.15137482 40.45720673 49.78762436
v 38.15511703 40.59349823 49.80575180
v 37.87878036 40.59349823 49.85366440
v 38.70779037 40.59355927 49.70992661
v 38.72360229 40.86919403 49.78658676
v 38.17069626 40.86919403 49.88235092
v 38.88806152 38.92662811 50.62258530
v 39.10722351 38.93675995 51.71590805
v 39.20634079 39.27477264 52.20779037
v 38.99499130 38.82415009 51.15682602
v 37.78527832 38.92662811 50.81423569
v 37.89231110 38.82415009 51.34841537
v 39.27115250 39.77910614 52.52706528
v 38.00432587 38.93675995 51.90755844
v 37.68616867 39.25237274 50.31948471
v 37.59765244 40.32415009 49.87765121
v 37.61975098 39.75420380 49.98800278
v 38.10285950 39.27477264 52.39937973
v 38.16682434 39.77910614 52.71871567
v 39.29218674 40.32415009 52.62759018
v 38.18696594 40.32415009 52.81924057
v 39.27102280 40.89409637 52.51723862
v 39.10678482 41.72173309 51.69100571
v 39.20540619 41.39598846 52.18575668
v 38.16486740 40.89409637 52.70888901
v 38.09844589 41.39598846 52.37740707
v 38.99988174 41.82415009 51.15682602
v 37.99933243 41.72173309 51.88265610
v 37.89230728 41.82415009 51.34841537
v 38.88759232 41.71154022 50.59768295
v 38.78843689 41.37352753 50.10586166
v 37.78028870 41.71154022 50.78927231
v 37.74203491 39.94164276 50.59835434
v 37.89231110 39.55913544 51.34841537
v 37.74203491 39.55913544 50.59835434
v 37.89231110 40.32415009 51.34841537
v 37.74203491 40.32415009 50.59835434
v 37.66689682 39.55913544 50.22329330
v 37.66689682 39.94164276 50.22329330
v 37.66689682 40.13292694 50.22329330
v 37.66689682 40.32415009 50.22329330
v 37.62932968 39.94164276 50.03579330
v 37.62932968 40.13292694 50.03579330
v 37.62932968 40.32415009 50.03579330
v 37.62932968 40.51537323 50.03579330
v 37.66689682 40.51537323 50.22329330
v 37.62932968 40.70665741 50.03579330
v 37.66689682 40.70665741 50.22329330
v 37.74203491 40.70665741 50.59835434
v 37.74203491 41.08916473 50.59835434
v 37.89231110 41.08916473 51.34841537
v 38.46795273 24.63964272 54.22176743
v 39.70555115 25.20952797 53.88875961
v 38.53436279 24.13775063 54.55324936
v 38.85251617 23.82213783 56.14133835
v 38.95105362 24.16015053 56.63315964
v 38.63346863 23.81200600 55.04793930
v 39.01502228 24.66448402 56.95249557
v 38.44585419 25.20952797 54.11147690
v 38.74050903 23.70952797 55.58224106
v 39.03516388 25.20952797 57.05302048
v 39.01306534 25.77947426 56.94272995
v 38.84754562 26.60711098 56.11649704
v 38.94665146 26.28136635 56.61118698
v 38.62850189 26.59697914 55.02315903
v 38.52996445 26.25896645 54.53127670
v 38.46599579 25.75463295 54.21200180
v 38.74050903 26.70952797 55.58224106
v 43.23303223 23.33965492 65.11423492
v 43.10996628 22.97252846 65.36832428
v 43.25812912 22.93657875 65.18851471
v 43.37692261 23.30217934 64.93595123
v 43.24792862 19.55437660 65.22989655
v 43.10998535 20.27562904 65.66440582
v 43.61750412 20.47551918 64.66770172
v 43.95917511 21.42589760 64.06491852
v 44.26493835 22.41692543 63.41501999
v 43.95339584 23.57207680 63.96757126
v 44.25257492 23.51671791 63.37125778
v 44.52678680 23.45989418 62.71171188
v 43.20563507 23.76342201 65.02713776
v 43.05476761 23.30968666 65.34067535
v 43.10536957 23.45910072 65.23728180
v 43.15566254 23.61034584 65.13272858
v 41.69257355 48.05535126 55.69070053
v 40.66841125 46.98625946 56.28190231
v 41.57207108 46.17925262 56.85001755
v 40.99993515 44.83788300 57.71555710
v 41.59564590 47.10369110 56.26963425
v 41.60683060 45.27947235 57.42875290
v 41.68489838 44.40178680 58.00284958
v 41.25205231 43.19219208 58.80454636
v 41.91087723 42.70269012 59.12430954
v 41.38280487 42.34282684 59.36979294
v 41.51304245 41.49156952 59.93223190
v 42.12984085 41.06163788 60.18949509
v 41.99106598 38.19091034 61.97751999
v 42.14855576 37.76476288 62.19016647
v 42.23193359 39.44487762 61.19089890
v 42.21707153 38.61907196 61.68583298
v 42.20042801 40.25481415 60.69541550
v 41.75928497 39.84423065 60.99155807
v 40.97083664 41.52367401 42.03322983
v 41.00806046 42.44805145 42.37142563
v 41.39601135 42.36376190 41.74074936
v 40.60836411 42.50359344 43.11379623
v 40.50731659 40.59105682 42.36794662
v 38.70912933 39.39885712 45.61794662
v 40.20719528 42.54033661 43.93783188
v 39.81482315 42.56835175 44.81338120
v 39.34498596 42.60710907 45.95327377
v 40.01522064 39.57604218 42.75570297
v 39.50431061 38.48876190 43.20711899
v 39.24485016 37.92125702 43.46010971
v 38.98435211 37.33940887 43.73305893
v 38.74745560 36.79875946 43.99984360
v 42.97026062 23.67632484 65.32968903
v 42.97417450 23.84215736 65.27518463
v 43.09250641 23.80120277 65.15146637
v 42.98160172 23.50506020 65.36814117
v 42.99281693 23.33361244 65.40598297
v 43.18451309 19.94146156 50.09103012
v 42.76655579 20.10698891 50.09634018
v 43.13870621 20.29607582 49.86239243
v 42.60147476 19.60259438 50.55477524
v 42.42919159 19.93541908 50.31972885
v 41.91233826 19.59368324 50.78561020
v 41.82606125 19.64470863 50.77755356
v 42.11842346 19.78130531 50.54330063
v 41.69086456 19.58568764 50.89583969
v 42.25288773 19.59996986 50.65829086
v 42.93471909 19.60589027 50.45028305
v 43.23626709 19.60979652 50.34939194
v 42.82706833 21.32280922 49.26906967
v 42.40422821 21.46654701 49.31344223
v 42.48847198 22.16881752 48.83565903
v 41.58198166 22.48296547 49.02053452
v 42.04000854 22.31798744 48.91109848
v 41.91396332 21.65233803 49.39406967
v 41.43056488 21.84667397 49.51589584
v 41.75182343 23.99419594 47.95302963
v 42.53813553 23.77764320 47.82052231
v 40.61697769 22.84099770 49.33596420
v 41.09970474 22.66240883 49.16579819
v 40.93387222 22.04986000 49.67770004
v 40.44240570 22.24621010 49.86196518
v 40.87112045 24.26104164 48.21120834
v 41.02878189 25.79210854 47.11294174
v 41.83367157 25.59313393 46.90432358
v 41.14662933 27.38164711 46.04702377
v 41.89338684 27.23241615 45.88412094
v 41.26511765 29.00219154 45.01314926
v 40.17508316 26.00945473 47.44045639
v 39.95546341 24.54284096 48.58016586
v 40.35079193 27.54119301 46.33425522
v 40.52023315 29.10936928 45.26357651
v 40.69755173 30.69756508 44.24209213
v 41.39756393 30.63976479 44.02553940
v 40.89219284 32.30474091 43.28371811
v 41.55030823 32.29442596 43.09975815
v 39.74918365 29.21660805 45.63326645
v 39.52917862 27.70446205 46.73519516
v 39.97433090 30.75524330 44.58132553
v 40.21804810 32.32128143 43.59060287
v 39.54177475 32.34160614 44.01046371
v 39.24760437 30.81347084 45.03109360
v 43.01419067 21.28679848 49.24081039
v 43.12217712 20.42412758 49.77987289
v 42.73490524 20.61028481 49.77041245
v 42.38302994 20.77050209 49.78536606
v 42.05689240 20.91332436 49.82253647
v 42.91012955 22.16192055 48.72140121
v 42.81193924 23.00090981 48.23122787
v 41.74683762 21.04717445 49.87972641
v 41.42013931 21.18963051 49.96133041
v 41.09951401 21.33025551 50.05984116
v 40.78350830 21.46788979 50.17123032
v 40.47068405 21.60131264 50.29140854
v 42.71424484 23.84130287 47.74355698
v 42.51702499 25.54937172 46.75905991
v 42.61546326 24.69481850 47.25045395
v 42.41821671 26.41210365 46.26583481
v 42.27589417 27.66478920 45.55538559
v 42.31988525 27.27630043 45.77499008
v 42.20075226 28.33233070 45.18032455
v 42.12617493 29.00152016 44.80801010
v 42.03361893 29.84447670 44.34603500
v 41.94256973 30.69164467 43.89150620
v 41.85892105 31.48967934 43.47396469
v 41.77704239 32.29241180 43.06521225
v 41.74513245 32.61333466 42.90591049
v 39.52187347 25.52099037 48.20254135
v 41.08744812 33.73192596 42.51302719
v 41.63790894 33.74993134 42.37069321
v 40.31404114 33.72344208 42.86843491
v 39.54776001 33.72234344 43.39187241
v 38.80600739 33.71428680 44.07198715
v 45.18387222 26.11260414 60.07145309
v 45.10604095 27.70183754 59.68296432
v 45.01863480 26.70281410 60.42197800
v 44.90589142 25.70012856 61.14670944
v 44.78979874 23.38256264 61.97629929
v 45.20548248 25.55657387 60.17936325
v 45.23284531 24.51976967 60.31595993
v 44.73911285 24.56023598 61.95200729
v 45.03594208 23.27422523 61.15848923
v 45.14939880 23.20586586 60.71708298
v 45.24000168 23.75573158 60.35166550
v 45.23689270 23.14141273 60.33616257
v 44.61412048 18.04961586 60.90421677
v 44.60493851 19.29509926 61.49070358
v 44.09968567 17.86358070 62.32896042
v 45.14600372 20.28191566 59.88242722
v 45.19515991 21.52593422 60.12778854
v 44.92456818 20.37774086 60.83512497
v 45.09485626 19.03997231 59.62711716
v 45.06110001 18.24102211 59.45859909
v 41.57157898 19.98449135 50.68600082
v 41.03742981 19.68663979 51.23275375
v 40.50267792 19.95983315 51.43581772
v 40.96236038 20.30181313 50.87838364
v 40.61184692 21.02312660 50.60097885
v 41.35212708 20.68840981 50.35390854
v 42.06078720 20.34765053 50.19948959
v 42.58945847 20.37157631 49.97512436
v 42.35553360 20.19121742 50.17544174
v 42.25070953 20.53978920 49.99117661
v 40.29074097 20.11089516 51.48134995
v 40.67852020 19.51818275 51.61458969
v 40.19639206 20.76500893 51.07796860
v 40.10205841 21.42260170 50.67495346
v 41.01820755 19.54393959 51.35171127
v 41.36589050 19.56786537 51.09963608
v 41.43841171 51.43907928 48.71102524
v 41.32744598 51.01360321 48.02358627
v 40.28667068 49.41960907 49.61019516
v 40.54204178 50.21373749 50.88094711
v 41.55799866 51.81664276 49.39687729
v 42.19993210 52.64391327 48.56814194
v 41.69919586 52.17174530 50.11068344
v 42.32549286 52.99797821 49.30410385
v 41.99066925 51.83879852 47.16506577
v 42.09230423 52.26683807 47.86526108
v 41.89612198 51.37163544 46.51156235
v 41.22663879 50.55443573 47.37752914
v 39.86380768 48.94957733 52.45119858
v 40.61685944 50.35070038 52.51943588
v 41.19279099 51.41027069 51.66579819
v 41.67626572 52.19988251 50.99428940
v 42.14873505 52.88713837 50.37166977
v 39.88688278 48.17736053 48.77499008
v 40.41541672 49.03466034 47.87527084
v 40.88552475 49.72100067 47.13839340
v 43.02470016 53.92321014 49.29330063
v 42.82600403 53.43383026 48.30141830
v 42.63555145 52.86571503 47.35073471
v 41.35058975 50.32933807 46.47835922
v 41.80750656 50.85674286 45.90841293
v 42.25315857 51.30016327 45.44192123
v 42.43539810 52.13964081 46.35165024
v 41.09675217 50.99480438 52.89516830
v 40.93717575 50.85692596 52.59774399
v 40.50567245 49.97478485 53.26223373
v 40.68331528 50.11760712 53.53030014
v 42.66205597 53.59770966 50.78237534
v 42.54997635 53.45140839 50.41183090
v 41.93868256 52.58983612 51.19820786
v 42.06657410 52.72978973 51.54854965
v 40.28830338 49.17992401 54.19033432
v 40.52284622 49.31139374 54.39303207
v 40.78388596 49.41374969 54.55038071
v 41.49457932 51.18529510 53.38357162
v 42.21612930 52.84380341 51.87142563
v 42.38336945 52.92186737 52.14767075
v 42.79271317 53.71941376 51.12759018
v 42.93832397 53.80492401 51.42696762
v 41.96456146 51.24736786 53.68685532
v 41.35729218 49.53667450 54.73672104
v 42.56037903 52.96215057 52.36843491
v 42.75893784 52.96941376 52.55337143
v 43.09192657 53.85088348 51.67043686
v 43.26369095 53.86144257 51.87887192
v 43.44381714 53.83776093 52.04543686
v 42.96775055 52.94585419 52.69704819
v 40.14161682 49.15007782 53.86874008
v 40.33071518 48.75286102 54.77590561
v 43.19028091 54.23271942 50.11983871
v 43.33786011 54.35350800 50.85653305
v 42.12367630 50.01421356 54.54879379
v 42.42892075 50.97679901 53.99038315
v 41.87250900 49.03215790 55.11629868
v 42.77110291 51.89537811 53.44344711
v 43.47543335 54.22112274 51.54330063
v 43.13307571 52.74541473 52.91018295
v 43.49768829 53.50231171 52.39291000
v 43.61297989 53.72246552 52.22988510
v 42.47449112 46.07463837 56.83518600
v 42.42557144 47.09532928 56.19926071
v 42.00152588 46.97740936 56.32389450
v 42.03184509 45.88573456 57.01072311
v 43.39725494 46.41979218 56.37571335
v 43.33319855 47.29424286 55.84322739
v 42.88793564 47.20665741 56.03635788
v 42.94828796 46.26073456 56.61893845
v 43.88329315 46.56768036 56.04795456
v 43.82234192 47.36150360 55.57003403
v 43.53635025 45.53874969 56.92411423
v 42.79346085 44.03862762 58.14500046
v 43.72281265 44.67247772 57.46116257
v 44.01128769 45.76671600 56.53757858
v 44.18397141 44.97106171 57.01700974
v 44.38553238 44.12645721 57.50321579
v 43.93558121 43.76976776 58.00291061
v 42.57637405 48.18303680 55.53524399
v 43.45843506 48.23119354 55.25649643
v 44.14463806 48.18016815 54.88381577
v 44.40258026 45.87261200 56.17142868
v 44.26376724 46.99785614 55.47848129
v 42.74468994 41.59856415 59.76975632
v 43.30289078 42.08690643 59.33543015
v 43.80183029 42.52446747 58.88779831
v 44.56810379 44.61815643 56.99766159
v 44.23889923 42.90911102 58.42802048
v 44.72673035 43.34081268 57.78953171
v 43.11363220 50.87151337 54.03359604
v 42.76239014 49.51580048 54.78768539
v 43.53713989 49.42418671 54.62887192
v 43.76270294 52.66826630 52.97726059
v 43.66156006 53.44109344 52.47237778
v 44.08116913 48.93883514 54.56698227
v 44.02121735 49.70494843 54.26772690
v 43.87424469 51.52941132 53.53408432
v 43.93098068 50.85417938 53.81728745
v 44.90589523 37.89476776 60.35593796
v 45.00326157 38.63500214 59.99088669
v 44.06676102 38.00835419 61.13828659
v 43.78142929 36.55260468 61.90531540
v 44.76531219 37.11309052 60.75242233
v 43.24521637 38.65679169 61.34159470
v 44.20450592 39.42113495 60.41575241
v 44.17253494 41.07402802 59.57798386
v 43.27197266 40.28582001 60.44059372
v 43.06647110 37.29338837 62.08970261
v 42.75302505 35.90105438 62.86228561
v 44.81518173 42.55156708 58.23106003
v 45.04153442 40.07024384 59.36094284
v 45.10998535 39.05651093 59.70261765
v 44.89796448 41.74004364 58.64426804
v 44.97383499 40.91124725 59.02299118
v 45.16572952 37.99925995 59.98087692
v 45.20493317 36.92345428 60.17661667
v 44.62934113 35.68346405 61.23936081
v 45.22376633 35.85417938 60.27061081
v 44.21655655 35.50926971 61.77299118
v 43.73439026 35.27861786 62.32413864
v 43.10091400 34.94585419 62.96549606
v 42.18034744 36.67681122 62.76505661
v 42.32751083 35.27355194 63.35288620
v 43.61987305 33.25444794 62.84171677
v 44.13399124 33.39391327 62.19248581
v 44.54973984 34.61180878 61.49705124
v 44.05479431 34.45342255 62.15647507
v 44.75065231 34.65575409 61.18967819
v 44.92551804 35.24980927 60.85868454
v 44.73092270 35.20189667 61.16837692
v 45.01015472 35.26445770 60.71085739
v 45.08844757 35.55681610 60.55027390
v 45.00550842 35.54125214 60.69871140
v 45.12663269 35.56224823 60.47794724
v 45.16339874 35.70714569 60.39896774
v 45.12564850 35.70153046 60.47147751
v 43.16289139 32.10460663 63.51401901
v 43.69364166 32.22789764 62.87583542
v 45.22402954 35.81407928 60.27189255
v 44.83916855 34.40990448 61.05161667
v 44.35687637 32.94011688 61.90159225
v 44.08637238 32.18975067 62.34623337
v 43.80012131 31.43395424 62.80033493
v 43.19186783 29.92058754 63.72617722
v 43.50099564 30.67638588 63.26121140
v 45.15140152 34.27819061 60.32719040
v 45.01270676 33.75835419 60.62919235
v 45.04357910 33.73143768 60.53147507
v 45.11953735 34.30168915 60.42863083
v 44.97702026 33.78215790 60.72953415
v 44.46218872 31.76506996 61.70975876
v 44.76771545 32.75432587 61.11112595
v 44.68606567 32.80529022 61.30552292
v 44.36471558 31.81548500 61.90098190
v 44.89007187 33.81926727 60.93918991
v 44.58489990 32.84325409 61.51176071
v 44.24874496 31.85344887 62.10435104
v 44.62243652 31.61693764 61.31742477
v 44.89015198 32.60301971 60.71006393
v 44.83828354 32.68431854 60.90604782
v 44.55131912 31.69646645 61.50858688
v 45.13023758 33.57915497 60.11985397
v 45.09654236 33.66118622 60.32151413
v 45.07266998 33.69792938 60.42527390
v 44.78606415 31.17882729 60.55399704
v 44.96916580 32.15441132 59.90806198
v 44.96459198 32.28270721 60.10612106
v 44.76063156 31.30401039 60.73856735
v 44.95175171 32.40154266 60.30930710
v 44.72607040 31.42016029 60.93107224
v 44.80897141 31.01769447 60.34965134
v 44.96904373 31.98504066 59.68815231
v 43.51638031 29.88726234 63.31174850
v 43.79174042 29.80376625 62.92600632
v 44.02945709 29.66649818 62.54569626
v 44.22023773 29.48552895 62.17863083
v 44.37023926 29.27019691 61.82517624
v 43.25530624 27.89104652 63.91434860
v 43.40347672 27.82537270 63.73215866
v 43.09257507 27.94829750 64.10758209
v 43.67774963 27.66491127 63.37125778
v 43.91524887 27.48003578 63.02238083
v 43.06388855 26.89104652 64.34366608
v 42.89736557 26.95244789 64.52561188
v 43.24282837 25.77385902 64.39786530
v 43.39758682 25.69610023 64.22318268
v 43.07636642 25.85131264 64.57736969
v 43.20065308 24.23638344 64.89261627
v 43.24758148 24.21886635 64.84073639
v 43.38268280 24.65569496 64.54129791
v 43.29261017 24.69317055 64.64402008
v 43.15282059 24.25444984 64.94443512
v 43.17922974 24.00530434 64.98752594
v 43.13122940 24.02245522 65.03964996
v 43.08230591 24.04009438 65.09171295
v 43.19898605 24.73247719 64.74674225
v 43.56629562 25.60723305 64.02103424
v 43.10166550 24.77306557 64.84989166
v 43.04690933 23.93419838 65.16452789
v 43.05749512 24.04906654 65.11771393
v 43.02183533 23.94310951 65.19058990
v 43.00920868 23.94762611 65.20365143
v 43.03244781 24.05822182 65.14371490
v 42.99652481 23.95214272 65.21665192
v 43.00397491 23.89043617 65.22684479
v 42.99128342 23.89495277 65.23990631
v 42.97853470 23.89940834 65.25296783
v 43.10406494 24.27300453 64.99625397
v 43.00716400 24.06743813 65.16971588
v 43.05437469 24.29192543 65.04807281
v 42.98163986 24.07671547 65.19571686
v 42.98377991 23.95665932 65.22971344
v 42.96572495 23.90398598 65.26596832
v 42.97097397 23.96123695 65.24271393
v 43.00373459 24.31121254 65.10001373
v 42.95212936 24.33074379 65.15201569
v 45.20794678 34.47417450 60.19163132
v 45.20261765 34.32915497 60.16501999
v 45.15670013 33.56322479 59.93583298
v 45.12178421 33.19872284 59.76151657
v 45.08354187 32.86107635 59.57065964
v 45.04630661 32.52043915 59.38474655
v 45.01716995 32.14476776 59.23929977
v 44.98032379 31.86858559 59.43644333
v 44.87635803 31.14293861 59.95005417
v 44.64035034 29.70525551 60.95316696
v 44.76287460 30.42156410 60.45548630
v 44.37007141 28.29180336 61.92704391
v 44.50926208 28.99498940 61.44358444
v 44.22322464 27.59789467 62.40262985
v 43.56794357 24.96294594 64.20352936
v 43.90829468 26.24749184 63.32566452
v 44.06915665 26.91564369 62.86924362
v 43.74108124 25.59575844 63.77085495
v 40.98730850 49.23241425 46.05758286
v 41.04443359 49.63408661 46.42013168
v 41.62483597 50.32372284 45.65725327
v 41.56586075 49.90251923 45.30038071
v 40.91151047 48.39733124 45.37270737
v 40.94086456 48.81389618 45.70803452
v 41.51543045 49.46086884 44.96133041
v 41.47971344 49.01885223 44.64199448
v 40.00998306 47.20897675 46.80385971
v 40.06457901 47.94384003 47.52206039
v 40.92931747 47.54271698 44.65456772
v 40.90456009 47.95861053 45.01583481
v 41.46289444 48.55107880 44.30953598
v 41.47436142 48.10570526 43.98086166
v 40.06744385 46.47423553 45.99648666
v 39.32879257 45.35448456 47.34280014
v 40.99934006 47.12883759 44.24386215
v 41.52563477 47.66069794 43.61605453
v 42.10230637 50.37505341 44.68886948
v 41.97477341 49.36309052 44.05227280
v 41.87421036 48.39934540 43.55025864
v 41.78128052 47.41594696 43.08639145
v 41.15717697 46.80577850 43.75606918
v 40.52968216 46.08409882 44.64590073
v 39.75464249 45.00536346 45.95498276
v 40.14291382 45.57421112 45.27621078
v 39.36477280 44.37096405 46.66915512
v 41.08648682 45.98717499 43.47695541
v 40.91458893 46.16741180 43.88796616
v 41.39939499 46.69835663 43.26955795
v 41.54831314 46.49791718 42.91872787
v 41.26445770 45.84477997 43.09597397
v 41.45863724 45.71935272 42.71792221
v 41.10321808 45.26293182 43.16958237
v 40.73956299 44.74748993 43.68398666
v 40.29783630 44.94927216 44.66207504
v 40.11171341 43.73558807 44.63613510
v 39.62590408 43.87023163 45.79891586
v 41.23246765 44.58391571 42.73653793
v 40.98160172 44.66295624 43.20180893
v 41.32780838 45.16362762 42.74703598
v 41.56083679 45.07170868 42.34347153
v 40.65279007 43.62859344 43.48598862
v 41.35713577 42.66594696 41.90719223
v 41.18367004 42.70531464 42.18893051
v 41.31669617 42.95757294 42.07516098
v 41.48663712 42.91460419 41.80764389
v 41.69947815 46.48748016 42.67806625
v 41.63685226 45.52117157 42.36544418
v 41.62575912 45.29485321 42.31008530
v 41.56633377 43.92351532 42.01345444
v 41.49778748 42.56322479 41.67123032
v 41.44728851 42.46428680 41.70571518
v 40.99364471 40.83861542 41.73409653
v 40.82518005 40.86766815 41.98434067
v 41.20019531 41.62633514 41.73891830
v 41.35787582 41.58611298 41.51626205
v 41.12030411 41.64427948 41.85915756
v 41.30004883 42.00194550 41.74105453
v 41.37750244 41.98143768 41.62820053
v 39.04725647 36.51085663 43.44460678
v 38.82122421 36.48882294 43.79732895
v 39.13389969 37.22216034 43.43642807
v 39.35065842 37.23882294 43.09572983
v 39.44739914 37.93480682 43.10995102
v 39.65502930 37.94475555 42.78268051
v 38.67490005 36.13683319 43.97994614
v 38.56223679 36.12218475 44.16781235
v 38.71051407 36.47515106 43.98269272
v 40.70809555 39.36333466 41.67507553
v 40.50940323 39.38341522 41.92934799
v 40.84527969 40.11376190 41.69515610
v 41.03079987 40.08312225 41.46218491
v 40.31068802 39.39812469 42.21151352
v 40.65851593 40.13933563 41.95565414
v 41.16897202 40.80236053 41.49685287
v 41.18807602 40.42754364 41.37002182
v 41.34200668 40.76134491 41.28664780
v 40.10105133 37.94646454 42.17562485
v 39.54029465 36.53759003 42.78249741
v 41.12708282 40.06548309 41.35165024
v 41.22288895 40.04692841 41.24868393
v 40.91510773 39.33788300 41.43972397
v 41.28084946 40.40721893 41.26522446
v 41.12110138 39.30907440 41.23562241
v 40.57488632 37.92864227 41.66347885
v 40.07366562 36.54540253 42.21126938
v 39.61575699 35.14177704 42.88460922
v 39.02484131 35.12279510 43.50374985
v 40.67706680 36.54216766 41.72744370
v 41.10219955 37.89769745 41.24636459
v 40.29236221 35.15099335 42.34402084
v 41.16447830 35.86791229 41.64870834
v 41.01712036 35.16234589 41.94735336
v 41.31660843 36.54051971 41.39376450
v 41.48556519 42.33837128 41.61025620
v 41.43825531 41.44689178 41.37405014
v 41.39868164 40.54570770 41.17654037
v 41.39484024 40.43761444 41.15737534
v 41.37092590 39.42620087 41.03799057
v 41.37140274 38.40758514 41.04037094
v 41.37939835 37.96581268 41.08028793
v 41.39786530 37.35100555 41.17245102
v 41.46632385 35.97661591 41.51418686
v 41.45040131 36.24315643 41.43471909
v 41.52978897 35.05522919 41.83102036
v 41.58190155 34.39842987 42.09115219
v 41.49168777 42.45079803 41.64077377
v 44.00076294 19.47210121 63.37693405
v 43.62651443 19.52410316 64.35819244
v 43.21164322 18.52861977 64.93552399
v 43.61377335 18.49944496 63.94590378
v 44.62303925 21.30163002 62.24082565
v 44.30447769 21.39751625 63.19718552
v 43.98070526 20.44664955 63.79777145
v 44.32733154 20.37230873 62.82755661
v 44.87493134 22.24578285 61.62852097
v 44.58250046 22.35961342 62.56925583
v 45.08809280 22.11663246 60.78916550
v 44.86330795 21.18779945 61.38273239
v 43.63225555 17.71080971 63.50962448
v 43.13343048 17.56096840 64.67771149
v 44.72820663 26.56731606 61.40494919
v 44.49636459 25.06585121 62.47214890
v 44.65399933 25.01110268 62.07963181
v 44.86027145 26.48711586 61.02567673
v 44.58776855 26.66485023 61.77231979
v 44.32269287 25.12847328 62.85599899
v 44.43385315 26.78777504 62.12882614
v 44.12584686 25.20598793 63.23331833
v 44.27772522 26.92382240 62.44755173
v 43.92040253 25.29564857 63.57236862
v 45.00553513 27.91680336 59.97269821
v 44.93885422 27.20446205 60.50168991
v 44.99786377 27.16362953 60.31071091
v 45.05953598 27.87090492 59.78434372
v 44.92434311 26.45122719 60.83195114
v 44.95134354 27.96856117 60.15989304
v 44.89864349 28.02575111 60.33884811
v 44.79157639 28.16814613 60.68687057
v 44.68144226 28.35613441 61.01469040
v 44.62915421 28.45604897 61.16105270
v 44.57630539 28.56060219 61.30466843
v 44.96336365 28.70134926 59.83286667
v 45.00991058 28.63598061 59.65732956
v 44.90652466 29.68364906 59.80442429
v 44.87265778 29.82628822 59.94401169
v 44.78197098 29.09533119 60.48057175
v 44.94279099 29.55657387 59.65385056
v 44.82837296 30.04656410 60.13206100
v 44.81452179 30.12249184 60.19407272
v 44.70069122 29.34154701 60.75272751
v 44.74100876 29.21611977 60.61777878
v 44.84266663 29.97149086 60.07004929
v 44.85742188 29.89788246 60.00754929
v 44.91563797 30.19707680 59.66770554
v 44.97990036 30.39348793 59.26548386
v 44.95610428 30.56231117 59.39194870
v 44.95156097 31.02153969 59.41410446
v 44.97410202 31.21337318 59.27012253
v 44.97158432 31.26482582 59.29484177
v 44.96929169 31.31646156 59.31974411
v 44.92059708 30.92125893 59.61240768
v 44.92832184 30.82848549 59.55796432
v 44.96601105 31.06798744 59.31681442
v 44.97685242 31.16246986 59.24546432
v 44.97544861 31.18786049 59.25779343
v 44.95500183 30.97313881 59.38816452
v 44.93246460 30.78252602 59.53086472
v 44.95679855 30.94915199 59.37516403
v 44.93680191 30.73705482 59.50364304
v 44.95865250 30.92534828 59.36210251
v 44.96763992 31.04339027 59.30405807
v 44.97831345 31.13726234 59.23307419
v 44.96932602 31.01897621 59.29130173
v 44.97906494 31.12468910 59.22684860
v 44.97983170 31.11223793 59.22056198
v 44.98511124 31.30883217 59.19816208
v 44.98628235 31.28264809 59.18613815
v 44.98751831 31.25658607 59.17411423
v 44.99278641 31.30346107 59.13846970
v 44.98815918 31.24358559 59.16807175
v 44.99338531 31.29033852 59.13248825
v 44.98358536 31.18401527 59.19755173
v 44.98881149 31.23070717 59.16202927
v 44.98914719 31.22429848 59.15897751
v 44.98429489 31.17131996 59.19138718
v 44.98948288 31.21788979 59.15598679
v 44.98502350 31.15868568 59.18522263
v 44.99016953 31.20507240 59.14988327
v 44.99141312 31.25402260 59.14426804
v 44.99173355 31.24755287 59.14127731
v 44.99206161 31.24108315 59.13828659
v 44.86899948 30.52300453 59.90391159
v 44.87974167 30.43920326 59.84537888
v 44.89108276 30.35643959 59.78690720
v 44.94133377 30.69219398 59.47623825
v 44.90304184 30.27550697 59.72788620
v 44.94606400 30.64812660 59.44852829
v 44.98141098 31.08745766 59.20804977
v 44.99158859 31.17968178 59.13767624
v 44.96252060 30.87835121 59.33573532
v 44.98304749 31.06292152 59.19541550
v 44.96660233 30.83214760 59.30906296
v 44.98649979 31.01452065 59.16990280
v 44.91358948 31.01445961 59.66819382
v 44.90730667 31.10619545 59.72623825
v 44.78795242 30.27453041 60.32108688
v 44.96231079 31.52160072 59.42515182
v 44.96536255 31.41997719 59.37101364
v 45.08875656 28.03460121 59.59666061
v 45.03790283 29.09704018 59.34281540
v 45.02785110 29.34636879 59.29264450
v 45.00134277 30.25042152 59.16032028
v 44.99436188 30.76275063 59.12546921
v 44.99403381 31.24852943 59.12382126
v 44.99410629 31.25975990 59.12418747
v 45.00073624 31.71428871 59.15726852
v 42.84144211 19.50603676 64.23197174
v 42.57529449 19.08971596 62.84977341
v 42.83649826 18.89556313 64.14121246
v 42.58517838 20.31066322 63.03129196
v 42.84638214 20.11657143 64.32273102
v 42.97204208 19.40899086 64.87772369
v 42.97698593 20.01946449 64.96848297
v 42.96709824 18.79851723 64.78690338
v 42.73554993 22.65557289 64.04013824
v 42.85626602 21.33751869 64.50431061
v 42.86615372 22.55852699 64.68582916
v 42.59506607 21.53167152 63.21287155
v 42.60494995 22.75267982 63.39439011
v 42.62471771 25.19463539 63.75748825
v 42.61977386 24.58416176 63.66672897
v 42.75037766 24.48705482 64.31247711
v 42.75531769 25.09752846 64.40323639
v 42.87850571 24.08477211 64.91275787
v 42.74543381 23.87658119 64.22165680
v 42.87603760 23.77947426 64.86740875
v 42.88097763 24.39000893 64.95816803
v 42.61483383 23.97362709 63.57596970
v 42.87356567 23.47423744 64.82199860
v 42.93886566 23.42571449 65.14487457
v 42.94133759 23.73095131 65.19028473
v 42.87109375 23.16900063 64.77664948
v 42.93639374 23.12047768 65.09946442
v 42.99675369 22.46142006 65.33158112
v 43.00169754 23.07195473 65.42234039
v 42.60988998 23.36315346 63.48521042
v 42.74049377 23.26604652 64.13089752
v 42.34374619 22.94677162 62.10294724
v 42.06277466 20.69896889 60.44840622
v 42.08254242 23.14092445 60.81150436
v 42.10231018 25.58288002 61.17460251
v 42.09242630 24.36193275 60.99308395
v 42.35363007 24.16777992 62.28452682
v 42.36351395 25.38878822 62.46604538
v 42.63460159 26.41558266 63.93906784
v 42.12208176 28.02489662 61.53770065
v 42.64448547 27.63659096 64.12058258
v 41.55025101 22.30822182 58.04710007
v 41.56013489 23.52923012 58.22861862
v 41.54036713 21.08721352 57.86552048
v 41.57002258 24.75017738 58.41019821
v 41.57990646 25.97118568 58.59171677
v 41.58979034 27.19219398 58.77329636
v 41.59967422 28.41314125 58.95481491
v 41.61944199 30.85509682 59.31791306
v 42.14184952 30.46685219 61.90079880
v 41.63921356 33.29711151 59.68101120
v 42.16161728 32.90880585 62.26389694
v 41.92018509 35.54491425 61.33555222
v 42.17150116 34.12981415 62.44547653
v 42.18138885 35.35076141 62.62699509
v 41.65898132 35.73906708 60.04410934
v 41.93006897 36.76592255 61.51713181
v 41.67874908 38.18102264 60.40720749
v 41.66886520 36.96001434 60.22568893
v 41.16833115 23.82042885 56.29148483
v 41.16339111 23.20995522 56.20072556
v 41.29399109 23.11284828 56.84641647
v 41.29893494 23.72332191 56.93717575
v 41.15844727 22.59942055 56.10990524
v 41.28904724 22.50237465 56.75565720
v 41.03278732 23.30700111 55.55495834
v 41.02784729 22.69652748 55.46419907
v 41.27916336 21.28136635 56.57407761
v 41.01795959 21.47551918 55.28261948
v 41.31375885 25.55480385 57.20951462
v 41.31870270 26.16533852 57.30027390
v 41.30881882 24.94433022 57.11875534
v 41.30387497 24.33385658 57.02799606
v 41.07726669 28.80144691 56.37192917
v 41.06738281 27.58043861 56.19041061
v 41.32858658 27.38628578 57.48185349
v 41.33847046 28.60729408 57.66337204
v 41.09703827 31.24340248 56.73502731
v 41.11680603 33.68535614 57.09812546
v 41.13657379 36.12731171 57.46122360
v 41.15634537 38.56932831 57.82432175
v 40.49555588 21.86382484 52.69979477
v 40.48567200 20.64281654 52.51821518
v 40.74687195 20.44866371 53.80965805
v 40.75675964 21.66967201 53.99117661
v 41.00807571 20.25451088 55.10110092
v 40.51532364 24.30578041 53.06283188
v 40.51038361 23.69530678 52.97207260
v 40.64098358 23.59819984 53.61782455
v 40.64592743 24.20867348 53.70858383
v 40.63603973 22.98772621 53.52700424
v 40.76664352 22.89061928 54.17275620
v 40.77158356 23.50115395 54.26351547
v 40.50543976 23.08477211 52.88131332
v 40.90218735 23.40404701 54.90926743
v 40.89724350 22.79357338 54.81844711
v 40.67557907 27.87163734 54.25320053
v 40.55486298 29.18969154 53.78902817
v 40.54497910 27.96874428 53.60750961
v 40.81606674 28.99559975 55.08047104
v 40.80617905 27.77459145 54.89895248
v 40.93678284 27.67754555 55.54464340
v 40.80123901 27.16411781 54.80819321
v 40.93183899 27.06701088 55.45388412
v 41.06244278 26.96996498 56.09965134
v 40.54003525 27.35820961 53.51675034
v 40.67063522 27.26116371 54.16244125
v 40.53509140 26.74773598 53.42593002
v 40.66569519 26.65069008 54.07168198
v 40.57463074 31.63170815 54.15212631
v 40.59439850 34.07366180 54.51522446
v 40.61417007 36.51561737 54.87832260
v 40.62405396 37.73662567 55.05990219
v 40.63393784 38.95757294 55.24142075
v 40.64382172 40.17858124 55.42300034
v 41.17611313 41.01128387 58.18741989
v 40.65370560 41.39952850 55.60451889
v 40.23435211 22.05791664 51.40835190
v 40.35506821 20.73986244 51.87252426
v 40.35012817 20.12938881 51.78170395
v 40.48072815 20.03234291 52.42745590
v 39.99291611 24.69402504 50.48000717
v 39.98303223 23.47307777 50.29842758
v 40.24423599 23.27892494 51.58987045
v 40.25411987 24.49993324 51.77145004
v 40.01268768 27.13604164 50.84304428
v 40.00280380 25.91503334 50.66152573
v 40.26400375 25.72088051 51.95296860
v 40.27389145 26.94188881 52.13448715
v 40.53015137 26.13726234 53.33517075
v 40.52520752 25.52672768 53.24441147
v 40.52026749 24.91625404 53.15365219
v 40.03245544 29.57799721 51.20614243
v 40.02257156 28.35698891 51.02462387
v 40.28377533 28.16283607 52.31606674
v 40.29365921 29.38384438 52.49758530
v 40.05222321 32.01995087 51.56924057
v 40.07199478 34.46190643 51.93233871
v 40.35296631 36.70977020 53.58687973
v 40.09176254 36.90392303 52.29543686
v 40.10659027 38.73534393 52.56777573
v 40.37273407 39.15172577 53.94997787
v 40.11153030 39.34587860 52.65853500
v 40.36285019 37.93071747 53.76845932
v 40.10164642 38.12487030 52.47701645
v 40.12635803 41.17736053 52.93087387
v 40.39250183 41.59368134 54.31307602
v 40.13130188 41.78783417 53.02163315
v 40.38261795 40.37273407 54.13155746
v 40.12141418 40.56682587 52.84011459
v 40.11647415 39.95635223 52.74935532
v 40.14118576 43.00884247 53.20321274
v 40.67347717 43.84154510 55.96761703
v 40.15106964 44.22978973 53.38473129
v 40.43204117 46.47765350 55.03927231
v 40.69324493 46.28350067 56.33073044
v 40.17083740 46.67174530 53.74782944
v 40.18072128 47.89275360 53.92940903
v 40.44192505 47.69860077 55.22085190
v 39.50016403 28.74529457 48.44173813
v 39.51004791 29.96624184 48.62331772
v 39.49028015 27.52428627 48.26021957
v 39.52981949 32.40825653 48.98635483
v 39.54958725 34.85021210 49.34945297
v 39.83055878 37.09801483 51.00399399
v 39.56935501 37.29216766 49.71255112
v 39.97598648 38.83245087 51.92208481
v 39.97104645 38.22197723 51.83126450
v 39.84044266 38.31902313 51.18557358
v 39.70984268 38.41606903 50.53982162
v 39.57924271 38.51317596 49.89413071
v 40.00069809 41.88488007 52.37594223
v 39.62866211 44.61809540 50.80184555
v 39.61877823 43.39708710 50.62032700
v 39.87998199 43.20293427 51.91176987
v 39.88986588 44.42394257 52.09328842
v 39.87009811 41.98198700 51.73019028
v 39.73949432 42.07903290 51.08449936
v 39.60889435 42.17607880 50.43874741
v 39.90963364 46.86589813 52.45638657
v 39.64843369 47.06005096 51.16494370
v 39.91952133 48.08690643 52.63796616
v 39.24884796 30.16039467 47.33187485
v 39.23896027 28.93944740 47.15029526
v 38.99752808 31.57555580 46.22195053
v 38.98764420 30.35454750 46.04043198
v 39.00741196 32.79650116 46.40353012
v 39.01729584 34.01750946 46.58504868
v 39.02717972 35.23845673 46.76662827
v 39.03706741 36.45946503 46.94814682
v 39.30815506 37.48632050 48.42110825
v 39.04695129 37.68047333 47.12966537
v 39.32297897 39.31780243 48.69344711
v 39.05683517 38.90142059 47.31124496
v 39.31803894 38.70726776 48.60268784
v 39.06671906 40.12242889 47.49276352
v 39.32792282 39.92827606 48.78420639
v 39.45358276 39.22069550 49.33919907
v 39.45852280 39.83123016 49.42995834
v 39.44863892 38.61022186 49.24837875
v 39.34275055 41.75975800 49.05654526
v 39.07660294 41.34337616 47.67434311
v 39.33780670 41.14928436 48.96578598
v 39.08648682 42.56438446 47.85586166
v 39.34769058 42.37023163 49.14730453
v 39.47335052 41.66271210 49.70229721
v 39.47829437 42.27318573 49.79305649
v 39.33286285 40.53874969 48.87502670
v 39.36745834 44.81218719 49.51040268
v 39.35757446 43.59123993 49.32888412
v 38.63537598 35.52971649 44.82943344
v 38.63043594 34.91918182 44.73867416
v 38.76103592 34.82213593 45.38436508
v 38.76597977 35.43260956 45.47518539
v 38.62549210 34.30870819 44.64791489
v 38.75609207 34.21166229 45.29360580
v 38.74620819 32.99065399 45.11208725
v 38.65514374 37.97167206 45.19253159
v 38.65020370 37.36119843 45.10177231
v 38.78080368 37.26409149 45.74746323
v 38.78574753 37.87456512 45.83828354
v 38.64525986 36.75066376 45.01101303
v 38.77586365 36.65361786 45.65670395
v 38.77091980 36.04314423 45.56594467
v 38.57995987 36.79918671 44.68813705
v 38.57748795 36.49394989 44.64272690
v 38.64279175 36.44542694 44.96560287
v 38.57625198 36.34136200 44.62002182
v 38.64031982 36.14019012 44.92019272
v 38.57501984 36.18871307 44.59737778
v 38.54483795 36.51824188 44.48128891
v 38.54360199 36.36559296 44.45858383
v 38.54236603 36.21300507 44.43593979
v 38.63784790 35.83495331 44.87484360
v 38.54113388 36.06035614 44.41323471
v 38.57378387 36.03612518 44.57467270
v 38.53989792 35.90776825 44.39052963
v 38.57254791 35.88347626 44.55196762
v 38.57007599 35.57823944 44.50655746
v 38.79563141 39.09557343 46.01980209
v 42.64424515 17.81011391 63.05796432
v 42.26645660 18.09093666 61.19010544
v 41.88866806 18.37169838 59.32224655
v 41.51088333 18.65252113 57.45438766
v 41.13309479 18.93328285 55.58651352
v 41.19315338 24.63555336 56.50425339
v 41.17158508 24.37737465 56.36802292
v 40.75531006 19.21410561 53.71865463
v 41.05147934 23.82372475 55.70467758
v 40.94178772 23.70952797 55.14120102
v 40.99857712 23.73864174 55.42971420
v 40.88379669 23.73864174 54.85299301
v 40.82737732 23.82372475 54.57870102
v 40.77413177 23.96160316 54.32607651
v 41.09902573 23.96160316 55.95846176
v 40.72566986 24.14892006 54.10280991
v 41.20397568 24.91558266 56.58884811
v 41.13974380 24.14892006 56.18333054
v 40.68437958 24.37737465 53.92000961
v 40.65213776 24.63555336 53.78591537
v 40.62973785 24.91558266 53.70357895
v 40.61798477 25.20952797 53.67629623
v 40.61758423 25.50353432 53.70602036
v 40.62840271 25.78356361 53.79067612
v 41.20357513 25.20952797 56.61863327
v 41.19181824 25.50353432 56.59128952
v 41.16942215 25.78356361 56.50901413
v 41.13718033 26.04174232 56.37485886
v 41.09589005 26.27019691 56.19211960
v 41.04742432 26.45751381 55.96883774
v 40.99417877 26.59539223 55.71615219
v 40.64997101 26.04174232 53.92690659
v 40.68181229 26.27019691 54.11159897
v 40.77007675 26.59539223 54.59017563
v 40.82297897 26.68047523 54.86520004
v 40.72253418 26.45751381 54.33639145
v 40.87976837 26.70952797 55.15365219
v 40.93775940 26.68047523 55.44192123
v 39.89616394 38.93834686 51.53243637
v 39.78647614 38.82415009 50.96895981
v 39.84326553 38.85326385 51.25747299
v 39.67206192 38.93834686 50.40645981
v 39.72848129 38.85326385 50.68075180
v 39.61882019 39.07616425 50.15383530
v 39.57035446 39.26348114 49.93050766
v 40.01627350 39.49193573 52.19570541
v 40.03784180 39.75011444 52.33199692
v 40.04866028 40.03014374 52.41659164
v 39.98442841 39.26348114 52.01101303
v 40.01410675 40.89818573 52.33669662
v 40.03650665 40.61815643 52.41903305
v 40.04825974 40.32415009 52.44631577
v 39.94371033 39.07616425 51.78622055
v 39.94057465 41.38481903 52.01980209
v 39.98186493 41.15636444 52.20260239
v 39.89210892 41.57213593 51.79653549
v 39.78244781 41.79503632 51.26961899
v 39.83886719 41.70995331 51.54391098
v 39.72445679 41.82415009 50.98141098
v 39.66766357 41.79503632 50.69289780
v 39.52906418 39.49193573 49.74776840
v 39.49682236 39.75011444 49.61361313
v 39.47442627 40.03014374 49.53133774
v 39.49465561 41.15636444 49.75466537
v 39.52650070 41.38481903 49.93929672
v 39.46266937 40.32415009 49.50405502
v 39.47309113 40.89818573 49.61837387
v 39.46226883 40.61815643 49.53377914
v 39.61476517 41.70995331 50.41793442
v 39.56721878 41.57213593 50.16415024
v 41.72489548 19.05333900 54.60360336
v 41.38177109 19.02843666 54.86159897
v 41.04639816 19.27770424 53.20339584
v 41.38470840 19.30620766 52.92165756
v 41.89217758 19.34899330 52.49898911
v 42.06801605 19.07830238 54.34560776
v 41.72301865 19.33471107 52.63985825
v 42.41114044 19.10320473 54.08761215
v 42.06133270 19.36321449 52.35811996
v 41.71847534 19.47808266 51.64016342
v 41.88642883 19.49321938 51.49331284
v 41.55052185 19.46294594 51.78701401
v 42.56879807 19.40600014 51.93545151
v 42.75426102 19.12816811 53.82961655
v 42.39964294 19.39171791 52.07632065
v 43.09738541 19.15307045 53.57162094
v 42.73795319 19.42022133 51.79452133
v 42.39028549 19.53869057 51.05282211
v 42.55823898 19.55382729 50.90597153
v 42.22233582 19.52349281 51.19967270
v 42.23048782 19.37749672 52.21718979
v 42.05438232 19.50835609 51.34652328
v 43.07626724 19.44872475 51.51278305
v 42.90711212 19.43450356 51.65365219
v 42.72619247 19.56896400 50.75918198
v 42.89414597 19.58410072 50.61233139
v 43.44050598 19.17803383 53.31362534
v 42.40526581 18.54766273 57.96751022
v 43.11075211 18.58324623 57.54667282
v 43.81624222 18.61882973 57.12583542
v 43.81036758 18.06322670 61.00571823
v 43.08563614 18.04198647 61.33140182
v 43.05864334 17.78209877 63.15238571
v 42.72327042 18.03136635 61.49424362
v 43.22632980 17.65746498 63.98148727
v 43.04153824 17.65484047 64.04508209
v 42.87505341 17.77855873 63.22190475
v 43.46450806 19.43859291 51.48873520
v 43.69271088 19.26745033 52.62789536
v 43.92087555 19.09630775 53.76681137
v 44.14899826 18.92516518 54.90554428
v 44.37708282 18.75408363 56.04410934
v 44.60512543 18.58306313 57.18247604
v 44.83313370 18.41204262 58.32065964
v 44.85585403 23.98052406 58.43406296
v 45.08420944 24.11504555 59.57395554
v 45.09622192 22.65477943 59.63395309
v 44.86865234 22.52788734 58.49796677
v 45.10823441 21.19445229 59.69388962
v 44.88145065 21.07518959 58.56180954
v 44.83025742 26.88585854 58.30631638
v 45.06018066 27.03557777 59.45402145
v 45.07219315 25.57531166 59.51401901
v 44.84305573 25.43322182 58.37015915
v 44.80466461 29.79119301 58.17850876
v 44.92040634 29.87365150 58.75632858
v 44.92660904 29.14544106 58.78727341
v 44.81106186 29.06487465 58.21049118
v 44.93281555 28.41716957 58.81821823
v 44.81746292 28.33849525 58.24241257
v 45.04816437 28.49584389 59.39402390
v 45.05417252 27.76574135 59.42405319
v 44.77906799 32.69652557 58.05076218
v 44.89559555 32.78661346 58.63242722
v 44.90179825 32.05834198 58.66343307
v 44.78546906 31.97020912 58.08268356
v 44.95996475 32.10247040 58.95377731
v 44.96301651 31.73784828 58.96903610
v 44.90489960 31.69426918 58.67887497
v 44.99207687 31.75969887 59.11405563
v 44.99359131 31.57726479 59.12162399
v 44.96454239 31.55559731 58.97660446
v 44.98058701 31.38408852 59.05668259
v 44.96607208 31.37328529 58.98423386
v 44.99510574 31.39483070 59.12919235
v 44.93703461 31.35167885 58.83933640
v 44.90800095 31.33013344 58.69437790
v 44.84993362 31.28698158 58.40452194
v 44.79186630 31.24382973 58.11466599
v 44.85308456 30.92333412 58.42026901
v 44.79506683 30.88067055 58.13059616
v 44.90955353 31.14806557 58.70212936
v 44.91110229 30.96599770 58.70988083
v 44.91420364 30.60192299 58.72532272
v 44.85623550 30.55968666 58.43595505
v 44.79826355 30.51751137 58.14658737
v 44.93857574 31.16954994 58.84696579
v 44.96683502 31.28209877 58.98807907
v 44.96759796 31.19097328 58.99186325
v 44.96836090 31.09984779 58.99564743
v 44.96912384 31.00866127 58.99949265
v 44.94011307 30.98736000 58.85465622
v 44.98134613 31.29290199 59.06052780
v 44.98860550 31.29827309 59.09672165
v 44.98898315 31.25267982 59.09861374
v 44.98172760 31.24730873 59.06241989
v 44.99280167 31.23253822 59.11765671
v 44.98917389 31.22985268 59.09959030
v 44.99299240 31.20977211 59.11863327
v 44.98936462 31.20708656 59.10050583
v 44.98210907 31.20171547 59.06431198
v 44.98248672 31.15612221 59.06620407
v 44.98286819 31.11052895 59.06809616
v 44.98974228 31.16149330 59.10239792
v 44.99011993 31.11590004 59.10429001
v 44.98362732 31.01934242 59.07188034
v 44.97064972 30.82641029 59.00712204
v 44.97217560 30.64409828 59.01469040
v 44.97522736 30.27947426 59.02994919
v 44.91730499 30.23778725 58.74082565
v 44.97827911 29.91491127 59.04520798
v 44.99410248 35.06713104 59.12418747
v 45.00011063 34.33696747 59.15415573
v 44.76626968 34.14916229 57.98685837
v 44.75347137 35.60186005 57.92301559
v 44.98809814 35.79723358 59.09421921
v 45.10831451 35.52892303 59.69431686
v 45.11121750 35.16289520 59.70878220
v 45.10540771 35.89495087 59.67979050
v 45.16549301 35.76055145 59.97971725
v 45.16691971 35.57732391 59.98685837
v 45.16406250 35.94377899 59.97257614
v 45.19409943 35.87651825 60.12253952
v 45.19480896 35.78484344 60.12607956
v 45.19339371 35.96819305 60.11899948
v 45.20805740 35.98040009 60.19218063
v 45.20875931 35.88872528 60.19572067
v 45.20946503 35.79698944 60.19919968
v 45.19622421 35.60149384 60.13309860
v 45.16977692 35.21080780 60.00114059
v 45.11703110 34.43083954 59.73783493
v 45.11993408 34.06481171 59.75230026
v 45.12284088 33.69884491 59.76682663
v 45.00611877 33.60680389 59.18412399
v 45.17549133 34.47777557 60.02964401
v 45.17834854 34.11132050 60.04386520
v 45.01212311 32.87670135 59.21415329
v 44.72787857 38.50719452 57.79520798
v 44.96406937 38.71776581 58.97422409
v 44.97608185 37.25749969 59.03422165
v 44.74067688 37.05449677 57.85911179
v 45.09378815 37.35900116 59.62180710
v 45.09959793 36.62700653 59.65079880
v 44.98209000 36.52739716 59.06418991
v 45.15835190 36.67681122 59.94407272
v 45.16120911 36.31029510 59.95835495
v 45.10250092 36.26097870 59.66526413
v 45.19055939 36.33495331 60.10483932
v 45.19197464 36.15160370 60.11191940
v 45.16263580 36.12706757 59.96543503
v 44.34168625 29.46129799 55.86745834
v 44.57317352 29.62621498 57.02299118
v 44.58675766 28.18120766 57.09080124
v 44.35605240 28.02385902 55.93911362
v 44.68891907 29.70873451 57.60074997
v 44.31295776 32.33617401 55.72402573
v 44.54601288 32.51634979 56.88737106
v 44.55959320 31.07128334 56.95518112
v 44.32732010 30.89873695 55.79574203
v 44.67573166 31.15758705 57.53489304
v 44.68232346 30.43316078 57.56785202
v 44.56638336 30.34874916 56.98911667
v 44.28422546 35.21105194 55.58059311
v 44.25549698 38.08592987 55.43716049
v 44.22676468 40.96080780 55.29378891
v 44.70228195 41.41252899 57.66746140
v 43.87870789 29.13140297 53.55636215
v 43.84684372 31.97582436 53.39730453
v 43.81497955 34.82024384 53.23818588
v 43.78311539 37.66472626 53.07912827
v 43.65565491 49.04247284 52.44289780
v 43.89811707 49.31395721 53.65322495
v 43.91326523 47.88414764 53.72884750
v 43.67158890 47.62023163 52.52242661
v 43.92841339 46.45427704 53.80447006
v 43.68751907 46.19799042 52.60195541
v 43.63972473 50.46465302 52.36336899
v 43.38073349 31.61547279 51.07052231
v 43.41573334 28.80150795 51.24526596
v 43.34573364 34.42943573 50.89583969
v 43.20573425 45.68541718 50.19698715
v 43.17073441 48.49944305 50.02224350
v 43.37976456 51.60015106 51.06570053
v 43.62379074 51.88689423 52.28384018
v 43.13573456 51.31340790 49.84756088
v 43.36304855 53.01476288 50.98226547
v 43.60785675 53.30913544 52.20431137
v 43.11823654 52.72039032 49.76021957
v 43.16187668 21.57616615 49.97805405
v 43.04809189 21.51268959 49.41006088
v 43.02902222 22.90447426 49.31484604
v 43.25737762 23.03899574 50.45479965
v 43.27566147 21.63958168 50.54604721
v 43.48573303 23.17351723 51.59469223
v 43.50323105 21.76647377 51.68203354
v 43.28480148 20.93987465 50.59164047
v 43.52072906 20.35949135 51.76937485
v 43.29394531 20.24022865 50.63729477
v 43.17121506 20.87835121 50.02468491
v 43.17588043 20.52947426 50.04793930
v 43.18054962 20.18059731 50.07125473
v 42.91461945 31.25512123 48.74380112
v 42.95275497 28.47155190 48.93416977
v 42.87648773 34.03868866 48.55343246
v 42.68581390 47.95641327 47.60165024
v 42.72394943 45.17284393 47.79201889
v 42.64767838 50.73998260 47.41128159
v 42.46914291 29.51824379 46.52004623
v 42.44850922 30.89476967 46.41707993
v 42.48977661 28.14165688 46.62307358
v 42.42787552 32.27135468 46.31405258
v 42.40723801 33.64788055 46.21102524
v 42.36597061 36.40099335 46.00503159
v 42.83835220 36.82219696 48.36306381
v 42.28343201 41.90715790 45.59304428
v 42.26279831 43.28374481 45.49001694
v 42.24216080 44.66027069 45.38705063
v 42.22152710 46.03685760 45.28402328
v 42.20089340 47.41338348 45.18099594
v 42.21545410 30.71459389 45.25368881
v 42.23686981 29.34563637 45.36062241
v 41.94909286 32.57640839 43.92409897
v 41.93799210 33.25707245 43.86867905
v 42.17261505 33.45250702 45.03988266
v 42.19403458 32.08354950 45.14675522
v 41.96019363 31.89574623 43.97951889
v 41.91579056 34.61840057 43.75783920
v 41.89358902 35.97972870 43.64699936
v 41.87138748 37.34105682 43.53615952
v 41.84918594 38.70238495 43.42538071
v 42.32469940 39.15410614 45.79903793
v 41.82698059 40.06371307 43.31454086
v 41.80477905 41.42504120 43.20370102
v 42.04410553 41.66613007 44.39834213
v 41.77147675 43.46703339 43.03744125
v 41.76037598 44.14769745 42.98202133
v 42.00127029 44.40398407 44.18453598
v 42.02268600 43.03502655 44.29146957
v 41.78257751 42.78636932 43.09286118
v 41.79367828 42.10570526 43.14828110
v 41.95843124 47.14189911 43.97072983
v 41.97985077 45.77294159 44.07760239
v 41.74927521 44.82836151 42.92660141
v 41.73817444 45.50902557 42.87124252
v 41.82067871 33.15935516 43.28304672
v 41.83197784 32.48064423 43.33944321
v 41.65739822 35.76909637 42.46798325
v 41.68038177 34.41539764 42.58272934
v 41.61142731 38.47655487 42.23849106
v 41.63441086 37.12285614 42.35323715
v 41.64590454 36.44597626 42.41061020
v 41.51592636 37.01372528 41.76180649
v 41.52761459 36.33873749 41.82015610
v 41.53930283 35.66381073 41.87850571
v 41.45163727 40.72600555 41.44088364
v 41.44579315 41.06346893 41.41170883
v 41.56545639 41.18401337 42.00905991
v 41.57694626 40.50713348 42.06637192
v 41.45748138 40.38848114 41.47005844
v 41.58843994 39.83025360 42.12374496
v 41.46916962 39.71355438 41.52840805
v 41.68511581 41.30449677 42.60634995
v 41.63993073 44.01958466 42.38082504
v 41.65122604 43.34081268 42.43716049
v 41.66252518 42.66204071 42.49355698
v 41.54821396 42.19927216 41.92300034
v 41.54246902 42.53771210 41.89431381
v 41.67382050 41.98326874 42.54995346
v 41.55396271 41.86083221 41.95168686
v 41.48823547 42.13756561 41.62356186
v 41.49403381 41.79961395 41.65249252
v 41.62863159 44.69829559 42.32442856
v 44.30042648 22.25737953 55.66152573
v 44.49407578 23.50200844 56.62809372
v 44.68772888 24.74663734 57.59470749
v 44.57281876 26.22265053 57.02116013
v 43.97430420 20.59807777 54.03353500
v 43.99187851 22.48882484 54.12136459
v 44.45791245 27.69866371 56.44761276
v 44.14935684 27.93010902 54.90743637
v 43.84080505 28.16155434 53.36727524
v 43.68333435 22.72027016 52.58126450
v 43.83952713 39.86125946 53.36092758
v 43.72462082 41.33727264 52.78738022
v 44.19803619 43.83568573 55.15035629
v 43.60971069 42.81328583 52.21377182
v 43.64587784 38.61663055 52.39431381
v 43.45350266 25.67241859 51.43410873
v 43.64715195 26.91698647 52.40066147
v 43.56841660 24.19634438 52.00765610
v 43.45222855 37.37200165 51.42770004
v 42.83513260 37.83489227 48.34749985
v 43.14368057 37.60344696 49.88759995
v 42.72021866 39.31096649 47.77389145
v 43.30115891 43.04473114 50.67367172
v 42.99260330 43.27617645 49.13351059
v 42.79895401 42.03160858 48.16689682
v 42.60530472 40.78704071 47.20028305
v 41.55319595 43.27617645 49.42190170
v 40.03632736 42.77837372 49.32357407
v 40.11378860 43.27617645 49.71023178
v 39.95886612 42.28050995 48.93697739
v 41.16589355 40.78704071 47.48867416
v 39.80394745 41.28484344 48.16366196
v 39.88140869 41.78270721 48.55031967
v 39.72648621 40.78704071 47.77706528
v 39.81842041 39.60619354 48.23592758
v 39.86438370 39.01573944 48.46535873
v 41.39572525 37.83489227 48.63589096
v 39.77245331 40.19658661 48.00649643
v 39.91035080 38.42534637 48.69478989
v 39.95631790 37.83489227 48.92422104
v 42.01281738 37.37200165 51.71609116
v 40.20315552 37.64971161 50.15633774
v 40.07973480 37.74230194 49.54024887
v 40.32657242 37.55718231 50.77236557
v 40.44999313 37.46459198 51.38839340
v 40.57341003 37.37200165 52.00448227
v 42.40011978 39.86125946 53.64931870
v 40.72833252 38.36772919 52.77773666
v 40.65087128 37.86986542 52.39107895
v 40.80578995 38.86553192 53.16439438
v 40.88325119 39.36339569 53.55099106
v 40.96071243 39.86125946 53.93764877
v 40.91474915 40.45165253 53.70821762
v 40.86878586 41.04204559 53.47878647
v 42.17030334 42.81328583 52.50216293
v 40.77685928 42.22289276 53.01998520
v 40.82282257 41.63249969 53.24941635
v 40.73089600 42.81328583 52.79055405
v 40.60747528 42.90587616 52.17446518
v 40.48405457 42.99846649 51.55843735
v 40.23720932 43.18358612 50.32632065
v 40.36063004 43.09099579 50.94234848
v 39.88639832 40.86553192 48.57522202
v 40.06909561 40.86931610 49.48714828
v 39.96421814 41.99846649 48.96364975
v 40.23165894 41.71166229 50.29861069
v 40.13308716 41.37371063 49.80660629
v 40.01772308 39.17864227 49.23073959
v 40.25119019 42.57744598 50.39608383
v 40.04894257 40.32415009 49.38656235
v 40.45069122 41.72154999 51.39187241
v 40.60382462 42.31298065 52.15627670
v 40.34360123 41.82415009 50.85732651
v 40.54977036 41.39580536 51.88644028
v 40.73514938 40.62609100 52.81179428
v 40.61616516 40.89403534 52.21786118
v 40.07103729 39.75426483 49.49685287
v 40.13742828 39.25249481 49.82821274
v 40.08338928 38.33519745 49.55849838
v 40.23650742 38.92675018 50.32278061
v 40.34360123 38.82415009 50.85732651
v 40.45554352 38.93663788 51.41610336
v 40.61810684 39.77898407 52.22756577
v 40.80081558 39.78264618 53.13955307
v 40.63825607 40.32415009 52.32815170
v 40.55411148 39.27458954 51.90810776
v 39.73934555 40.32415009 49.44857407
v 39.82783127 39.25249481 49.89028549
v 39.92691040 38.92675018 50.38479233
v 40.03400421 38.82415009 50.91939926
v 40.14594650 38.93663788 51.47811508
v 40.24451447 39.27458954 51.97011948
v 40.30850983 39.77898407 52.28957748
v 40.32865906 40.32415009 52.39016342
v 40.30656815 40.89403534 52.27987289
v 40.24017334 41.39580536 51.94845200
v 40.14109421 41.72154999 51.45394516
v 40.03400421 41.82415009 50.91939926
v 39.92206192 41.71166229 50.36062241
v 39.82349014 41.37371063 49.86861801
v 39.75949860 40.86931610 49.54916000
v 42.40139389 28.16155434 53.65566635
v 40.88452911 27.66375160 53.55739975
v 40.96198654 28.16155434 53.94405746
v 40.80706787 27.16594887 53.17074203
v 42.01409531 25.67241859 51.72243881
v 40.65214539 26.17028236 52.39748764
v 40.72960663 26.66808510 52.78408432
v 40.57468796 25.67241859 52.01082993
v 42.24392319 22.72027016 52.86965561
v 40.66661835 24.49157143 52.46969223
v 40.62065125 25.08202553 52.24026108
v 40.71258545 23.90117836 52.69912338
v 40.75855255 23.31072426 52.92861557
v 40.80451584 22.72027016 53.15804672
v 41.05135345 22.53515053 54.39010239
v 41.17477417 22.44256020 55.00613022
v 42.86101913 22.25737953 55.94985580
v 40.92793655 22.62774086 53.77407455
v 41.29819107 22.34996986 55.62221909
v 41.42161179 22.25737953 56.23826218
v 41.57653046 23.25310707 57.01151657
v 41.65399170 23.75097084 57.39817429
v 43.24831772 24.74663734 57.88309860
v 41.49906921 22.75524330 56.62491989
v 41.73145294 24.24883461 57.78483200
v 41.80891037 24.74663734 58.17148972
v 41.76294708 25.33709145 57.94205856
v 41.71698380 25.92748451 57.71262741
v 43.01850510 27.69866371 56.73594284
v 41.62505722 27.10827065 57.25376511
v 41.67102051 26.51787758 57.48319626
v 41.57909393 27.69866371 57.02433395
v 41.45567322 27.79125404 56.40830612
v 41.33225250 27.88384438 55.79220200
v 41.08541107 28.06902504 54.56008530
v 41.20883179 27.97643471 55.17617416
v 40.73459625 25.75097084 52.80898666
v 40.91729355 25.75475502 53.72097397
v 40.81241608 26.88390541 53.19747543
v 41.07985687 26.59710121 54.53237534
v 40.98128891 26.25908852 54.04037094
v 40.86592484 24.06408119 53.46456528
v 41.09938812 27.46288490 54.62984848
v 40.89714432 25.20952797 53.62038803
v 41.29889297 26.60698891 55.62569809
v 41.45202255 27.19841957 56.39005661
v 41.19179916 26.70952797 55.09115219
v 41.39797211 26.28118324 56.12028122
v 41.58335114 25.51152992 57.04557419
v 41.46436310 25.77941322 56.45164108
v 40.91923523 24.63970375 53.73061752
v 40.98562622 24.13793373 54.06203842
v 40.93158722 23.22063637 53.79232407
v 41.08470535 23.81212807 54.55660629
v 41.19179916 23.70952797 55.09115219
v 41.30374146 23.82201576 55.64992905
v 41.46630478 24.66436195 56.46134567
v 41.64901352 24.66808510 57.37333298
v 41.48645401 25.20952797 56.56193161
v 41.40231323 24.16002846 56.14194870
v 42.56668854 -52.91800690 82.90131378
v 41.63880920 -51.66889191 83.06916046
v 42.33863068 -52.96228790 83.06665802
v 42.07916641 -51.58368683 82.75116730
v 42.75671005 -52.86597443 82.70716095
v 41.16810989 -51.74686432 83.36017609
v 41.85903549 -53.04380035 83.37085724
v 43.61395264 -54.85266876 82.87726593
v 43.26486588 -54.20777130 82.88526154
v 43.03845215 -54.25571442 83.06415558
v 43.38836288 -54.90241241 83.06293488
v 43.77302170 -54.78940582 82.64112091
v 43.43424988 -54.14826202 82.66315460
v 42.68854141 -53.60901642 83.06537628
v 42.54996490 -54.34073639 83.38147736
v 43.09547806 -53.50711823 82.68512726
v 42.91577530 -53.56290436 82.89331818
v 42.92662048 -52.75244904 82.28345490
v 43.45918274 -54.01532745 82.16712189
v 43.45824051 -53.88251495 81.67133331
v 43.07654190 -52.63785553 81.85578156
v 43.32292557 -52.39203644 80.93842316
v 43.21643066 -51.17566681 81.22846222
v 42.97859192 -51.29074860 81.65790558
v 43.21503830 -52.51914215 81.41278839
v 42.69483948 -51.39316559 82.04016876
v 43.21527863 -52.11240387 79.89484406
v 43.21512222 -51.50849152 80.05579376
v 43.30400467 -51.57703400 80.31159210
v 43.30558777 -52.18183136 80.15393829
v 43.33642960 -51.64820099 80.57721710
v 43.34624100 -52.25370026 80.42218781
v 43.30241776 -50.97223663 80.46918488
v 43.32661438 -51.04270172 80.73218536
v 43.21496964 -50.90460968 80.21680450
v 43.29467010 -51.11148834 80.98896027
v 43.31679916 -50.43720245 80.88721466
v 43.26694870 -50.50504303 81.14044952
v 43.16318512 -50.56748199 81.37348175
v 43.21481705 -50.30069733 80.37781525
v 43.30083466 -50.36740875 80.62677765
v 43.31034470 -53.99628448 79.68109894
v 43.30875778 -53.39145660 79.83875275
v 43.36587143 -53.46472931 80.11212921
v 43.37568665 -54.07022858 79.95716095
v 43.21574020 -53.92411041 79.41187286
v 43.21558762 -53.32022858 79.57282257
v 43.42941666 -53.60840607 80.64838409
v 43.21543121 -52.71631622 79.73383331
v 42.84485626 -51.39679718 79.63886261
v 42.35453033 -50.72373199 79.54169464
v 42.85028076 -50.79413605 79.80457306
v 42.32777023 -51.92838287 79.20801544
v 42.83943558 -51.99942780 79.47321320
v 43.05604553 -51.44718170 79.82691193
v 43.05410385 -52.05030060 79.66297150
v 43.05798340 -50.84406281 79.99079132
v 42.85570145 -50.19150543 79.97022247
v 43.05992508 -50.24091339 80.15473175
v 43.04828644 -53.85965729 79.17127228
v 43.05022430 -53.25653839 79.33515167
v 42.82316589 -53.80738068 78.97620392
v 42.82859039 -53.20475006 79.14185333
v 42.83401108 -52.60208893 79.30756378
v 43.05216599 -52.65341949 79.49909210
v 42.30101395 -53.13306427 78.87433624
v 19.76693726 -55.42996979 87.44647980
v 20.23244286 -54.09757233 87.30335236
v 20.63699913 -53.98828888 86.89545441
v 20.15440559 -55.31079865 87.00171661
v 19.42789459 -55.55753326 87.92249298
v 19.86400604 -54.21369171 87.73664093
v 19.15823936 -55.68973541 88.41590118
v 19.55038643 -54.33341217 88.18347931
v 18.96112823 -55.82886505 88.93512726
v 19.29157829 -54.45951080 88.65412140
v 18.39546394 -55.29486847 91.77164459
v 18.51624489 -53.88220978 91.32898712
v 18.51650429 -53.73630524 90.78449249
v 18.36951447 -55.14548492 91.21421051
v 18.64609146 -53.59354401 90.25168610
v 18.49124146 -54.99820709 90.66452789
v 18.15058517 -57.33728790 92.14990997
v 18.21963692 -56.63169098 91.93131256
v 18.22252274 -56.55469513 91.64395905
v 18.14902878 -57.25928497 91.85883331
v 18.21429634 -57.41385651 92.43564606
v 18.27468491 -56.70752716 92.21433258
v 18.33639336 -56.40287018 91.07733917
v 18.91746712 -55.55127716 92.72867584
v 18.95151711 -54.14182281 92.29785919
v 18.66951561 -54.01926422 91.84046173
v 18.59217262 -55.43189240 92.28302765
v 18.51482964 -56.84452057 92.72559357
v 18.88341713 -56.96076202 93.15946198
v 19.81994438 -55.72617340 93.38135529
v 19.77859497 -54.32971954 92.99918365
v 19.32992935 -54.24631500 92.68784332
v 19.33642578 -55.65012360 93.09754181
v 19.34292221 -57.05393219 93.50724030
v 19.86129379 -57.12262726 93.76352692
v 20.34758377 -55.78079987 93.58527374
v 20.27806854 -54.39194489 93.23139191
v 20.41709709 -57.16968536 93.93915558
v 24.07772636 -54.86859894 93.40055084
v 24.90984535 -52.99488068 92.84708405
v 23.84686661 -53.06275177 93.10034943
v 25.29733658 -55.68476105 93.22690582
v 25.92439270 -52.90033722 92.49423981
v 27.88509941 -52.65735626 91.58753204
v 26.91711998 -52.78519440 92.06458282
v 27.38457108 -55.44522858 92.33298492
v 28.39278793 -55.30390167 91.80554962
v 29.76996422 -52.37677765 90.54044342
v 28.83473015 -52.52039337 91.07642365
v 29.38190651 -55.15366364 91.24488068
v 30.35715675 -54.99729156 90.66129303
v 31.60979271 -52.07694244 89.42139435
v 30.69450378 -52.22876740 89.98804474
v 31.32364845 -54.83740997 90.06461334
v 32.28429031 -54.67511749 89.45890045
v 32.51645279 -51.92160797 88.84174347
v 33.24086380 -54.51117706 88.84708405
v 34.30443192 -51.60132599 87.64649200
v 33.41513443 -51.76322174 88.25061798
v 34.19519043 -54.34641266 88.23212433
v 35.14788055 -54.18109894 87.61524200
v 36.09887314 -54.01529694 86.99640656
v 37.04837418 -53.84909821 86.37616730
v 36.05826569 -51.26865387 86.40497589
v 35.18490219 -51.43625641 87.03040314
v 26.77899933 -58.24860382 93.13636017
v 27.85202408 -58.10526276 92.60138702
v 24.30858612 -56.67444611 93.70078278
v 28.90047836 -57.95044708 92.02359772
v 29.92908287 -57.78693390 91.41333771
v 30.94434738 -57.61780548 90.78214264
v 31.95279121 -57.44605255 90.14115143
v 36.93306732 -51.09803009 85.76819611
v 38.00378799 -53.68131256 85.75000763
v 37.79549789 -50.93015289 85.14167023
v 38.94763565 -53.51712799 85.13727570
v 33.96527100 -57.10074615 88.85239410
v 34.97524261 -56.92960358 88.21369171
v 35.99132919 -56.76087189 87.58393097
v 37.01284027 -56.59433746 86.96240997
v 38.67226791 -50.76377106 84.52075958
v 39.90680695 -53.35495758 84.53205109
v 32.95878983 -57.27329254 89.49643707
v 40.47718048 -50.44995880 83.34955597
v 39.56504822 -50.60318756 83.92139435
v 40.93898392 -50.37546539 83.07160187
v 42.31313705 -50.14850616 82.22461700
v 41.40162277 -50.30139923 82.79517365
v 43.10993958 -49.95929718 81.51850128
v 42.74214935 -50.06235504 81.90302277
v 43.30698395 -49.83170319 81.04224396
v 43.23922348 -49.89859772 81.29187775
v 43.21466064 -49.69678497 80.53876495
v 43.29924774 -49.76261139 80.78437042
v 42.86112595 -49.58884430 80.13587189
v 43.06186295 -49.63779449 80.31861115
v 41.33461761 -49.44651031 79.60462189
v 42.38128662 -49.51905060 79.87537384
v 40.88027954 -53.19846344 83.94800568
v 24.53944588 -58.48029327 94.00101471
v 25.68482971 -58.37464142 93.60669708
v 38.03848267 -56.42951202 86.34735870
v 39.07451248 -56.26459503 85.73181915
v 40.09977722 -56.10407257 85.13282013
v 41.14134979 -55.94611359 84.54328156
v 42.19551086 -55.79373932 83.97461700
v 43.24089432 -55.63767242 83.39215851
v 43.73827362 -55.54911041 83.06165314
v 43.96304321 -55.49756622 82.86920929
v 44.10374451 -55.39069366 82.47046661
v 43.83994293 -55.12717438 81.48694611
v 43.53590775 -54.82477570 80.35834503
v 41.10259247 -54.26660919 78.27527618
v 43.99174881 -55.27823639 82.05072784
v 43.28309631 -54.57428741 79.42359161
v 43.21589661 -54.52802277 79.25086212
v 43.04634476 -54.46277618 79.00733185
v 42.81774521 -54.41004181 78.81055450
v 42.27425766 -54.33771515 78.54059601
v 40.07961273 -51.82132721 78.80841827
v 40.25620270 -49.41114044 79.47254181
v 39.17491531 -49.38352203 79.36945343
v 38.93864822 -51.79227448 78.69995880
v 38.09114456 -49.35907745 79.27820587
v 37.79378891 -51.77170563 78.62317657
v 35.92715073 -49.39514923 79.41278839
v 37.00460434 -49.35916901 79.27857208
v 36.64936066 -51.78400421 78.66907501
v 35.51900482 -51.83264923 78.85059357
v 33.82481384 -49.53717804 79.94275665
v 34.86679459 -49.45688629 79.64325714
v 34.40848923 -51.90637970 79.12580109
v 33.32161713 -52.00074005 79.47791290
v 31.81529236 -49.75339508 80.74970245
v 32.80690384 -49.63590240 80.31116486
v 32.26399231 -52.11515045 79.90485382
v 31.23681450 -52.24912262 80.40485382
v 29.92363548 -50.02863312 81.77686310
v 30.85972595 -49.88550568 81.24274445
v 30.24309158 -52.39521027 80.95014191
v 29.25868797 -52.54770660 81.51917267
v 28.06136513 -50.31922150 82.86127472
v 28.99496651 -50.17499542 82.32312775
v 28.27472115 -52.70038605 82.08899689
v 27.28436279 -52.85025787 82.64826202
v 26.17854691 -50.60053253 83.91114044
v 27.12202263 -50.46094513 83.39026642
v 26.28985596 -52.99832916 83.20087433
v 25.29572296 -53.14618683 83.75269318
v 39.90302277 -54.23151398 78.14429474
v 38.70238113 -54.20102692 78.03046417
v 37.49642944 -54.18433380 77.96814728
v 36.29412079 -54.20883942 78.05957794
v 35.11085892 -54.27011871 78.28833771
v 33.95018387 -54.35587311 78.60840607
v 32.81842422 -54.46430206 79.01306915
v 31.72108269 -54.59439850 79.49860382
v 30.65833664 -54.74481964 80.05994415
v 29.62645531 -54.90494537 80.65753937
v 28.59374046 -55.06674957 81.26148224
v 27.55447388 -55.22577667 81.85486603
v 26.50735855 -55.38129425 82.43531036
v 25.45769119 -55.53568268 83.01148224
v 24.41289902 -55.69181061 83.59424591
v 24.29959297 -53.29792023 84.31897736
v 25.22588539 -50.74051666 84.43354034
v 24.29229736 -50.88083649 84.95716095
v 23.33311081 -53.45377350 84.90058136
v 23.36438751 -51.02747345 85.50440216
v 22.38413239 -53.61997223 85.52094269
v 21.46945953 -53.79831696 86.18653107
v 21.60218811 -51.34323883 86.68280792
v 22.45673943 -51.18235016 86.08246613
v 20.73622704 -51.52600861 87.36493683
v 18.80093956 -52.18888092 89.83884430
v 19.27978897 -51.94147491 88.91547394
v 18.63702393 -52.46955109 90.88629913
v 18.66349602 -52.32712555 90.35474396
v 18.98556709 -52.73233795 91.86707306
v 18.74685860 -52.60663605 91.39789581
v 19.73724365 -52.93326569 92.61701202
v 19.32343102 -52.84247589 92.27814484
v 19.95247841 -51.72086334 88.09210968
v 23.37330246 -55.85532379 84.20447540
v 22.37392426 -56.02671051 84.84400177
v 21.40387726 -56.21250153 85.53742218
v 20.48217964 -56.41431427 86.29059601
v 20.84057426 -54.89438629 93.49677277
v 20.20855331 -53.00305939 92.87754059
v 19.67181015 -56.63333893 87.10803986
v 19.30143166 -56.76236725 87.58954620
v 18.99178314 -56.90137482 88.10834503
v 18.76609421 -57.04605865 88.64832306
v 18.40353394 -57.50510406 90.36148834
v 18.63067818 -57.19818878 89.21613312
v 18.18154335 -57.80753326 91.49018097
v 20.96208191 -56.73777008 93.93714142
v 18.43748665 -58.25714874 93.16815948
v 18.84936714 -58.37024689 93.59027863
v 19.34942055 -58.45777130 93.91690826
v 19.90264511 -58.51908112 94.14569855
v 20.48661232 -58.55854034 94.29300690
v 21.08359146 -58.58118439 94.37751007
v 18.07553291 -57.96387482 92.07367706
v 18.08153152 -58.04288483 92.36850739
v 18.15390587 -58.12018585 92.65699005
v 21.30460739 -54.91440582 93.57144928
v 21.58800125 -58.58951569 94.40866852
v 21.44630432 -56.75196075 93.99005890
v 22.05725861 -53.09870148 93.23444366
v 22.58537674 -58.58206940 94.38077545
v 23.57255554 -58.54431915 94.23996735
v 22.95570946 -53.09284210 93.21268463
v 20.22464561 -52.18112946 89.80997467
v 19.25093269 -52.18115997 89.80997467
v 19.25093269 -52.42020416 90.70215607
v 20.22464561 -52.42020416 90.70215607
v 19.25093269 -52.65924835 91.59433746
v 20.22464561 -52.65924835 91.59433746
v 22.17207146 -52.65924835 91.59433746
v 21.19835854 -52.65924835 91.59433746
v 21.19835854 -52.89829254 92.48651886
v 22.17207146 -52.89829254 92.48651886
v 20.22464561 -52.89829254 92.48651886
v 22.17207146 -52.18112946 89.80997467
v 24.11949730 -52.42017365 90.70215607
v 24.11949730 -52.18109894 89.80997467
v 24.11949730 -52.65921783 91.59433746
v 24.11949730 -51.94205475 88.91779327
v 24.11949730 -51.70301056 88.02564240
v 22.17207146 -51.70301056 88.02564240
v 25.09321213 -52.18109894 89.80997467
v 25.09321213 -52.42014313 90.70215607
v 25.09321213 -52.65921783 91.59433746
v 26.06692505 -52.42014313 90.70215607
v 26.06692505 -52.65921783 91.59433746
v 26.06692505 -51.22489166 86.24127960
v 25.09321213 -51.22489166 86.24127960
v 25.09321213 -51.46393585 87.13343048
v 24.11949730 -51.22489166 86.24127960
v 24.11949730 -51.46393585 87.13343048
v 27.04063797 -52.42014313 90.70218658
v 27.04063797 -52.65918732 91.59433746
v 28.01435089 -51.46390533 87.13343048
v 28.01435089 -51.22486115 86.24127960
v 27.04063797 -51.22486115 86.24127960
v 28.01435089 -50.74674225 84.45691681
v 26.06692505 -50.74677277 84.45691681
v 29.96177673 -51.70294952 88.02564240
v 28.98806381 -51.70298004 88.02564240
v 28.98806381 -51.94202423 88.91782379
v 29.96177673 -51.94202423 88.91782379
v 28.98806381 -52.18106842 89.81000519
v 29.96177673 -52.18106842 89.81000519
v 29.96177673 -50.74674225 84.45691681
v 29.96177673 -51.22486115 86.24127960
v 31.90920448 -51.22483063 86.24127960
v 31.90920448 -51.70294952 88.02564240
v 31.90920448 -50.98578644 85.34912872
v 31.90920448 -50.74674225 84.45691681
v 31.90920448 -50.50766754 83.56476593
v 31.90920448 -50.26862335 82.67255402
v 29.96177673 -50.26862335 82.67255402
v 32.88291550 -50.26862335 82.67255402
v 34.83034134 -50.26859283 82.67255402
v 35.80405426 -50.26859283 82.67255402
v 35.80405426 -49.79047394 80.88825226
v 33.85662842 -49.79050446 80.88819122
v 33.85662842 -50.26859283 82.67255402
v 35.80405426 -50.50763702 83.56476593
v 35.80405426 -50.74671173 84.45691681
v 37.75148010 -50.74668121 84.45691681
v 37.75148010 -50.26856232 82.67255402
v 37.75148010 -49.79047394 80.88825226
v 39.69890976 -49.79044342 80.88825226
v 39.69890976 -50.26856232 82.67261505
v 43.10690308 -49.79041290 80.88825226
v 42.62004852 -49.79044342 80.88825226
v 42.62004852 -49.90995026 81.33429718
v 43.10690308 -49.90995026 81.33429718
v 41.64633560 -49.79044342 80.88825226
v 41.64633560 -50.02948761 81.78040314
v 25.89514351 -52.21097565 89.92145538
v 25.15232658 -51.98441315 89.07593536
v 25.43667412 -52.11679840 89.57004547
v 27.55091476 -52.16162872 89.73731232
v 27.03936195 -52.23520660 90.01197052
v 26.45793152 -52.25254059 90.07663727
v 25.08538437 -51.83393097 88.51428986
v 25.24604225 -51.68827057 87.97071075
v 26.12139511 -51.49600983 87.25318146
v 25.60984230 -51.56961823 87.52783966
v 27.91471481 -52.04294586 89.29447174
v 27.72408295 -51.61441803 87.69513702
v 27.26561546 -51.52027130 87.34369659
v 28.07537270 -51.89728546 88.75086212
v 28.00843048 -51.74680328 88.18921661
v 26.70282555 -51.47867584 87.18854523
v 33.85662842 -51.22483063 86.24127960
v 32.51114273 -50.76251984 84.51581573
v 32.57808685 -50.91300201 85.07746124
v 32.67180252 -50.61685944 83.97223663
v 32.86243439 -51.04538727 85.57160187
v 33.03560257 -50.49817657 83.52936554
v 33.32090378 -51.13953400 85.92298126
v 34.46512222 -51.16379547 86.01349640
v 33.88368988 -51.18109894 86.07819366
v 34.97667313 -51.09018707 85.73883820
v 35.34047318 -50.97153473 85.29602814
v 35.50113297 -50.82587433 84.75238800
v 35.43419266 -50.67539215 84.19074249
v 35.14984131 -50.54297638 83.69666290
v 34.69137573 -50.44882965 83.34522247
v 33.54715347 -50.42459869 83.25470734
v 34.12858582 -50.40726471 83.19007111
v 21.40616417 -58.28589630 93.27555084
v 22.46069908 -58.21491241 93.01053619
v 22.67107964 -58.42417145 93.79160309
v 21.61654663 -58.49518585 94.05661774
v 24.14900208 -57.65430450 90.91837311
v 26.25806808 -57.51227570 90.38834381
v 26.67883301 -57.93085480 91.95047760
v 24.56976509 -58.07288361 92.48050690
v 22.03993416 -57.79633331 91.44840240
v 20.14124870 -58.14762115 92.75949860
v 20.35163116 -58.35691071 93.54056549
v 19.93086624 -57.93836212 91.97843170
v 19.08671570 -58.21863556 93.02451324
v 18.45425797 -58.14951324 92.76648712
v 18.98152351 -58.11399078 92.63397980
v 18.34906578 -58.04486847 92.37592316
v 18.87633324 -58.00934601 92.24344635
v 30.05543900 -56.80966949 87.76612091
v 32.16450500 -56.66767120 87.23609161
v 32.58526993 -57.08621979 88.79825592
v 30.47620392 -57.22824860 89.32828522
v 21.61916924 -57.37775421 89.88626862
v 19.72048378 -57.72907257 91.19733429
v 19.51010323 -57.51978302 90.41626740
v 18.24387550 -57.94022369 91.98538971
v 18.77114105 -57.90470123 91.85288239
v 18.66595078 -57.80008698 91.46234894
v 23.30747223 -56.81717682 87.79407501
v 21.19840622 -56.95917511 88.32410431
v 20.14387131 -57.03018951 88.58911896
v 19.29972076 -57.31049347 89.63520050
v 19.08933830 -57.10120392 88.85413361
v 41.86831284 -55.12042999 81.46173859
v 42.92284775 -55.04941559 81.19672394
v 43.13322830 -55.25870514 81.97779083
v 42.07869720 -55.32968903 82.24280548
v 43.34361267 -55.46796417 82.75885773
v 42.28907776 -55.53897858 83.02387238
v 39.75924683 -55.26242828 81.99170685
v 40.18001175 -55.68100739 83.55390167
v 37.65018082 -55.40445709 82.52173615
v 38.07094193 -55.82303619 84.08393097
v 20.98802376 -56.74988556 87.54303741
v 22.88670921 -56.39859772 86.23194122
v 20.77764130 -56.54062653 86.76197052
v 19.93348885 -56.82089996 87.80805206
v 41.44754791 -54.70185089 79.89954376
v 42.50208282 -54.63083649 79.63452911
v 42.71246719 -54.84012604 80.41565704
v 41.65793228 -54.91114044 80.68067169
v 39.33848190 -54.84387970 80.42957306
v 37.22941589 -54.98587799 80.95960236
v 42.39689255 -54.52619171 79.24402618
v 41.23716736 -54.49256134 79.11847687
v 42.29170227 -54.42154694 78.85346222
v 42.92416000 -54.49069977 79.11151886
v 43.02935028 -54.59534454 79.50208282
v 36.80865097 -54.56729889 79.39746857
v 38.91771698 -54.42530060 78.86743927
v 34.27357101 -56.52564240 86.70606232
v 38.49170685 -56.24158478 85.64606476
v 26.88505554 -57.51316071 90.39163971
v 28.17753601 -57.27451324 89.50089264
v 29.47001648 -57.03583527 88.61017609
v 25.44023132 -57.34281158 89.75583649
v 35.11662292 -56.27490997 85.77014923
v 36.56913757 -56.10898590 85.15094757
v 33.66410828 -56.44083405 86.38941193
v 32.38261414 -56.19824982 85.48401642
v 31.10112000 -55.95566559 84.57868195
v 29.31767273 -56.62680817 87.08362579
v 23.99540710 -57.17243195 89.12006378
v 36.74015808 -55.70044708 83.62616730
v 36.91117859 -55.29190826 82.10144806
v 35.62956238 -55.04932404 81.19605255
v 34.34794617 -54.80673981 80.29071808
v 32.89555359 -54.97269440 80.90998077
v 32.59051514 -54.85135651 80.45752716
v 29.21391106 -55.97254181 84.64185333
v 23.84306335 -56.76340485 87.59351349
v 29.16532898 -56.21775055 85.55707550
v 27.72050476 -56.04740143 84.92127228
v 31.27214050 -55.54715729 83.05396271
v 23.69071960 -56.35434723 86.06696320
v 28.79314613 -55.55396271 83.07971954
v 24.98320007 -56.11569977 85.17621613
v 30.48145103 -54.99338531 80.98755646
v 31.44316101 -55.13861847 81.52930450
v 26.27568054 -55.87702179 84.28546906
v 24.57501221 -55.83798981 84.13977814
v 35.15275192 -52.47669220 83.18207550
v 35.43419647 -52.60819244 83.67292023
v 34.09757233 -52.33948517 82.67005157
v 34.67744446 -52.37979889 82.82056427
v 33.03903961 -52.43021393 83.00867462
v 33.54716110 -52.35739899 82.73682404
v 32.50893021 -52.70331573 84.02790070
v 32.66474152 -52.55323029 83.46778107
v 32.57809067 -52.84577179 84.55957794
v 33.33484268 -53.07416534 85.41193390
v 32.85953140 -52.97727203 85.05036163
v 34.46512604 -53.09656525 85.49561310
v 33.91471100 -53.11447906 85.56244659
v 35.34754181 -52.90070343 84.76465607
v 34.97324371 -53.02371979 85.22376251
v 35.50335312 -52.75064850 84.20453644
v 36.56913376 -54.66059113 85.53900909
v 36.70594788 -52.88535309 84.70734406
v 36.56912994 -53.21216583 85.92707062
v 36.63753891 -53.04877472 85.31720734
v 36.91117477 -53.84351349 82.48957062
v 36.77435684 -52.72193146 84.09741974
v 36.84276581 -52.55850983 83.48755646
v 36.91117096 -52.39511871 82.87763214
v 35.88587952 -52.20102692 82.15332794
v 36.39852524 -52.29807281 82.51551056
v 34.34794235 -53.35834503 80.67877960
v 35.37323380 -52.10401154 81.79120636
v 34.86058807 -52.00696564 81.42902374
v 34.34793854 -51.90991974 81.06684113
v 33.76698303 -51.97629547 81.31458282
v 33.18602371 -52.04267120 81.56232452
v 31.44315910 -53.69022369 81.91742706
v 32.02410889 -52.17545319 82.05774689
v 32.60506821 -52.10904694 81.81006622
v 31.44315529 -52.24182892 82.30548859
v 31.37474632 -52.40522003 82.91535187
v 31.30633926 -52.56864166 83.52521515
v 31.10111809 -54.50727081 84.96674347
v 31.16952324 -52.89545441 84.74494171
v 31.23793030 -52.73203278 84.13507843
v 31.10111427 -53.05884552 85.35480499
v 32.12630844 -53.25293732 86.07917023
v 31.61371231 -53.15589142 85.71698761
v 33.66410446 -54.99243927 86.77753448
v 32.63890457 -53.34995270 86.44129181
v 33.15150452 -53.44699860 86.80347443
v 33.66410065 -53.54404449 87.16559601
v 34.82611465 -53.41129303 86.67017365
v 34.24510956 -53.47766876 86.91791534
v 35.40711975 -53.34491730 86.42249298
v 35.98812485 -53.27854156 86.17481232
v 36.26416779 -52.52457428 83.36084747
v 34.79954529 -52.24735260 82.32617950
v 33.94502258 -53.34528351 86.42377472
v 32.48040009 -53.06803131 85.38910675
v 34.06723404 -52.10874176 81.80884552
v 31.94343758 -52.46253204 83.12928009
v 32.87109375 -52.13425446 81.90406036
v 31.74808884 -52.92942047 84.87177277
v 31.47960854 -52.62668610 83.74188995
v 27.72699356 -53.54804230 87.18054962
v 28.00843620 -53.67954254 87.67139435
v 28.00843430 -52.71317291 87.93030548
v 27.72698975 -52.58167267 87.43952179
v 27.25168419 -53.45117950 86.81903839
v 27.25168228 -52.48480988 87.07794952
v 26.67181206 -52.44449615 86.92743683
v 26.67181396 -53.41086578 86.66852570
v 26.12140083 -53.42874908 86.73535919
v 26.12139893 -52.46237946 86.99427032
v 25.23898315 -53.62461090 87.46631622
v 25.61328125 -53.50159454 87.00720978
v 25.61327934 -52.53522491 87.26612091
v 25.23898125 -52.65824127 87.72522736
v 25.08317184 -53.77469635 88.02643585
v 25.08316994 -52.80832672 88.28534698
v 25.15232849 -52.95078278 88.81699371
v 25.15233040 -53.91715240 88.55805206
v 25.90908241 -54.14551544 89.41043854
v 25.43377304 -54.04865265 89.04886627
v 25.43377113 -53.08228302 89.30780792
v 25.90908051 -53.17914581 89.66934967
v 26.48895073 -53.21945953 89.81986237
v 26.48895264 -54.18585968 89.56092072
v 27.03936386 -53.20157623 89.75305939
v 27.54748344 -53.12873077 89.48120880
v 27.54748535 -54.09510040 89.22226715
v 27.03936577 -54.16794586 89.49411774
v 28.07759476 -53.82199860 88.20307159
v 27.92178345 -53.97208405 88.76316071
v 27.92178154 -53.00571442 89.02210236
v 28.07759094 -52.85562897 88.46198273
v 26.88506317 -56.06479645 90.77973175
v 27.91905403 -54.42548370 90.45523834
v 26.88507080 -54.61643219 91.16782379
v 27.40206337 -54.52094269 90.81153107
v 29.47002411 -55.58747101 88.99823761
v 28.43604660 -54.33002472 90.09894562
v 28.95303917 -54.23456573 89.74265289
v 29.47003174 -54.13907623 89.38632965
v 29.40909386 -53.97547150 88.77573395
v 29.34815598 -53.81186676 88.16510773
v 29.16533661 -54.76938629 85.94513702
v 29.22628212 -53.48462677 86.94385529
v 29.28721809 -53.64823151 87.55445099
v 29.16534424 -53.32102203 86.33325958
v 28.00948524 -53.18473053 85.82459259
v 28.58741379 -53.25287628 86.07892609
v 26.27568817 -54.42865753 84.67353058
v 27.43155479 -53.11658478 85.57025909
v 26.85362434 -53.04843903 85.31592560
v 26.27569580 -52.98026276 85.06165314
v 25.75870323 -53.07575226 85.41791534
v 25.24171066 -53.17121124 85.77423859
v 23.69072723 -54.90598297 86.45502472
v 24.20772743 -53.36212921 86.48682404
v 24.72471809 -53.26667023 86.13050079
v 23.69073486 -53.45761871 86.84314728
v 23.81260872 -53.78482819 88.06433868
v 23.75167274 -53.62122345 87.45374298
v 23.99541473 -55.72406769 89.50812531
v 23.87354660 -53.94846344 88.67499542
v 23.93448448 -54.11206818 89.28562164
v 23.99542236 -54.27567291 89.89621735
v 24.57335091 -54.34384918 90.15055084
v 25.15128136 -54.41199493 90.40485382
v 26.30714035 -54.54828644 90.91352081
v 25.72921181 -54.48014069 90.65918732
v 24.49458122 -53.49652863 86.98828888
v 25.97170639 -53.22376251 85.97034454
v 24.66868782 -53.96399689 88.73294830
v 27.53588295 -53.18476105 85.82471466
v 28.40502548 -53.39896393 86.62421417
v 28.57913208 -53.86643219 88.36884308
v 24.75574112 -54.19773102 89.60526276
v 25.62488174 -54.41196442 90.40473175
v 27.18906021 -54.37293243 90.25910187
v 28.66618538 -54.10019684 89.24115753
f 1 2 3
f 1 3 4
f 5 4 3
f 6 7 8
f 6 8 9
f 9 8 10
f 9 10 2
f 9 2 1
f 11 6 9
f 1 11 9
f 12 13 14
f 15 16 12
f 14 15 12
f 14 17 18
f 14 18 15
f 15 18 19
f 15 19 20
f 19 18 5
f 18 17 5
f 21 22 23
f 23 24 25
f 25 26 21
f 21 23 25
f 25 1 4
f 25 4 26
f 27 26 4
f 5 17 27
f 4 5 27
f 22 21 28
f 22 28 29
f 21 26 27
f 21 27 28
f 28 27 17
f 28 17 14
f 30 29 28
f 14 13 30
f 28 14 30
f 31 32 33
f 31 11 1
f 31 1 25
f 34 32 31
f 25 24 34
f 31 25 34
f 35 13 12
f 35 12 36
f 37 24 23
f 37 23 38
f 39 38 23
f 22 40 39
f 23 22 39
f 41 38 39
f 41 39 42
f 42 39 40
f 42 40 43
f 44 45 40
f 22 29 44
f 40 22 44
f 46 47 45
f 44 48 46
f 45 44 46
f 44 29 30
f 44 30 48
f 49 48 30
f 13 35 49
f 30 13 49
f 47 46 50
f 46 48 49
f 46 49 50
f 50 49 35
f 50 35 51
f 52 53 54
f 52 54 55
f 56 57 54
f 54 53 33
f 33 32 56
f 56 54 33
f 58 57 56
f 59 60 58
f 56 59 58
f 56 32 34
f 56 34 59
f 59 34 24
f 59 24 37
f 60 59 37
f 61 57 58
f 61 58 62
f 62 58 60
f 62 60 63
f 64 65 53
f 64 53 52
f 19 66 67
f 68 20 19
f 67 69 19
f 5 66 19
f 5 70 71
f 66 5 71
f 72 15 20
f 5 3 70
f 68 19 69
f 16 15 72
f 36 12 16
f 72 73 16
f 73 36 16
f 72 20 68
f 51 35 36
f 50 51 74
f 36 74 51
f 75 47 50
f 74 36 73
f 76 77 10
f 2 10 77
f 77 3 2
f 3 77 70
f 7 78 76
f 79 78 7
f 76 8 7
f 8 76 10
f 6 79 7
f 6 11 79
f 80 40 45
f 45 47 80
f 81 79 11
f 81 33 82
f 33 53 82
f 31 33 81
f 81 11 31
f 75 50 74
f 40 80 43
f 42 43 83
f 80 83 43
f 37 38 41
f 84 41 85
f 42 85 41
f 37 41 84
f 85 42 83
f 86 37 84
f 75 80 47
f 87 60 86
f 37 86 60
f 63 87 88
f 60 87 63
f 88 62 63
f 89 61 90
f 62 90 61
f 54 57 61
f 90 62 88
f 89 54 61
f 89 55 54
f 91 52 55
f 91 55 89
f 92 52 91
f 53 65 82
f 93 65 64
f 52 94 64
f 64 95 93
f 82 65 93
f 92 94 52
f 95 96 93
f 97 98 99
f 97 96 98
f 93 96 97
f 100 97 101
f 99 101 97
f 102 100 103
f 97 100 102
f 94 95 64
f 104 105 106
f 107 108 109
f 107 109 110
f 111 107 110
f 111 110 112
f 108 105 104
f 113 104 114
f 109 104 113
f 109 108 104
f 115 116 117
f 115 117 118
f 119 120 116
f 119 116 115
f 121 122 120
f 121 120 119
f 123 124 122
f 123 122 121
f 125 126 124
f 125 124 123
f 127 128 126
f 127 126 125
f 129 115 118
f 129 118 130
f 131 119 115
f 131 115 129
f 132 121 119
f 132 119 131
f 133 123 121
f 133 121 132
f 134 125 123
f 134 123 133
f 135 127 125
f 135 125 134
f 136 129 130
f 136 130 137
f 138 131 129
f 138 129 136
f 139 132 131
f 139 131 138
f 140 133 132
f 140 132 139
f 141 134 133
f 141 133 140
f 142 135 134
f 142 134 141
f 143 136 137
f 143 137 144
f 145 138 136
f 145 136 143
f 146 139 138
f 146 138 145
f 147 140 139
f 147 139 146
f 148 141 140
f 148 140 147
f 149 142 141
f 149 141 148
f 150 151 152
f 153 150 117
f 153 117 116
f 154 153 116
f 154 116 120
f 155 122 156
f 120 155 154
f 117 150 152
f 157 117 158
f 118 117 157
f 118 157 159
f 120 122 155
f 152 158 117
f 160 156 122
f 161 124 162
f 163 126 164
f 126 163 162
f 128 165 166
f 166 165 167
f 164 128 166
f 124 161 160
f 126 128 164
f 128 127 168
f 128 168 169
f 165 128 170
f 128 169 170
f 127 171 168
f 135 171 127
f 124 126 162
f 124 160 122
f 130 118 159
f 130 159 172
f 172 173 137
f 172 137 130
f 144 174 175
f 137 173 174
f 143 144 176
f 143 176 177
f 144 137 174
f 144 175 178
f 179 178 180
f 179 176 144
f 146 145 181
f 146 181 182
f 177 181 145
f 177 145 143
f 179 144 178
f 135 183 184
f 135 184 171
f 142 149 185
f 142 185 186
f 135 142 187
f 135 187 183
f 186 187 142
f 148 147 188
f 148 188 189
f 182 188 147
f 182 147 146
f 149 148 189
f 149 189 190
f 185 149 191
f 190 191 149
f 191 190 192
f 193 194 195
f 193 195 196
f 197 198 194
f 197 194 193
f 199 200 198
f 199 198 197
f 201 202 200
f 201 200 199
f 203 193 196
f 203 196 204
f 205 197 193
f 205 193 203
f 206 199 197
f 206 197 205
f 207 201 199
f 207 199 206
f 208 203 204
f 208 204 209
f 210 205 203
f 210 203 208
f 211 206 205
f 211 205 210
f 212 207 206
f 212 206 211
f 213 214 208
f 209 215 213
f 208 209 213
f 216 217 210
f 208 214 216
f 210 208 216
f 218 211 210
f 218 210 217
f 219 212 211
f 219 211 218
f 220 215 221
f 220 221 222
f 223 214 213
f 223 213 224
f 224 213 215
f 224 215 220
f 225 217 216
f 225 216 226
f 226 216 214
f 226 214 223
f 227 228 229
f 227 230 228
f 231 228 230
f 230 232 233
f 230 194 232
f 234 232 194
f 230 233 231
f 230 227 235
f 195 235 236
f 196 237 238
f 196 236 237
f 195 194 230
f 236 196 195
f 204 196 238
f 235 195 230
f 239 234 194
f 198 240 239
f 198 241 242
f 242 240 198
f 200 243 244
f 202 245 246
f 246 243 200
f 244 241 200
f 200 202 246
f 202 201 247
f 202 247 248
f 245 202 249
f 250 180 249
f 202 250 249
f 248 250 202
f 201 207 251
f 201 251 247
f 198 200 241
f 198 239 194
f 238 252 204
f 209 253 254
f 209 255 256
f 209 254 255
f 209 204 253
f 209 256 215
f 257 221 258
f 256 258 221
f 221 215 256
f 252 253 204
f 259 222 257
f 222 259 260
f 220 222 260
f 223 224 261
f 220 261 224
f 261 220 260
f 257 222 221
f 207 212 262
f 207 262 251
f 225 218 217
f 263 264 219
f 212 264 262
f 212 219 264
f 219 218 265
f 219 265 266
f 267 226 223
f 267 268 225
f 267 225 226
f 267 223 261
f 218 225 268
f 265 218 268
f 219 266 269
f 219 269 263
f 270 271 272
f 270 272 273
f 274 275 270
f 274 270 276
f 277 278 275
f 277 275 274
f 279 280 278
f 279 278 277
f 281 282 280
f 281 280 279
f 283 284 282
f 283 282 281
f 285 286 287
f 284 283 285
f 287 284 285
f 288 289 287
f 288 287 286
f 290 291 289
f 290 289 288
f 292 274 276
f 292 276 293
f 294 277 274
f 294 274 292
f 295 279 277
f 295 277 294
f 296 281 279
f 296 279 295
f 297 283 281
f 296 298 297
f 281 296 297
f 299 300 301
f 299 301 302
f 300 286 285
f 300 285 301
f 301 285 283
f 301 283 297
f 302 301 297
f 302 297 298
f 300 299 303
f 303 304 288
f 288 286 300
f 300 303 288
f 305 306 290
f 288 304 305
f 290 288 305
f 307 292 293
f 307 293 308
f 309 294 292
f 309 292 307
f 310 295 294
f 310 294 309
f 311 296 295
f 311 295 310
f 312 298 296
f 312 296 311
f 313 299 302
f 302 298 312
f 312 314 313
f 313 302 312
f 315 316 317
f 315 317 318
f 316 304 303
f 316 303 317
f 317 303 299
f 317 299 313
f 318 317 313
f 318 313 314
f 319 320 321
f 319 321 322
f 320 306 305
f 320 305 321
f 321 305 304
f 321 304 316
f 322 321 316
f 322 316 315
f 323 307 308
f 323 308 324
f 325 309 307
f 325 307 323
f 326 310 309
f 326 309 325
f 327 311 310
f 327 310 326
f 328 312 311
f 328 311 327
f 329 314 312
f 329 312 328
f 318 314 329
f 330 315 318
f 329 330 318
f 322 315 330
f 331 319 322
f 330 331 322
f 332 323 324
f 332 324 333
f 334 325 323
f 334 323 332
f 335 326 325
f 335 325 334
f 336 327 326
f 336 326 335
f 337 328 327
f 337 327 336
f 338 329 328
f 338 328 337
f 339 330 329
f 339 329 338
f 340 331 330
f 340 330 339
f 341 332 333
f 341 333 342
f 343 334 332
f 343 332 341
f 344 335 334
f 344 334 343
f 345 336 335
f 345 335 344
f 346 337 336
f 346 336 345
f 347 338 337
f 347 337 346
f 348 339 338
f 348 338 347
f 349 340 339
f 349 339 348
f 350 152 151
f 158 152 272
f 158 272 271
f 350 272 152
f 157 275 159
f 172 159 351
f 159 278 351
f 275 157 271
f 352 172 351
f 271 157 158
f 350 273 272
f 353 273 354
f 350 354 273
f 355 353 356
f 357 355 356
f 273 353 355
f 276 273 355
f 271 270 275
f 159 275 278
f 355 293 276
f 276 270 273
f 351 278 280
f 293 355 358
f 293 358 308
f 351 280 282
f 351 282 352
f 359 174 173
f 287 360 359
f 287 359 284
f 174 359 360
f 173 352 359
f 289 361 360
f 289 360 287
f 352 173 172
f 175 174 360
f 361 178 175
f 180 178 362
f 361 362 178
f 291 362 361
f 291 361 289
f 249 180 362
f 361 175 360
f 284 359 352
f 284 352 282
f 362 291 245
f 362 245 249
f 291 290 246
f 291 246 245
f 290 243 246
f 243 306 244
f 306 243 290
f 363 358 357
f 364 365 366
f 367 366 365
f 366 342 333
f 366 333 364
f 368 363 365
f 365 364 368
f 308 358 368
f 308 368 324
f 324 368 364
f 324 364 333
f 368 358 363
f 369 370 342
f 342 366 369
f 367 369 366
f 342 370 371
f 372 343 341
f 373 344 343
f 345 344 373
f 345 373 374
f 372 373 343
f 372 341 371
f 371 341 342
f 306 320 242
f 306 242 241
f 319 331 239
f 319 239 240
f 331 340 232
f 331 232 234
f 320 319 240
f 320 240 242
f 331 234 239
f 232 340 233
f 244 306 241
f 375 347 346
f 348 347 375
f 374 375 346
f 375 376 349
f 375 349 348
f 231 233 349
f 349 233 340
f 228 231 349
f 228 349 229
f 376 229 349
f 346 345 374
f 358 355 357
f 377 378 379
f 377 379 380
f 105 381 106
f 381 105 379
f 382 381 379
f 378 383 382
f 384 385 378
f 384 378 377
f 383 378 385
f 378 382 379
f 380 379 105
f 380 105 108
f 107 380 108
f 107 111 386
f 386 380 107
f 377 380 386
f 377 387 388
f 387 377 386
f 387 386 389
f 384 377 388
f 390 391 392
f 390 392 393
f 394 393 395
f 394 395 396
f 397 394 396
f 397 396 398
f 392 399 395
f 389 400 399
f 392 401 399
f 393 394 390
f 395 393 392
f 400 395 399
f 391 401 392
f 402 401 391
f 403 402 391
f 404 405 390
f 391 405 403
f 390 406 404
f 407 406 390
f 390 405 391
f 396 395 400
f 396 400 408
f 398 396 408
f 398 408 409
f 390 394 407
f 410 409 411
f 409 410 398
f 410 397 398
f 412 407 394
f 413 412 394
f 413 397 414
f 415 414 397
f 397 416 415
f 416 397 410
f 394 397 413
f 417 418 419
f 417 419 420
f 421 420 422
f 421 422 423
f 424 417 420
f 424 420 421
f 399 387 389
f 419 388 387
f 419 387 422
f 399 422 387
f 423 422 399
f 420 419 422
f 384 388 419
f 384 419 418
f 418 385 384
f 425 383 385
f 417 426 418
f 418 426 425
f 385 418 425
f 421 423 427
f 421 427 428
f 399 401 423
f 401 429 423
f 423 429 430
f 423 430 427
f 431 421 428
f 432 417 424
f 433 432 424
f 426 417 432
f 424 421 431
f 424 431 434
f 424 435 433
f 424 434 435
f 400 389 386
f 408 400 386
f 408 436 409
f 409 436 411
f 386 437 408
f 438 437 386
f 408 437 436
f 439 436 440
f 437 440 436
f 111 438 386
f 436 439 441
f 436 441 442
f 411 436 443
f 436 444 443
f 444 436 442
f 445 446 447
f 442 445 444
f 445 448 444
f 445 449 448
f 446 445 442
f 439 440 450
f 439 450 451
f 452 450 440
f 452 440 437
f 437 438 453
f 437 453 452
f 112 453 438
f 112 438 111
f 441 439 451
f 441 451 454
f 446 442 455
f 446 455 456
f 447 446 456
f 447 456 457
f 442 441 454
f 442 454 455
f 457 458 459
f 457 459 447
f 458 460 461
f 458 461 459
f 462 463 464
f 462 464 465
f 465 461 460
f 465 460 462
f 466 457 456
f 466 456 455
f 467 466 468
f 466 469 468
f 469 466 455
f 470 454 451
f 455 470 469
f 470 471 469
f 470 472 471
f 454 470 455
f 458 457 466
f 460 458 466
f 460 473 462
f 462 473 463
f 466 474 460
f 475 474 466
f 460 474 473
f 476 473 477
f 474 477 473
f 467 475 466
f 473 476 478
f 473 478 479
f 463 473 480
f 473 481 480
f 481 473 479
f 482 483 484
f 479 482 481
f 482 485 481
f 482 486 485
f 483 482 479
f 487 476 477
f 487 477 474
f 488 487 489
f 487 490 489
f 490 487 474
f 491 475 467
f 474 491 490
f 491 492 490
f 491 493 492
f 475 491 474
f 478 476 487
f 479 478 487
f 479 494 483
f 483 494 484
f 487 494 479
f 495 496 487
f 487 496 494
f 497 494 498
f 496 498 494
f 488 495 487
f 494 497 499
f 494 499 500
f 484 494 501
f 494 502 501
f 502 494 500
f 503 504 505
f 500 503 502
f 503 506 502
f 503 507 506
f 504 503 500
f 508 497 498
f 509 510 508
f 498 496 508
f 496 511 508
f 511 495 488
f 512 509 511
f 511 509 508
f 495 511 496
f 499 508 500
f 513 514 500
f 505 504 514
f 500 514 504
f 508 499 497
f 515 508 510
f 513 508 515
f 513 516 514
f 516 517 514
f 513 500 508
f 514 517 518
f 514 518 519
f 505 514 520
f 514 521 520
f 521 514 519
f 522 523 524
f 519 522 521
f 522 525 521
f 522 526 525
f 523 522 519
f 517 516 527
f 517 527 528
f 529 527 516
f 529 516 513
f 513 515 530
f 513 530 529
f 531 530 515
f 531 515 510
f 518 517 528
f 518 528 532
f 533 523 519
f 533 524 523
f 519 518 532
f 519 532 534
f 519 534 533
f 535 533 536
f 534 536 533
f 533 535 537
f 533 537 538
f 524 533 539
f 533 540 539
f 540 533 538
f 541 542 543
f 538 541 540
f 541 544 540
f 541 545 544
f 542 541 538
f 546 535 536
f 547 548 546
f 536 534 546
f 534 549 546
f 549 532 528
f 550 547 549
f 549 547 546
f 532 549 534
f 537 535 546
f 538 537 546
f 538 551 542
f 542 551 543
f 546 552 538
f 553 552 546
f 538 552 551
f 554 551 555
f 552 555 551
f 548 553 546
f 551 554 556
f 551 556 557
f 543 551 558
f 551 559 558
f 559 551 557
f 560 561 562
f 557 560 559
f 560 563 559
f 560 564 563
f 561 560 557
f 565 554 555
f 565 555 552
f 566 565 567
f 565 568 567
f 569 565 552
f 569 553 548
f 565 569 568
f 569 570 568
f 569 571 570
f 553 569 552
f 556 554 565
f 557 556 565
f 557 572 561
f 561 572 562
f 565 573 557
f 574 573 565
f 557 573 572
f 575 572 576
f 573 576 572
f 566 574 565
f 572 575 577
f 578 579 572
f 572 580 562
f 572 579 580
f 578 572 577
f 581 578 582
f 581 582 583
f 584 585 581
f 581 585 579
f 578 581 579
f 586 575 576
f 586 576 573
f 587 586 588
f 586 589 588
f 589 586 573
f 590 574 566
f 573 590 589
f 590 591 589
f 590 592 591
f 574 590 573
f 577 575 586
f 578 577 586
f 578 593 582
f 582 593 583
f 586 594 578
f 595 594 586
f 578 594 593
f 596 593 597
f 594 597 593
f 587 595 586
f 598 599 600
f 601 602 598
f 600 601 598
f 598 602 603
f 598 603 604
f 605 602 596
f 606 607 604
f 606 604 603
f 605 606 603
f 603 602 605
f 583 593 601
f 583 601 608
f 593 602 601
f 601 600 609
f 601 609 608
f 602 593 596
f 598 604 610
f 598 610 599
f 611 599 610
f 612 610 604
f 612 604 607
f 613 609 600
f 599 611 600
f 611 613 600
f 614 615 613
f 609 613 615
f 616 617 618
f 616 618 619
f 597 620 596
f 620 597 618
f 597 594 619
f 597 619 618
f 621 620 618
f 621 618 617
f 617 622 621
f 623 622 624
f 617 624 622
f 625 624 617
f 625 617 616
f 595 619 594
f 626 619 595
f 587 626 595
f 627 625 616
f 628 627 626
f 616 626 627
f 626 616 619
f 629 630 631
f 632 633 631
f 634 635 633
f 631 633 635
f 630 629 636
f 637 630 628
f 632 630 637
f 632 638 633
f 638 639 633
f 632 631 630
f 640 636 629
f 641 642 640
f 640 643 644
f 640 642 645
f 645 643 640
f 631 640 629
f 646 631 635
f 646 635 634
f 646 647 641
f 647 646 648
f 646 641 631
f 640 631 641
f 646 649 648
f 650 651 652
f 650 652 653
f 654 650 653
f 654 653 655
f 651 649 656
f 651 656 652
f 656 646 634
f 649 646 656
f 657 648 649
f 657 649 651
f 658 657 659
f 657 660 659
f 660 657 651
f 661 650 654
f 651 661 660
f 661 662 660
f 661 663 662
f 650 661 651
f 664 665 666
f 664 666 667
f 668 667 669
f 670 671 668
f 669 670 668
f 672 673 674
f 672 674 675
f 676 672 675
f 676 675 677
f 674 664 667
f 674 667 668
f 675 674 668
f 671 677 675
f 668 671 675
f 678 679 680
f 678 680 681
f 682 676 677
f 682 677 683
f 679 682 683
f 679 683 680
f 683 677 671
f 684 680 683
f 671 684 683
f 669 647 648
f 666 642 641
f 641 647 669
f 648 657 669
f 669 667 666
f 641 669 666
f 645 642 666
f 643 645 666
f 643 666 665
f 665 644 643
f 644 665 685
f 673 664 674
f 686 685 673
f 664 673 685
f 673 672 686
f 665 664 685
f 657 670 669
f 684 671 670
f 681 680 684
f 684 670 687
f 688 687 670
f 681 684 689
f 689 684 687
f 689 260 678
f 689 678 681
f 658 688 670
f 658 670 657
f 690 672 676
f 676 682 691
f 676 691 690
f 686 672 690
f 692 679 678
f 692 691 682
f 692 682 679
f 678 260 692
f 693 658 659
f 693 659 660
f 694 693 695
f 693 696 695
f 696 693 660
f 697 662 663
f 660 697 696
f 697 698 696
f 697 699 698
f 662 697 660
f 700 701 702
f 700 702 703
f 704 705 706
f 704 706 707
f 708 704 707
f 708 707 709
f 705 710 711
f 705 711 706
f 707 706 701
f 700 709 707
f 701 700 707
f 712 709 700
f 712 700 713
f 702 688 658
f 687 688 702
f 687 702 701
f 701 711 687
f 710 689 711
f 711 689 687
f 711 701 706
f 702 658 693
f 261 260 710
f 710 260 689
f 710 705 267
f 710 267 261
f 268 267 705
f 268 705 704
f 703 693 694
f 703 694 714
f 713 700 703
f 703 714 713
f 715 716 712
f 715 712 713
f 714 715 713
f 704 708 265
f 704 265 268
f 712 708 709
f 265 708 266
f 716 269 266
f 716 266 712
f 708 712 266
f 693 703 702
f 717 694 695
f 717 695 696
f 718 717 719
f 717 720 719
f 721 717 696
f 721 698 699
f 717 721 720
f 721 722 720
f 721 723 722
f 698 721 696
f 714 717 715
f 724 725 715
f 269 716 725
f 715 725 716
f 717 714 694
f 726 717 718
f 724 717 726
f 724 727 725
f 727 728 725
f 724 715 717
f 729 730 731
f 729 731 732
f 733 734 735
f 733 735 736
f 735 737 730
f 735 730 729
f 725 728 738
f 730 725 731
f 738 731 725
f 731 738 739
f 739 740 732
f 739 732 731
f 729 732 188
f 729 188 182
f 737 725 730
f 263 269 725
f 737 262 264
f 264 263 737
f 734 247 737
f 737 247 251
f 734 737 735
f 262 737 251
f 263 725 737
f 735 729 736
f 190 740 192
f 190 189 732
f 732 189 188
f 736 729 181
f 729 182 181
f 177 736 181
f 250 248 734
f 250 734 733
f 733 736 177
f 733 177 176
f 247 734 248
f 733 179 250
f 179 180 250
f 176 179 733
f 740 190 732
f 741 728 727
f 742 741 743
f 727 743 741
f 744 743 727
f 744 727 724
f 724 726 745
f 724 745 744
f 726 718 746
f 726 746 745
f 747 748 749
f 747 749 750
f 751 747 750
f 751 750 752
f 748 753 754
f 748 754 749
f 750 749 755
f 756 752 750
f 755 756 750
f 757 758 759
f 757 759 760
f 761 751 752
f 761 752 762
f 758 761 762
f 758 762 759
f 762 752 756
f 763 759 762
f 756 763 762
f 741 738 728
f 754 740 739
f 739 738 755
f 738 741 755
f 753 740 754
f 755 749 754
f 739 755 754
f 764 192 753
f 740 753 192
f 765 764 753
f 765 753 748
f 748 747 766
f 748 766 765
f 767 766 747
f 767 747 751
f 741 756 755
f 763 756 741
f 763 760 759
f 760 763 768
f 741 769 763
f 760 768 770
f 763 769 768
f 741 742 769
f 770 757 760
f 751 761 771
f 751 771 767
f 772 771 761
f 772 761 758
f 758 757 773
f 758 773 772
f 757 774 773
f 774 757 770
f 775 776 777
f 775 777 778
f 779 780 776
f 779 776 775
f 781 782 780
f 781 780 779
f 783 784 782
f 783 782 781
f 785 775 778
f 785 778 786
f 787 779 775
f 787 775 785
f 788 781 779
f 788 779 787
f 789 783 781
f 789 781 788
f 790 785 786
f 790 786 791
f 792 787 785
f 792 785 790
f 793 788 787
f 793 787 792
f 794 789 788
f 794 788 793
f 795 790 791
f 795 791 796
f 797 792 790
f 797 790 795
f 798 793 792
f 798 792 797
f 799 794 793
f 799 793 798
f 773 774 800
f 777 773 800
f 773 777 772
f 767 771 776
f 767 776 780
f 776 771 772
f 777 800 801
f 778 802 803
f 778 803 804
f 772 777 776
f 802 778 777
f 778 804 805
f 801 802 777
f 782 765 766
f 766 767 780
f 766 780 782
f 765 784 764
f 191 192 764
f 191 784 185
f 764 784 191
f 784 783 187
f 784 187 186
f 765 782 784
f 783 184 183
f 183 187 783
f 185 784 186
f 184 783 789
f 786 778 805
f 786 806 807
f 807 808 791
f 807 791 786
f 796 791 808
f 796 808 809
f 810 796 809
f 811 810 812
f 811 813 796
f 814 795 813
f 813 795 796
f 797 795 814
f 797 814 815
f 810 811 796
f 794 799 170
f 794 170 169
f 789 794 169
f 789 169 168
f 789 168 171
f 789 171 184
f 816 798 817
f 798 797 815
f 798 815 817
f 799 798 816
f 799 816 818
f 170 799 165
f 818 165 799
f 165 818 167
f 806 786 805
f 819 774 770
f 819 770 768
f 820 819 821
f 819 822 821
f 822 819 768
f 823 769 742
f 768 823 822
f 823 824 822
f 823 825 824
f 769 823 768
f 826 827 828
f 829 830 826
f 828 829 826
f 830 831 832
f 830 832 826
f 826 832 833
f 826 833 827
f 827 833 834
f 827 834 835
f 836 837 830
f 836 830 829
f 838 836 829
f 838 829 839
f 834 800 774
f 834 802 801
f 801 800 834
f 802 833 803
f 833 804 803
f 804 833 832
f 834 833 802
f 834 774 835
f 832 806 805
f 831 808 807
f 807 806 831
f 809 808 837
f 809 837 810
f 810 840 812
f 808 831 837
f 832 831 806
f 832 805 804
f 828 827 835
f 774 819 835
f 830 837 831
f 819 828 835
f 841 828 820
f 819 820 828
f 829 828 839
f 841 839 828
f 842 839 841
f 837 836 843
f 837 843 840
f 844 843 836
f 844 836 838
f 837 840 810
f 842 845 838
f 842 838 839
f 844 838 846
f 845 846 838
f 847 848 849
f 847 849 850
f 851 852 848
f 851 848 847
f 853 854 852
f 853 852 851
f 855 856 854
f 855 854 853
f 857 858 856
f 857 856 855
f 859 860 858
f 859 858 857
f 861 847 850
f 861 850 862
f 863 851 847
f 863 847 861
f 864 853 851
f 864 851 863
f 865 855 853
f 865 853 864
f 866 857 855
f 866 855 865
f 867 859 857
f 867 857 866
f 868 861 862
f 868 862 869
f 870 863 861
f 870 861 868
f 871 864 863
f 871 863 870
f 872 865 864
f 872 864 871
f 873 866 865
f 873 865 872
f 874 867 866
f 874 866 873
f 875 868 869
f 875 869 876
f 877 870 868
f 877 868 875
f 878 871 870
f 878 870 877
f 879 872 871
f 879 871 878
f 880 873 872
f 880 872 879
f 881 874 873
f 881 873 880
f 882 875 876
f 882 876 883
f 884 877 875
f 884 875 882
f 885 878 877
f 885 877 884
f 886 879 878
f 886 878 885
f 887 880 879
f 887 879 886
f 888 881 880
f 888 880 887
f 849 846 889
f 889 890 849
f 891 849 890
f 848 846 849
f 852 844 848
f 846 848 844
f 844 852 854
f 843 844 854
f 843 854 856
f 850 891 892
f 862 893 894
f 850 892 893
f 862 850 893
f 862 895 896
f 862 894 895
f 849 891 850
f 840 843 856
f 840 856 858
f 860 840 858
f 860 897 812
f 898 899 860
f 897 860 899
f 860 812 840
f 859 900 898
f 901 900 859
f 859 898 860
f 859 867 902
f 859 902 901
f 867 903 904
f 904 902 867
f 874 903 867
f 896 869 862
f 869 905 906
f 876 907 908
f 876 906 907
f 876 869 906
f 883 876 908
f 883 908 909
f 910 883 909
f 896 905 869
f 376 910 229
f 376 375 882
f 376 882 883
f 884 882 375
f 884 375 374
f 374 373 885
f 374 885 884
f 910 376 883
f 903 874 911
f 874 912 911
f 881 888 913
f 881 913 914
f 881 912 874
f 881 915 912
f 914 915 881
f 887 886 372
f 887 372 371
f 373 372 886
f 373 886 885
f 371 370 888
f 371 888 887
f 369 888 370
f 369 367 913
f 888 369 913
f 916 917 918
f 916 918 919
f 920 921 917
f 920 917 916
f 918 922 846
f 923 922 918
f 923 918 917
f 845 918 846
f 921 924 925
f 921 920 926
f 921 926 927
f 924 921 927
f 917 921 925
f 917 925 923
f 919 918 845
f 919 845 842
f 841 919 842
f 928 841 820
f 919 841 928
f 916 919 928
f 920 916 928
f 920 929 926
f 929 920 928
f 929 928 930
f 931 932 933
f 931 933 934
f 935 936 937
f 935 937 938
f 939 940 936
f 939 936 935
f 941 942 940
f 941 940 939
f 943 944 942
f 943 942 941
f 945 934 944
f 945 944 943
f 946 935 938
f 946 938 947
f 948 939 935
f 948 935 946
f 949 941 939
f 949 939 948
f 950 943 941
f 950 941 949
f 951 945 943
f 951 943 950
f 952 946 947
f 952 947 953
f 954 948 946
f 954 946 952
f 955 949 948
f 955 948 954
f 956 950 949
f 956 949 955
f 957 951 950
f 957 950 956
f 958 952 953
f 958 953 959
f 960 954 952
f 960 952 958
f 961 955 954
f 961 954 960
f 962 956 955
f 962 955 961
f 963 957 956
f 963 956 962
f 964 958 959
f 964 959 965
f 966 960 958
f 966 958 964
f 967 961 960
f 967 960 966
f 968 962 961
f 968 961 967
f 969 963 962
f 969 962 968
f 970 964 965
f 970 965 971
f 972 966 964
f 972 964 970
f 973 967 966
f 973 966 972
f 974 968 967
f 974 967 973
f 975 969 968
f 975 968 974
f 976 977 975
f 976 975 978
f 937 889 846
f 937 891 890
f 936 892 891
f 890 889 937
f 940 894 893
f 942 896 895
f 944 905 896
f 895 894 940
f 895 940 942
f 893 892 936
f 938 937 846
f 953 947 922
f 938 922 947
f 959 953 922
f 938 846 922
f 944 907 906
f 940 893 936
f 942 944 896
f 905 944 906
f 934 907 944
f 937 936 891
f 909 908 933
f 909 933 932
f 907 933 908
f 907 934 933
f 910 909 932
f 229 910 979
f 980 979 910
f 981 980 982
f 980 931 982
f 910 931 980
f 931 910 932
f 931 934 945
f 931 945 982
f 951 983 982
f 951 982 945
f 983 951 957
f 983 957 984
f 984 957 963
f 984 963 985
f 986 983 984
f 987 988 982
f 982 988 981
f 989 987 982
f 983 989 982
f 990 989 983
f 990 983 986
f 986 984 991
f 965 959 923
f 922 923 959
f 965 923 971
f 925 971 923
f 992 971 925
f 992 925 924
f 993 972 970
f 993 970 994
f 995 973 972
f 995 972 993
f 992 994 970
f 992 970 971
f 996 995 993
f 973 995 997
f 973 997 974
f 992 998 999
f 924 998 992
f 999 1000 992
f 992 1000 994
f 1001 994 1000
f 994 1001 1002
f 1002 1003 993
f 996 1004 995
f 1004 1005 995
f 1003 996 993
f 994 1002 993
f 1005 997 995
f 985 1006 984
f 969 985 963
f 978 975 974
f 978 974 997
f 1007 985 969
f 969 977 1008
f 1006 991 984
f 985 1009 1006
f 969 1008 1007
f 1008 977 1010
f 1007 1009 985
f 975 977 969
f 1011 978 997
f 997 1012 1011
f 978 1011 1013
f 1012 997 1005
f 976 978 1013
f 976 1013 1014
f 977 976 1015
f 977 1015 1016
f 1010 977 1016
f 1017 1015 1014
f 976 1014 1015
f 1018 930 928
f 1019 1018 928
f 1019 1020 1021
f 1021 1020 1022
f 928 822 1019
f 821 822 928
f 1019 822 1020
f 825 1020 824
f 822 824 1020
f 820 821 928
f 1023 930 1018
f 1023 1018 1019
f 1024 1023 1025
f 1023 1026 1025
f 1026 1023 1019
f 1027 1021 1022
f 1019 1027 1026
f 1027 1028 1026
f 1027 1029 1028
f 1021 1027 1019
f 1030 1031 1032
f 1030 1032 1033
f 1034 1030 1033
f 1034 1033 1035
f 1031 1036 1037
f 1031 1037 1032
f 1033 1032 1038
f 1039 1035 1033
f 1038 1039 1033
f 1040 1034 1035
f 1040 1035 1041
f 1042 1040 1041
f 1042 1041 1043
f 1041 1035 1039
f 1044 1043 1041
f 1039 1044 1041
f 1023 929 930
f 1038 926 929
f 1038 1037 926
f 1036 927 1037
f 1037 927 926
f 1037 1038 1032
f 1023 1038 929
f 1045 924 1036
f 927 1036 924
f 1046 1045 1036
f 1046 1036 1031
f 1047 1048 1030
f 1047 1030 1034
f 1031 1030 1048
f 1031 1048 1046
f 1039 1038 1023
f 1044 1039 1023
f 1043 1044 1049
f 1043 1049 1050
f 1051 1044 1023
f 1044 1051 1049
f 1051 1023 1024
f 1042 1043 1050
f 1034 1040 1052
f 1034 1052 1047
f 1053 1052 1040
f 1053 1040 1042
f 1054 1053 1042
f 1050 1054 1042
f 1054 1050 1055
f 1056 1024 1025
f 1026 1057 1056
f 1056 1058 1059
f 1056 1057 1058
f 1026 1056 1025
f 1060 1026 1028
f 1060 1028 1029
f 1061 1062 1060
f 1060 1062 1057
f 1026 1060 1057
f 1051 1056 1049
f 1063 1064 1049
f 1065 1055 1050
f 1050 1064 1065
f 1064 1050 1049
f 1056 1051 1024
f 1066 1056 1059
f 1063 1056 1066
f 1067 1068 1063
f 1063 1068 1064
f 1068 1067 1069
f 1056 1063 1049
f 1070 1069 1067
f 1071 1070 1067
f 1072 1071 1073
f 1071 1074 1073
f 1063 1071 1067
f 1075 1063 1066
f 1075 1066 1059
f 1075 1076 1074
f 1076 1075 1077
f 1075 1074 1063
f 1071 1063 1074
f 1070 1078 1069
f 1070 1079 1080
f 1080 1078 1070
f 1081 1082 1083
f 1081 1084 1085
f 1081 1086 1084
f 1085 1082 1081
f 1083 1079 1070
f 1071 1087 1081
f 1071 1081 1070
f 1071 1072 1088
f 1088 1089 1071
f 1087 1089 1090
f 1087 1090 1091
f 1087 1071 1089
f 1083 1070 1081
f 1092 1093 1094
f 1092 1094 1095
f 1096 1095 1097
f 1096 1097 1098
f 1097 1094 1087
f 1093 1081 1094
f 1087 1094 1081
f 1097 1087 1091
f 1097 1099 1100
f 1095 1094 1097
f 1096 1092 1095
f 1099 1097 1091
f 1101 1081 1093
f 1101 1086 1081
f 1102 1103 1093
f 1101 1093 1103
f 1104 1105 1092
f 1093 1105 1102
f 1092 1106 1104
f 1092 1107 1106
f 1108 1107 1092
f 1105 1093 1092
f 1098 1097 1100
f 1098 1100 1109
f 1110 1098 1109
f 1096 1111 1092
f 1096 1098 1112
f 1096 1112 1113
f 1114 1110 1109
f 1098 1110 1115
f 1096 1113 1116
f 1098 1115 1112
f 1117 1096 1116
f 1108 1092 1111
f 1118 1119 1096
f 1120 1118 1096
f 1111 1096 1119
f 1121 1117 1122
f 1096 1117 1120
f 1122 1123 1121
f 1122 1124 1123
f 1116 1122 1117
f 1125 1091 1090
f 1125 1126 1127
f 1125 1127 1128
f 1125 1129 1130
f 1125 1128 1129
f 1089 1125 1090
f 1126 1089 1088
f 1126 1088 1072
f 1131 1127 1126
f 1089 1126 1125
f 1099 1125 1100
f 1125 1132 1100
f 1114 1109 1132
f 1100 1132 1109
f 1125 1099 1091
f 1133 1125 1130
f 1134 1125 1133
f 1135 1136 1134
f 1125 1134 1136
f 1136 1135 1137
f 1132 1125 1136
f 1138 1139 1140
f 1138 1140 1141
f 1141 1140 1142
f 1141 1142 1143
f 1144 1145 1139
f 1144 1139 1138
f 1146 1143 1147
f 1146 1147 1148
f 1149 1138 1141
f 1149 1141 1150
f 1150 1141 1143
f 1150 1143 1146
f 1151 1144 1138
f 1151 1138 1149
f 1142 1137 1152
f 1140 1136 1142
f 1137 1142 1136
f 1142 1152 1147
f 1147 1143 1142
f 1153 1154 1148
f 1153 1148 1147
f 1153 1147 1152
f 1132 1136 1140
f 1132 1140 1139
f 1132 1145 1114
f 1114 1145 1155
f 1145 1132 1139
f 1145 1144 1156
f 1145 1156 1157
f 1145 1157 1158
f 1156 1144 1159
f 1155 1145 1158
f 1160 1148 1154
f 1161 1150 1146
f 1146 1148 1162
f 1146 1162 1161
f 1161 1163 1149
f 1161 1149 1150
f 1160 1162 1148
f 1159 1144 1164
f 1164 1144 1151
f 1151 1165 1164
f 1165 1151 1166
f 1167 1166 1163
f 1149 1166 1151
f 1166 1168 1169
f 1166 1167 1168
f 1166 1149 1163
f 1170 1171 1137
f 1137 1135 1170
f 1134 1170 1135
f 1170 1172 1173
f 1170 1173 1171
f 1174 1175 1173
f 1176 1174 1172
f 1173 1172 1174
f 1172 1170 1177
f 1172 1177 1178
f 1133 1130 1170
f 1130 1177 1170
f 1179 1176 1172
f 1179 1178 1180
f 1172 1178 1179
f 1133 1170 1134
f 1181 1182 1183
f 1181 1183 1184
f 1182 1185 1186
f 1182 1186 1183
f 1187 1181 1184
f 1187 1184 1188
f 1152 1137 1186
f 1171 1186 1137
f 1153 1152 1186
f 1153 1186 1185
f 1184 1183 1171
f 1184 1171 1173
f 1186 1171 1183
f 1185 1154 1153
f 1185 1160 1154
f 1189 1185 1182
f 1182 1181 1189
f 1160 1185 1189
f 1188 1173 1175
f 1190 1188 1175
f 1188 1190 1191
f 1187 1188 1191
f 1187 1191 1192
f 1187 1193 1181
f 1192 1194 1187
f 1194 1195 1187
f 1187 1195 1193
f 1193 1196 1189
f 1181 1193 1189
f 1173 1188 1184
f 1197 1198 1199
f 1197 1199 1200
f 1201 1202 1203
f 1204 1205 1201
f 1203 1204 1201
f 1205 1206 1207
f 1205 1207 1201
f 1201 1207 1208
f 1201 1208 1202
f 1203 1202 1198
f 1203 1198 1197
f 1203 1197 1209
f 1210 1204 1203
f 1209 1210 1203
f 1199 1196 1193
f 1198 1211 1199
f 1196 1199 1211
f 1199 1193 1195
f 1194 1200 1195
f 1197 1200 1209
f 1195 1200 1199
f 1208 1211 1198
f 1207 1212 1208
f 1211 1208 1212
f 1206 1213 1207
f 1212 1207 1213
f 1214 1215 1205
f 1206 1205 1215
f 1214 1205 1204
f 1213 1206 1215
f 1202 1208 1198
f 1200 1192 1209
f 1192 1191 1209
f 1190 1209 1191
f 1216 1190 1175
f 1216 1217 1209
f 1190 1216 1209
f 1210 1209 1217
f 1214 1204 1218
f 1219 1218 1204
f 1219 1210 1220
f 1210 1219 1204
f 1221 1210 1222
f 1217 1222 1210
f 1222 1223 1221
f 1222 1224 1223
f 1220 1210 1221
f 1192 1200 1194
f 1225 1226 1227
f 1228 1225 1227
f 1228 1229 1230
f 1230 1229 584
f 1227 1231 1228
f 1232 1231 1227
f 1228 1231 1229
f 1233 1229 1234
f 1231 1234 1229
f 1235 1232 1227
f 1236 1233 1234
f 1236 1234 1231
f 1237 1236 1238
f 1236 1239 1238
f 1239 1236 1231
f 1240 1232 1235
f 1231 1240 1239
f 1240 1241 1239
f 1240 1242 1241
f 1232 1240 1231
f 1243 1233 1236
f 1244 1243 1236
f 1244 1245 1246
f 1246 1245 564
f 1236 1245 1244
f 1247 1248 1236
f 1236 1248 1245
f 1249 1245 1250
f 1248 1250 1245
f 1237 1247 1236
f 1229 1233 1243
f 1244 579 1229
f 1229 585 584
f 1229 579 585
f 1244 1229 1243
f 560 1244 1246
f 560 1246 564
f 562 580 560
f 560 580 579
f 1244 560 579
f 1251 1249 1250
f 1251 1250 1248
f 1252 1251 1253
f 1251 1254 1253
f 1254 1251 1248
f 1255 1247 1237
f 1248 1255 1254
f 1255 1256 1254
f 1255 1257 1256
f 1247 1255 1248
f 1258 1251 1259
f 1260 1261 1259
f 545 1262 1261
f 1259 1261 1262
f 1251 1258 1249
f 1263 1251 1252
f 1260 1251 1263
f 1260 1264 1261
f 1264 1265 1261
f 1260 1259 1251
f 1245 1249 1258
f 1245 1258 1259
f 564 1245 563
f 1245 559 563
f 541 1245 1259
f 541 1262 545
f 1245 541 559
f 541 558 559
f 541 543 558
f 1262 541 1259
f 1266 1265 1264
f 1266 1264 1260
f 1267 1266 1268
f 1266 1269 1268
f 1269 1266 1260
f 1270 1263 1252
f 1260 1270 1269
f 1270 1271 1269
f 1270 1272 1271
f 1263 1270 1260
f 1273 1265 1266
f 1274 1273 1266
f 1274 1275 1276
f 1276 1275 526
f 1266 1277 1274
f 1278 1277 1266
f 1274 1277 1275
f 1279 1275 1280
f 1277 1280 1275
f 1267 1278 1266
f 1261 1265 1273
f 1274 540 1261
f 1261 544 545
f 1261 540 544
f 1274 1261 1273
f 522 1274 1276
f 522 1276 526
f 524 539 522
f 522 539 540
f 1274 522 540
f 1281 1279 1280
f 1281 1280 1277
f 1282 1281 1283
f 1281 1284 1283
f 1284 1281 1277
f 1285 1278 1267
f 1277 1285 1284
f 1285 1286 1284
f 1285 1287 1286
f 1278 1285 1277
f 1288 1279 1281
f 1289 1288 1281
f 1289 1290 1291
f 1291 1290 507
f 1281 1292 1289
f 1293 1292 1281
f 1289 1292 1290
f 1294 1290 1295
f 1292 1295 1290
f 1282 1293 1281
f 1275 1279 1288
f 1275 1288 1289
f 526 1275 525
f 1275 521 525
f 521 1275 1289
f 503 1291 507
f 1289 503 521
f 503 520 521
f 503 505 520
f 1291 503 1289
f 1296 1294 1295
f 1297 1298 1296
f 1296 1299 1300
f 1296 1298 1299
f 1292 1296 1295
f 1297 1292 1293
f 1297 1293 1282
f 1301 1302 1297
f 1297 1302 1298
f 1292 1297 1296
f 1303 1294 1296
f 1304 1303 1305
f 1304 1305 1306
f 1307 1304 1306
f 1307 1306 1308
f 1307 1309 486
f 1303 1296 1305
f 1310 1309 1308
f 1308 1309 1307
f 1300 1305 1296
f 1290 1294 1303
f 1290 1303 1304
f 507 1290 506
f 1290 502 506
f 482 1290 1304
f 482 1307 486
f 1290 482 502
f 482 501 502
f 482 484 501
f 1307 482 1304
f 1311 1310 1308
f 1311 1308 1306
f 1312 1311 1313
f 1311 1314 1313
f 1315 1311 1306
f 1315 1305 1300
f 1311 1315 1314
f 1315 1316 1314
f 1315 1317 1316
f 1305 1315 1306
f 1318 1311 1319
f 1320 1321 1319
f 464 1322 1321
f 1319 1321 1322
f 1311 1318 1310
f 1323 1311 1312
f 1320 1311 1323
f 1320 1324 1321
f 1324 1325 1321
f 1320 1319 1311
f 1309 1310 1318
f 486 1309 485
f 1309 481 485
f 1319 1309 1318
f 464 1309 1322
f 464 463 1309
f 480 481 1309
f 463 480 1309
f 1319 1322 1309
f 1326 1325 1324
f 1327 1328 1326
f 1324 1320 1326
f 1320 1327 1326
f 1329 1323 1312
f 1330 1327 1329
f 1329 1327 1320
f 1323 1329 1320
f 1331 1325 1326
f 1332 1331 1326
f 1332 1333 1334
f 1334 1333 449
f 1326 1335 1332
f 1336 1335 1326
f 1332 1335 1333
f 1337 1333 1338
f 1335 1338 1333
f 1328 1336 1326
f 1321 1325 1331
f 1321 1331 1332
f 464 1321 465
f 1321 461 465
f 445 1321 1332
f 445 1334 449
f 1321 445 461
f 445 459 461
f 445 447 459
f 1334 445 1332
f 1339 1337 1338
f 1340 1341 1338
f 1340 1338 1335
f 1342 1339 1341
f 1338 1341 1339
f 1343 1336 1328
f 1344 1336 1343
f 1344 1343 1345
f 1344 1340 1335
f 1344 1335 1336
f 1346 1347 1348
f 1346 1348 1349
f 1350 1346 1349
f 1350 1349 1351
f 1347 1352 1353
f 1347 1353 1348
f 1349 1348 1354
f 1355 1351 1349
f 1354 1355 1349
f 1356 1351 1355
f 1356 1355 1357
f 1339 1354 1358
f 1354 1359 1358
f 1348 1353 1354
f 1359 1353 1360
f 1360 1353 1352
f 1354 1353 1359
f 1339 1358 1337
f 1361 416 1352
f 1360 1352 416
f 1362 1361 1352
f 1362 1352 1347
f 1347 1346 1363
f 1347 1363 1362
f 1364 1363 1346
f 1364 1346 1350
f 1357 1355 1339
f 1339 1365 1357
f 1365 1366 1357
f 1342 1365 1339
f 1356 1357 1366
f 1356 1366 1367
f 1368 1364 1350
f 1368 1356 1369
f 1356 1368 1350
f 1370 1356 1367
f 1367 1371 1370
f 1369 1356 1370
f 1356 1350 1351
f 1339 1355 1354
f 1333 1337 1358
f 1359 444 1333
f 1333 448 449
f 1333 444 448
f 1359 1333 1358
f 410 1359 1360
f 410 1360 416
f 411 443 410
f 410 443 444
f 1359 410 444
f 1372 1373 1374
f 1372 1374 1375
f 1367 1376 1371
f 1367 1374 1376
f 1377 1376 1374
f 1373 1378 1379
f 1373 1372 1380
f 1373 1380 1381
f 1378 1373 1381
f 1374 1373 1379
f 1374 1379 1377
f 1375 1374 1367
f 1375 1367 1366
f 1365 1375 1366
f 1365 1342 1382
f 1382 1375 1365
f 1372 1375 1382
f 1372 1383 1380
f 1383 1372 1382
f 1383 1382 1384
f 1385 1386 1387
f 1385 1387 1388
f 1389 1390 1386
f 1389 1386 1385
f 1391 1392 1390
f 1391 1390 1389
f 1393 1394 1392
f 1393 1392 1391
f 1395 1385 1388
f 1395 1388 1396
f 1397 1389 1385
f 1397 1385 1395
f 1398 1391 1389
f 1398 1389 1397
f 1399 1393 1391
f 1399 1391 1398
f 1400 1395 1396
f 1400 1396 1401
f 1402 1397 1395
f 1402 1395 1400
f 1403 1398 1397
f 1403 1397 1402
f 1404 1399 1398
f 1404 1398 1403
f 1405 1400 1401
f 1405 1401 1406
f 1407 1402 1400
f 1407 1400 1405
f 1408 1403 1402
f 1408 1402 1407
f 1409 1405 1406
f 1409 1406 1410
f 1411 1407 1405
f 1411 1405 1409
f 1412 1408 1407
f 1411 1413 1412
f 1407 1411 1412
f 1414 1408 1412
f 1415 1409 1410
f 1415 1410 1416
f 1417 1411 1409
f 1417 1409 1415
f 1418 1419 1417
f 1418 1417 1420
f 1376 1421 1371
f 1387 1422 1421
f 1387 1423 1424
f 1425 1426 1386
f 1425 1386 1390
f 1426 1423 1386
f 1424 1422 1387
f 1388 1387 1376
f 1421 1376 1387
f 1396 1388 1377
f 1376 1377 1388
f 1377 1401 1396
f 1377 1379 1406
f 1377 1406 1401
f 1423 1387 1386
f 1427 1425 1390
f 1427 1390 1392
f 1428 1427 1392
f 1392 1394 1429
f 1392 1429 1428
f 1430 1431 1429
f 1432 1430 1394
f 1429 1394 1430
f 1393 1433 1432
f 1434 1433 1393
f 1393 1432 1394
f 1393 1399 1435
f 1393 1435 1434
f 1436 1404 1437
f 1436 1435 1399
f 1399 1404 1436
f 1410 1406 1379
f 1416 1410 1379
f 1420 1417 1415
f 1415 1416 1438
f 1415 1438 1439
f 1417 1419 1411
f 1416 1379 1378
f 1440 1438 1416
f 1439 1441 1415
f 1442 1420 1441
f 1441 1420 1415
f 1420 1442 1443
f 1378 1440 1416
f 1420 1443 1418
f 1414 1403 1408
f 1437 1404 1444
f 1445 1444 1404
f 1414 1446 1445
f 1404 1414 1445
f 1414 1404 1403
f 1446 1414 1412
f 1418 1447 1419
f 1418 1448 1449
f 1448 1418 1443
f 1449 1447 1418
f 1450 1446 1412
f 1450 1413 1447
f 1419 1447 1413
f 1450 1412 1413
f 1419 1413 1411
f 1451 1452 1453
f 1451 1453 1454
f 1455 1456 1452
f 1455 1452 1451
f 1457 1458 1456
f 1457 1456 1455
f 1459 1460 1458
f 1459 1458 1457
f 1461 1451 1454
f 1461 1454 1462
f 1463 1455 1451
f 1463 1451 1461
f 1464 1457 1455
f 1464 1455 1463
f 1465 1459 1457
f 1465 1457 1464
f 1466 1461 1462
f 1466 1462 1467
f 1468 1463 1461
f 1468 1461 1466
f 1469 1464 1463
f 1469 1463 1468
f 1470 1465 1464
f 1470 1464 1469
f 1471 1466 1467
f 1471 1467 1472
f 1473 1468 1466
f 1473 1466 1471
f 1474 1469 1468
f 1474 1468 1473
f 1475 1470 1469
f 1475 1469 1474
f 1370 1371 1421
f 1370 1421 1422
f 1369 1370 1453
f 1369 1453 1452
f 1369 1452 1368
f 1422 1453 1370
f 1453 1424 1423
f 1454 1423 1426
f 1423 1454 1453
f 1426 1425 1462
f 1426 1462 1454
f 1422 1424 1453
f 1452 1456 1364
f 1452 1364 1368
f 1363 1458 1362
f 1362 1460 1361
f 416 1361 415
f 1361 1460 415
f 1363 1364 1456
f 1363 1456 1458
f 1362 1458 1460
f 413 414 1459
f 1460 1459 414
f 412 413 1459
f 412 1459 1465
f 415 1460 414
f 1467 1462 1425
f 1467 1425 1427
f 1428 1467 1427
f 1472 1467 1428
f 1472 1428 1429
f 1471 1472 1476
f 1471 1476 1477
f 1476 1429 1431
f 1473 1471 1478
f 1473 1478 1479
f 1478 1471 1477
f 1479 1480 1474
f 1479 1474 1473
f 1476 1472 1429
f 1470 1475 405
f 1470 405 404
f 1465 1470 407
f 1465 407 412
f 1470 406 407
f 404 406 1470
f 1475 1474 1480
f 1475 1480 1481
f 1482 1475 1481
f 402 403 1475
f 402 1482 401
f 402 1475 1482
f 405 1475 403
f 1483 1484 1485
f 1483 1485 1486
f 1487 1488 1484
f 1487 1484 1483
f 1485 1489 1378
f 1485 1378 1381
f 1490 1489 1485
f 1490 1485 1484
f 1491 1488 1492
f 1491 1492 1493
f 1488 1487 1494
f 1488 1494 1492
f 1484 1488 1491
f 1484 1491 1490
f 1486 1485 1381
f 1486 1381 1380
f 1383 1486 1380
f 1495 1383 1384
f 1486 1383 1495
f 1483 1486 1495
f 1487 1483 1495
f 1487 1496 1494
f 1496 1487 1495
f 1496 1495 1497
f 1498 1499 1500
f 1498 1500 1501
f 1502 1503 1504
f 1500 1499 1502
f 1504 1500 1502
f 1500 1504 1505
f 1500 1505 1506
f 1501 1500 1506
f 1501 1506 1507
f 1506 1505 1508
f 1509 1507 1506
f 1508 1509 1506
f 1510 1511 1512
f 1513 1503 1510
f 1512 1513 1510
f 1514 1515 1516
f 1514 1516 1517
f 1518 1514 1517
f 1518 1517 1519
f 1517 1516 1520
f 1521 1519 1517
f 1520 1521 1517
f 1516 1511 1510
f 1516 1510 1520
f 1520 1510 1503
f 1520 1503 1502
f 1521 1520 1502
f 1521 1502 1499
f 1522 1519 1521
f 1521 1499 1498
f 1498 1523 1522
f 1522 1521 1498
f 1524 1509 1525
f 1526 1527 1524
f 1525 1526 1524
f 1528 1529 1530
f 1528 1530 1531
f 1532 1498 1501
f 1501 1507 1530
f 1530 1529 1532
f 1532 1501 1530
f 1530 1507 1509
f 1530 1509 1524
f 1531 1530 1524
f 1531 1524 1527
f 1533 1523 1498
f 1533 1498 1532
f 1534 1527 1526
f 1535 1536 1534
f 1526 1535 1534
f 1537 1538 1539
f 1540 1541 1537
f 1539 1540 1537
f 1538 1528 1531
f 1538 1531 1539
f 1539 1531 1527
f 1539 1527 1534
f 1540 1539 1534
f 1540 1534 1536
f 1542 1543 1538
f 1542 1538 1537
f 1544 1542 1537
f 1541 1545 1544
f 1537 1541 1544
f 1546 1536 1535
f 1547 1548 1546
f 1535 1547 1546
f 1549 1550 1551
f 1549 1551 1552
f 1553 1541 1540
f 1551 1550 1553
f 1540 1551 1553
f 1551 1540 1536
f 1551 1536 1546
f 1552 1551 1546
f 1552 1546 1548
f 1554 1545 1541
f 1554 1541 1553
f 1555 1554 1553
f 1555 1553 1550
f 1556 1548 1547
f 1556 1547 1557
f 1552 1548 1556
f 1558 1549 1552
f 1556 1558 1552
f 1440 1525 1438
f 1438 1508 1439
f 1442 1441 1505
f 1442 1505 1504
f 1443 1442 1513
f 1442 1504 1513
f 1441 1439 1508
f 1441 1508 1505
f 1525 1440 1378
f 1509 1508 1525
f 1525 1508 1438
f 1525 1378 1489
f 1513 1504 1503
f 1533 1532 1559
f 1513 1512 1448
f 1513 1448 1443
f 1449 1512 1511
f 1449 1448 1512
f 1515 1449 1511
f 1515 1511 1516
f 1560 1449 1515
f 1518 1519 1522
f 1559 1561 1523
f 1561 1522 1523
f 1515 1514 1560
f 1518 1560 1514
f 1522 1561 1518
f 1560 1518 1561
f 1559 1523 1533
f 1525 1489 1526
f 1535 1526 1490
f 1489 1490 1526
f 1547 1535 1490
f 1547 1490 1491
f 1562 1529 1528
f 1562 1528 1538
f 1532 1529 1559
f 1493 1557 1491
f 1557 1493 1563
f 1564 1557 1563
f 1564 1565 1556
f 1564 1556 1557
f 1565 1566 1558
f 1565 1558 1556
f 1491 1557 1547
f 1567 1543 1542
f 1568 1544 1545
f 1567 1542 1544
f 1562 1559 1529
f 1544 1568 1567
f 1567 1562 1543
f 1568 1545 1554
f 1562 1538 1543
f 1549 1555 1550
f 1558 1569 1549
f 1555 1569 1568
f 1569 1555 1549
f 1558 1570 1569
f 1558 1571 1570
f 1571 1558 1566
f 1554 1555 1568
f 1572 1573 1574
f 1572 1574 1575
f 1492 1576 1493
f 1492 1494 1574
f 1574 1576 1492
f 1577 1578 1576
f 1579 1577 1573
f 1576 1573 1577
f 1573 1580 1579
f 1573 1576 1574
f 1575 1574 1494
f 1575 1494 1496
f 1497 1575 1496
f 1575 1497 1581
f 1572 1575 1581
f 1582 1580 1572
f 1572 1580 1573
f 1572 1583 1582
f 1572 1584 1583
f 1584 1572 1581
f 1585 1586 1587
f 1585 1587 1588
f 1587 1589 1590
f 1591 1588 1587
f 1590 1591 1587
f 1592 1588 1591
f 1592 1591 1593
f 1564 1563 1576
f 1576 1590 1564
f 1566 1565 1590
f 1590 1565 1564
f 1566 1590 1571
f 1591 1590 1576
f 1576 1563 1493
f 1594 1570 1589
f 1571 1589 1570
f 1594 1587 1586
f 1590 1589 1571
f 1586 1595 1594
f 1586 1585 1595
f 1587 1594 1589
f 1576 1593 1591
f 1596 1593 1576
f 1596 1597 1593
f 1597 1598 1592
f 1597 1592 1593
f 1578 1596 1576
f 1585 1588 1592
f 1599 1585 1600
f 1600 1585 1592
f 1595 1585 1599
f 1601 1592 1602
f 1601 1600 1592
f 1598 1603 1602
f 1592 1598 1602
f 1604 1605 1606
f 1604 1606 1607
f 1607 1606 1608
f 1607 1608 1609
f 1610 1611 1605
f 1610 1605 1604
f 1598 1612 1603
f 1613 1612 1608
f 1613 1608 1606
f 1597 1608 1598
f 1598 1608 1612
f 1605 1613 1606
f 1614 1615 1613
f 1611 1616 1614
f 1617 1616 1611
f 1614 1613 1611
f 1618 1617 1611
f 1611 1613 1605
f 1597 1596 1609
f 1597 1609 1608
f 1619 1607 1609
f 1609 1578 1619
f 1596 1578 1609
f 1604 1607 1619
f 1611 1610 1620
f 1611 1620 1618
f 1610 1604 1619
f 1610 1619 1621
f 1620 1610 1622
f 1621 1622 1610
f 1623 1624 1625
f 1623 1625 1626
f 1625 1627 1628
f 1625 1628 1629
f 1628 1630 1631
f 1628 1631 1632
f 1612 1633 1603
f 1612 1634 1633
f 1631 1635 1634
f 1634 1612 1631
f 1612 1613 1631
f 1630 1636 1631
f 1635 1631 1636
f 1637 1636 1630
f 1637 1630 1628
f 1629 1628 1632
f 1627 1637 1628
f 1632 1631 1613
f 1632 1613 1638
f 1615 1638 1613
f 1632 1638 1639
f 1632 1639 1629
f 1629 1639 1640
f 1640 1626 1629
f 1641 1624 1623
f 1627 1624 1641
f 1627 1625 1624
f 1642 1623 1626
f 1623 1642 1643
f 1642 1626 1640
f 1641 1623 1643
f 1626 1625 1629
f 1637 1627 1641
f 1633 1602 1603
f 1644 1601 1602
f 1645 1599 1600
f 1645 1595 1599
f 1600 1601 1644
f 1602 1634 1644
f 1646 1634 1635
f 1645 1600 1644
f 1634 1646 1644
f 1635 1636 1646
f 1634 1602 1633
f 1647 1648 1649
f 1648 1650 1649
f 1650 1648 1651
f 1650 1651 1652
f 1653 1654 1655
f 1653 1655 1656
f 1656 1655 1657
f 1656 1657 1658
f 1659 1660 1654
f 1659 1654 1653
f 1661 1662 1663
f 1661 1663 1664
f 1662 1649 1650
f 1662 1650 1663
f 1662 1661 1665
f 1665 1666 1658
f 1658 1649 1662
f 1662 1665 1658
f 1667 1668 1653
f 1667 1653 1656
f 1656 1658 1666
f 1656 1666 1667
f 1669 1661 1664
f 1669 1664 1670
f 1671 1666 1665
f 1671 1665 1672
f 1672 1665 1661
f 1672 1661 1669
f 1673 1668 1667
f 1673 1667 1674
f 1674 1667 1666
f 1674 1666 1671
f 1675 1676 1668
f 1675 1668 1673
f 1651 1647 1643
f 1643 1647 1677
f 1677 1657 1678
f 1643 1642 1651
f 1642 1652 1651
f 1647 1649 1677
f 1647 1651 1648
f 1652 1642 1640
f 1649 1657 1677
f 1678 1655 1679
f 1679 1660 1680
f 1655 1654 1679
f 1654 1660 1679
f 1657 1655 1678
f 1659 1653 1668
f 1659 1668 1676
f 1681 1682 1660
f 1681 1660 1659
f 1659 1676 1683
f 1659 1683 1681
f 1680 1660 1682
f 1658 1657 1649
f 1663 1650 1652
f 1640 1639 1664
f 1640 1664 1663
f 1639 1638 1670
f 1639 1670 1664
f 1615 1684 1669
f 1615 1669 1670
f 1638 1615 1670
f 1672 1669 1684
f 1684 1685 1671
f 1684 1671 1672
f 1686 1683 1676
f 1686 1676 1675
f 1685 1687 1674
f 1685 1674 1671
f 1673 1674 1687
f 1673 1687 1675
f 1688 1675 1687
f 1686 1675 1688
f 1640 1663 1652
f 1689 1680 1682
f 1689 1682 1681
f 1690 1691 1689
f 1689 1692 1690
f 1693 1689 1681
f 1693 1681 1683
f 1693 1683 1686
f 1693 1686 1688
f 1694 1692 1693
f 1693 1692 1689
f 1695 1691 1690
f 1695 1696 1697
f 1697 1696 1698
f 1690 1692 1695
f 1699 1692 1694
f 1699 1700 1695
f 1700 1696 1695
f 1699 1701 1700
f 1692 1699 1695
f 1696 1702 1698
f 1703 1702 1696
f 1703 1704 1705
f 1704 1706 1705
f 1696 1704 1703
f 1707 1700 1701
f 1704 1700 1707
f 1708 1704 1709
f 1707 1709 1704
f 1696 1700 1704
f 1710 1711 1712
f 1710 1712 1713
f 1714 1710 1713
f 1714 1713 1715
f 1712 1716 1717
f 1713 1712 1717
f 1713 1717 1718
f 1719 1716 1712
f 1711 114 1719
f 1711 1710 109
f 1711 109 113
f 1712 1711 1719
f 114 1711 113
f 1718 1720 1715
f 1718 1715 1713
f 1721 1715 1720
f 1715 1721 1722
f 1714 1715 1722
f 1710 1714 110
f 1710 110 109
f 1714 1722 110
f 112 110 1722
f 1723 1724 1725
f 1723 1725 1726
f 1727 1728 1724
f 1727 1724 1723
f 1729 1723 1726
f 1729 1726 1730
f 1731 1727 1723
f 1731 1723 1729
f 1725 1717 1716
f 1725 1732 1726
f 1725 1724 1718
f 1725 1718 1717
f 1732 1725 1716
f 1720 1718 1724
f 1720 1724 1728
f 1733 1721 1728
f 1720 1728 1721
f 1728 1727 1733
f 1734 1730 1732
f 1730 1734 1735
f 1735 1736 1729
f 1735 1729 1730
f 1737 1731 1738
f 1731 1729 1736
f 1731 1736 1738
f 1737 1733 1727
f 1737 1727 1731
f 1730 1726 1732
f 1733 1737 1739
f 1740 1741 1733
f 1733 1742 1721
f 1733 1741 1742
f 1740 1733 1739
f 1743 1740 1744
f 1743 1744 1745
f 472 1746 1743
f 1743 1746 1741
f 1740 1743 1741
f 1747 1748 1749
f 1747 1749 1750
f 1751 1752 1753
f 1751 1753 1754
f 1754 1753 1755
f 1754 1755 1756
f 1753 1752 1757
f 1758 1755 1753
f 1757 1758 1753
f 1755 1758 1759
f 1755 1759 1760
f 1758 1757 1761
f 1762 1759 1758
f 1761 1762 1758
f 1763 1759 1762
f 1764 1765 1763
f 1762 1764 1763
f 1760 1759 1763
f 1760 1763 1766
f 1766 1763 1765
f 1766 1765 1767
f 1762 1761 1747
f 1750 1764 1762
f 1747 1750 1762
f 1767 1765 1768
f 1767 1768 1769
f 1769 1768 1770
f 1769 1770 1771
f 1768 1765 1764
f 1772 1770 1768
f 1764 1772 1768
f 1773 1774 1775
f 1747 1761 1773
f 1775 1747 1773
f 1776 1774 1773
f 1776 1773 1777
f 1778 1777 1773
f 1761 1757 1778
f 1773 1761 1778
f 1779 1777 1778
f 1779 1778 1780
f 1781 1780 1778
f 1757 1752 1781
f 1778 1757 1781
f 1782 1780 1781
f 1782 1781 1783
f 1783 1781 1752
f 1783 1752 1751
f 1749 1737 1738
f 1749 1748 1784
f 1737 1749 1784
f 1750 1749 1738
f 1750 1738 1736
f 1772 1736 1735
f 1735 1770 1772
f 1772 1764 1750
f 1770 1735 1734
f 1736 1772 1750
f 1775 1748 1747
f 1785 1748 1786
f 1775 1786 1748
f 1787 1786 1775
f 1784 1748 1785
f 1788 1787 1775
f 1788 1775 1774
f 1776 1788 1774
f 1789 1788 1776
f 1776 1777 1779
f 1790 1769 1771
f 1790 1766 1767
f 1791 1760 1766
f 1767 1769 1790
f 1790 1791 1766
f 1755 1760 1756
f 1756 1760 1791
f 1792 1756 1791
f 1734 1790 1771
f 1734 1771 1770
f 1792 1751 1754
f 1782 1779 1780
f 1783 1751 1792
f 1783 1792 1793
f 1783 1793 1782
f 1794 1789 1776
f 1793 1794 1782
f 1782 1794 1779
f 1792 1754 1756
f 1779 1794 1776
f 1739 1737 1784
f 1740 1739 1784
f 1740 1795 1744
f 1744 1795 1745
f 1784 1796 1740
f 1797 1796 1784
f 1740 1796 1795
f 1798 1795 1799
f 1796 1799 1795
f 1785 1797 1784
f 1795 1798 1800
f 1795 1800 1801
f 1745 1795 1802
f 1795 1803 1802
f 1804 1795 1801
f 1804 1805 1806
f 1795 1804 1803
f 1804 1807 1803
f 1804 493 1807
f 1805 1804 1801
f 1808 1798 1799
f 1809 1808 1810
f 1808 1811 1810
f 1796 1808 1799
f 1796 1797 1812
f 1796 1812 1811
f 1797 1785 1813
f 1797 1813 1812
f 1808 1796 1811
f 1800 1808 1801
f 1814 1815 1801
f 1806 1805 1815
f 1801 1815 1805
f 1808 1800 1798
f 1816 1808 1809
f 1814 1808 1816
f 1814 1817 1815
f 1817 1818 1815
f 1814 1801 1808
f 1815 1818 1819
f 1815 1820 1806
f 1821 1815 1819
f 1822 1815 1823
f 1815 512 1820
f 512 1815 1822
f 1821 1823 1815
f 1824 1818 1817
f 1825 1824 1826
f 1824 1814 1826
f 1814 1824 1817
f 1827 1814 1816
f 1816 1809 1827
f 1827 1828 1826
f 1814 1827 1826
f 1819 1824 1821
f 1829 1830 1821
f 1822 1823 1830
f 1821 1830 1823
f 1824 1819 1818
f 1831 1824 1825
f 1829 1824 1831
f 1829 1832 1830
f 1832 1833 1830
f 1829 1821 1824
f 1830 1833 1834
f 1835 1822 1830
f 1834 1836 1830
f 1836 1837 1830
f 1837 1838 1839
f 531 1835 1837
f 1837 1835 1830
f 1838 1837 1836
f 1840 1833 1832
f 1829 1841 1840
f 1840 1842 1843
f 1840 1841 1842
f 1829 1840 1832
f 1844 1829 1831
f 1844 1831 1825
f 1845 1846 1844
f 1844 1846 1841
f 1829 1844 1841
f 1834 1840 1836
f 1847 1848 1836
f 1839 1838 1848
f 1836 1848 1838
f 1840 1834 1833
f 1849 1840 1843
f 1847 1840 1849
f 1847 1850 1848
f 1850 1851 1848
f 1847 1836 1840
f 1852 1853 1848
f 1848 1853 1839
f 1854 1848 1851
f 1852 1854 1855
f 1852 550 1853
f 1854 1852 1848
f 1856 1851 1850
f 1856 1850 1847
f 1857 1856 1858
f 1856 1859 1858
f 1860 1856 1847
f 1860 1849 1843
f 1856 1860 1859
f 1860 1861 1859
f 1860 1862 1861
f 1849 1860 1847
f 1856 1854 1851
f 1856 1855 1854
f 1863 1856 1857
f 1856 1863 1864
f 1855 1856 1864
f 1865 1855 1864
f 1865 1864 1866
f 1867 1866 1868
f 1867 571 1865
f 1866 1867 1865
f 1869 1870 1864
f 1869 1863 1871
f 1863 1869 1864
f 1863 1857 1872
f 1863 1872 1873
f 1871 1863 1873
f 1874 1866 1864
f 1868 1866 1875
f 1868 1875 1876
f 1870 1874 1864
f 1866 1874 1877
f 1866 1877 1875
f 1876 1878 1879
f 1876 1879 1868
f 1878 1880 1881
f 1878 1881 1879
f 1882 1883 639
f 1880 1882 1881
f 1882 1884 1881
f 1882 592 1884
f 1883 1882 1880
f 1885 1876 1875
f 1886 1885 1875
f 1885 1886 655
f 1887 1886 1875
f 1887 1875 1877
f 1877 1874 1888
f 1877 1888 1887
f 1889 1874 1870
f 1890 1888 1889
f 1874 1889 1888
f 1880 1878 653
f 1880 653 652
f 1883 1880 652
f 1883 652 656
f 639 1883 633
f 1883 656 633
f 1885 1878 1876
f 653 1885 655
f 656 634 633
f 1878 1885 653
f 1889 1891 1890
f 1892 1893 1871
f 1892 1871 1873
f 1894 1892 1873
f 1894 1873 1872
f 1893 1891 1889
f 1869 1889 1870
f 1871 1889 1869
f 1871 1893 1889
f 1891 1895 1896
f 1891 1896 1890
f 1897 1895 1891
f 1897 1891 1893
f 1893 1892 1898
f 1893 1898 1897
f 1899 1898 1892
f 1899 1892 1894
f 1888 1890 1896
f 1888 1896 1900
f 1886 1887 1901
f 1886 1901 1902
f 655 1886 1902
f 655 1902 654
f 1887 1888 1900
f 1887 1900 1901
f 1903 1904 1905
f 1903 1905 1906
f 1906 1905 1907
f 1906 1907 1908
f 1909 1910 1904
f 1909 1904 1903
f 1911 1912 1913
f 1911 1913 1914
f 1914 1913 1915
f 1914 1915 1916
f 1913 1912 1903
f 1906 1915 1913
f 1903 1906 1913
f 1915 1906 1908
f 1915 1908 1917
f 1918 1919 1920
f 1918 1920 1921
f 1922 1920 1909
f 1903 1912 1922
f 1909 1903 1922
f 1921 1920 1922
f 1921 1922 1923
f 1923 1922 1912
f 1923 1912 1911
f 1907 1896 1895
f 1895 1897 1908
f 1895 1908 1907
f 1907 1924 1896
f 1897 1898 1917
f 1897 1917 1908
f 1905 1924 1907
f 1925 1910 1926
f 1926 1910 1927
f 1925 1924 1905
f 1925 1905 1904
f 1925 1904 1910
f 1909 1919 1928
f 1910 1909 1928
f 1910 1928 1927
f 1915 1917 1916
f 1929 1916 1917
f 1916 1929 1914
f 1929 1911 1914
f 1911 1929 1930
f 1899 1929 1917
f 1899 1917 1898
f 1919 1918 1931
f 1919 1931 1928
f 1919 1909 1920
f 1918 1921 1930
f 1923 1930 1921
f 1931 1918 1932
f 1930 1932 1918
f 1930 1923 1911
f 1933 1934 1935
f 1933 1935 1936
f 1934 1937 1938
f 1934 1938 1935
f 1939 1933 1936
f 1939 1936 1940
f 1938 1900 1896
f 1938 1924 1935
f 1938 1937 1901
f 1938 1901 1900
f 1924 1938 1896
f 1902 1901 1937
f 1902 1937 654
f 654 1937 661
f 1934 1933 661
f 1937 1934 661
f 1924 1925 1936
f 1924 1936 1935
f 1940 1925 1926
f 1941 1940 1926
f 1936 1925 1940
f 1939 1940 1941
f 1939 1941 1942
f 663 661 1933
f 663 1933 1939
f 1939 1942 1943
f 1939 1943 663
f 1944 1945 1946
f 1944 1946 1947
f 1948 1949 1950
f 1948 1950 1951
f 1951 1950 1945
f 1951 1945 1944
f 1946 1952 1926
f 1952 1946 1945
f 1927 1928 1947
f 1927 1947 1946
f 1927 1946 1926
f 1953 1952 1945
f 1953 1945 1950
f 1949 1954 1953
f 1955 1954 1949
f 1950 1949 1953
f 1956 1955 1949
f 1956 1949 1948
f 1931 1947 1928
f 1957 1944 1947
f 1931 1932 1947
f 1932 1957 1947
f 1957 1948 1951
f 1958 1956 1948
f 1958 1948 1959
f 1957 1959 1948
f 1957 1951 1944
f 1960 1961 1962
f 1960 1962 1963
f 1964 1965 1966
f 1964 1966 1967
f 1965 1960 1963
f 1965 1963 1966
f 1962 1941 1926
f 1963 1962 1952
f 1926 1952 1962
f 1952 1953 1966
f 1952 1966 1963
f 1962 1961 1942
f 1962 1942 1941
f 1961 1943 1942
f 697 663 1961
f 697 1961 1960
f 1943 1961 663
f 1967 1966 1953
f 1968 1967 1954
f 1953 1954 1967
f 1964 1967 1968
f 1964 1968 1969
f 1964 697 1965
f 1965 697 1960
f 699 697 1964
f 1964 1969 1970
f 1964 1970 699
f 1954 1955 1971
f 1954 1971 1972
f 1973 1971 1955
f 1973 1955 1956
f 1956 1958 1974
f 1956 1974 1973
f 1975 1974 1958
f 1975 1958 1959
f 1968 1954 1972
f 1968 1972 1976
f 721 1970 1969
f 721 699 1970
f 1969 1968 1976
f 1969 1976 1977
f 1969 1977 721
f 723 721 1978
f 1977 1978 721
f 1979 1972 1971
f 1980 1981 1971
f 1980 1971 1973
f 1982 1979 1981
f 1971 1981 1979
f 1983 1974 1975
f 1984 1974 1983
f 1984 1980 1973
f 1984 1973 1974
f 1983 1985 1984
f 1976 1972 1979
f 1977 1976 1986
f 1977 1986 1987
f 1978 1977 1987
f 1978 1987 1988
f 1978 1989 723
f 1976 1979 1986
f 1990 1989 1988
f 1988 1989 1978
f 1982 1986 1979
f 1989 1990 1991
f 723 1989 722
f 1989 720 722
f 1992 1989 1991
f 1992 1993 719
f 1992 719 720
f 1993 746 718
f 1993 718 719
f 1989 1992 720
f 1994 1990 1988
f 1994 1988 1987
f 1995 1994 1996
f 1994 1997 1996
f 1998 1994 1987
f 1998 1986 1982
f 1994 1998 1997
f 1998 1999 1997
f 1998 2000 1999
f 1986 1998 1987
f 1991 1990 1994
f 1992 1991 1994
f 1992 2001 1993
f 1993 2001 746
f 1994 2002 1992
f 2003 2002 1994
f 1992 2002 2001
f 2004 2001 2005
f 2002 2005 2001
f 1995 2003 1994
f 2001 2004 2006
f 746 2001 745
f 2001 744 745
f 744 2001 2006
f 2006 823 744
f 823 743 744
f 823 742 743
f 825 823 2006
f 2007 2004 2005
f 2008 2007 2005
f 2007 2008 2009
f 2010 2008 2005
f 2010 2005 2002
f 2011 2010 2002
f 2011 2002 2003
f 2012 2003 1995
f 2013 2011 2012
f 2003 2012 2011
f 2007 1020 2006
f 2006 1020 825
f 2007 2006 2004
f 2014 2007 2009
f 2014 1022 1020
f 2007 2014 1020
f 2015 2016 2009
f 2016 2015 2017
f 2017 2015 2018
f 2009 2008 2015
f 2015 2010 2011
f 2015 2011 2013
f 1301 2019 2015
f 2015 2019 2018
f 2010 2015 2008
f 1027 2014 2009
f 1027 1022 2014
f 1027 2016 2020
f 2020 1029 1027
f 2009 2016 1027
f 2021 2016 2017
f 1286 2021 2017
f 2021 1286 1287
f 1284 1286 2017
f 1284 2017 2018
f 2018 2019 1283
f 2018 1283 1284
f 1297 2019 1301
f 1282 1283 1297
f 2019 1297 1283
f 2020 2016 2021
f 1029 2020 1060
f 2021 1060 2020
f 1060 2021 2022
f 1060 2022 2023
f 2021 1287 2024
f 1060 2023 1061
f 2021 2024 2022
f 2025 2013 2012
f 2026 2025 2012
f 2026 2027 2028
f 2028 2027 1317
f 2012 1997 2026
f 1996 1997 2012
f 2026 1997 2027
f 2000 2027 1999
f 1997 1999 2027
f 1995 1996 2012
f 2015 2013 2025
f 2025 2026 1298
f 2025 1298 1302
f 1301 2015 1302
f 2025 1302 2015
f 1315 2028 1317
f 1299 2028 1315
f 1299 1298 2026
f 1299 2026 2028
f 1315 1300 1299
f 2029 1998 2030
f 1998 2031 2030
f 1330 2032 2031
f 2030 2031 2032
f 1998 2029 2000
f 1981 1998 1982
f 1980 1998 1981
f 1980 1984 2031
f 1984 1985 2031
f 1980 2031 1998
f 2027 2000 2029
f 2029 2030 1314
f 2029 1314 1316
f 1317 2027 1316
f 2029 1316 2027
f 1329 2032 1330
f 1313 2032 1329
f 1313 1314 2030
f 1313 2030 2032
f 1329 1312 1313
f 2033 1983 2034
f 2035 2036 2034
f 1345 2037 2036
f 2034 2036 2037
f 1983 2033 1985
f 2038 1983 1975
f 2035 1983 2038
f 2035 2039 2036
f 2039 2040 2036
f 2035 2034 1983
f 2031 1985 2033
f 1330 2031 1327
f 2031 1343 1327
f 2034 2031 2033
f 1343 2034 2037
f 2037 1345 1343
f 1343 1328 1327
f 2034 1343 2031
f 2041 2040 2039
f 2042 2041 2043
f 2039 2043 2041
f 2039 2035 2044
f 2039 2044 2043
f 2035 2038 2045
f 2035 2045 2044
f 2038 1975 1959
f 2038 1959 2045
f 2046 2040 2041
f 2047 2046 2048
f 2047 2048 2049
f 2050 2047 2049
f 2050 2049 2051
f 2050 1495 1384
f 2046 2041 2048
f 1497 1495 2051
f 2051 1495 2050
f 2042 2048 2041
f 2036 2040 2046
f 2036 2046 2047
f 1345 2036 1344
f 2036 1340 1344
f 1382 2036 2047
f 1382 2050 1384
f 2036 1382 1340
f 1382 1341 1340
f 1382 1342 1341
f 2050 1382 2047
f 2052 2053 2042
f 2042 2043 2054
f 2042 2054 2052
f 2043 2055 2054
f 2043 2044 2056
f 2043 2056 2055
f 1957 2044 2045
f 1957 2045 1959
f 1957 2057 2056
f 2057 1957 1932
f 1957 2056 2044
f 1581 2048 2042
f 2053 1581 2042
f 1581 2051 2049
f 2051 1581 1497
f 1581 2049 2048
f 1581 2053 2058
f 1581 2058 2059
f 1581 2059 2060
f 1581 2061 2062
f 1581 2063 1584
f 1581 2062 2063
f 1581 2060 2061
f 2064 2065 2066
f 2064 2066 2067
f 2067 2066 2068
f 2067 2068 2069
f 2070 2071 2072
f 2070 2072 2073
f 2073 2072 2065
f 2073 2065 2064
f 2074 2075 2071
f 2074 2071 2070
f 2076 2077 2064
f 2076 2064 2067
f 2067 2069 2078
f 2067 2078 2076
f 2073 2064 2077
f 2079 2070 2073
f 2077 2079 2073
f 2080 2078 2081
f 2080 2081 2082
f 2083 2077 2076
f 2083 2076 2084
f 2084 2076 2078
f 2084 2078 2080
f 2068 2053 2052
f 2066 2085 2068
f 2053 2068 2085
f 2068 2052 2054
f 2055 2069 2054
f 2085 2066 2065
f 2054 2069 2068
f 2072 2085 2065
f 2086 2087 2071
f 2086 2071 2075
f 2085 2072 2087
f 2086 2075 2088
f 2071 2087 2072
f 2075 2074 2089
f 2075 2089 2088
f 2090 2089 2074
f 2074 2070 2079
f 2069 2056 2081
f 2081 2078 2069
f 2081 2056 2057
f 2082 2057 1932
f 1932 1930 2082
f 2081 2057 2082
f 1930 2080 2082
f 2074 2079 2090
f 1899 2091 2079
f 2079 2091 2090
f 2083 2079 2077
f 2084 2080 1930
f 2079 1929 1899
f 2084 1929 2083
f 2083 1929 2079
f 2084 1930 1929
f 2055 2056 2069
f 2092 2093 2094
f 2092 2094 2095
f 2096 2097 2098
f 2096 2098 2099
f 2097 2095 2100
f 2097 2100 2098
f 2101 2092 2095
f 2101 2095 2097
f 2097 2096 2102
f 2097 2102 2101
f 2103 2104 2092
f 2103 2092 2101
f 2105 2103 2101
f 2105 2101 2102
f 2106 2096 2099
f 2106 2099 2107
f 2108 2109 2110
f 2108 2110 2111
f 2112 2113 2105
f 2112 2105 2114
f 2109 2112 2114
f 2109 2114 2110
f 2114 2105 2102
f 2115 2110 2114
f 2102 2115 2114
f 2094 2058 2053
f 2059 2058 2094
f 2100 2094 2053
f 2095 2094 2100
f 2060 2059 2094
f 2100 2053 2085
f 2099 2098 2085
f 2099 2085 2087
f 2085 2098 2100
f 2061 2060 2094
f 2093 2063 2062
f 2093 1584 2063
f 2062 2061 2093
f 2104 2093 2092
f 2093 2061 2094
f 2116 2104 2103
f 2103 2113 2116
f 2104 2116 1584
f 2093 2104 1584
f 2102 2096 2106
f 2102 2106 2115
f 2107 2087 2086
f 2106 2107 2117
f 2106 2117 2118
f 2115 2106 2119
f 2115 2119 2120
f 2086 2117 2107
f 2115 2120 2121
f 2106 2118 2119
f 2122 2115 2121
f 2123 2113 2112
f 2112 2109 2124
f 2112 2124 2123
f 2116 2113 2123
f 2103 2105 2113
f 2115 2111 2110
f 2122 2108 2111
f 2125 2124 2108
f 2109 2108 2124
f 2122 2125 2108
f 2115 2122 2111
f 2107 2099 2087
f 2126 2127 2128
f 2129 2130 2126
f 2128 2129 2126
f 2130 2131 2132
f 2130 2132 2126
f 2126 2132 2133
f 2126 2133 2127
f 2127 2133 2134
f 2127 2134 2135
f 2136 2137 2138
f 2136 2138 2139
f 2139 2138 2130
f 2139 2130 2129
f 2139 2129 2140
f 2141 2136 2139
f 2140 2141 2139
f 2142 2143 2136
f 2142 2136 2141
f 2144 2125 2134
f 2125 2122 2135
f 2125 2135 2134
f 2145 2144 2133
f 2145 2133 2132
f 2134 2133 2144
f 2128 2135 2122
f 2135 2128 2127
f 2128 2122 2121
f 2131 2146 2145
f 2146 2137 2147
f 2132 2131 2145
f 2138 2131 2130
f 2147 2143 2148
f 2138 2137 2146
f 2147 2137 2143
f 2138 2146 2131
f 2120 2140 2128
f 2119 2140 2120
f 2128 2140 2129
f 2121 2120 2128
f 2140 2118 2117
f 2149 2140 2086
f 2117 2086 2140
f 2119 2118 2140
f 2149 2141 2140
f 2137 2136 2143
f 2143 2142 2150
f 2143 2150 2151
f 2148 2143 2151
f 2142 2141 2149
f 2142 2152 2153
f 2142 2154 2152
f 2142 2149 2154
f 2150 2142 2153
f 2155 2156 2157
f 2158 2159 2155
f 2157 2158 2155
f 2159 2160 2161
f 2159 2161 2162
f 2156 2155 2163
f 2156 2163 2164
f 2155 2159 2162
f 2155 2162 2163
f 2165 2166 2167
f 2165 2167 2168
f 2169 2170 2171
f 2169 2171 2172
f 2170 2157 2156
f 2170 2156 2171
f 2173 2168 2157
f 2173 2157 2170
f 2170 2169 2174
f 2170 2174 2173
f 2175 2165 2168
f 2175 2168 2173
f 2176 2175 2173
f 2176 2173 2174
f 2177 2174 2169
f 2177 2169 2178
f 2161 2125 2144
f 2160 2179 2161
f 2125 2161 2179
f 2180 2179 2160
f 2162 2161 2144
f 2163 2162 2144
f 2163 2144 2145
f 2145 2164 2163
f 2164 2145 2146
f 2158 2160 2159
f 2158 2181 2180
f 2167 2182 2183
f 2166 1622 2182
f 2183 2181 2158
f 2167 2158 2157
f 2167 2157 2168
f 2160 2158 2180
f 2184 2166 2165
f 1622 2166 2184
f 2182 2167 2166
f 2183 2158 2167
f 2156 2164 2171
f 2172 2171 2146
f 2178 2169 2172
f 2172 2146 2147
f 2146 2171 2164
f 2178 2147 2185
f 2186 2178 2187
f 2185 2187 2178
f 2172 2147 2178
f 2178 2186 2188
f 2189 2165 2175
f 2175 2176 2189
f 2184 2165 2189
f 2190 2177 2188
f 2176 2177 2191
f 2190 2191 2177
f 2189 2176 2191
f 2174 2177 2176
f 2178 2188 2177
f 2192 2193 2194
f 2195 2196 2192
f 2194 2195 2192
f 2196 2197 2198
f 2196 2198 2192
f 2192 2198 2199
f 2192 2199 2193
f 2193 2199 2200
f 2193 2200 2201
f 2202 2203 2204
f 2202 2204 2205
f 2205 2204 2196
f 2205 2196 2195
f 2206 2207 2202
f 2206 2202 2205
f 2205 2195 2208
f 2205 2208 2206
f 2209 2210 2202
f 2209 2202 2207
f 2211 2208 2212
f 2211 2212 2213
f 2214 2207 2206
f 2214 2206 2215
f 2215 2206 2208
f 2215 2208 2211
f 2124 2125 2200
f 2179 2200 2125
f 2123 2124 2199
f 2123 2199 2198
f 2200 2199 2124
f 2201 2179 2180
f 2193 2201 2194
f 2180 2194 2201
f 2194 2180 2181
f 2179 2201 2200
f 2116 2123 2197
f 2197 2123 2198
f 2210 1583 1584
f 1584 2116 2203
f 2204 2116 2197
f 1584 2203 2210
f 1582 1583 2210
f 2116 2204 2203
f 2197 2196 2204
f 2195 2194 2212
f 2195 2212 2208
f 2212 2194 2181
f 2212 2181 2183
f 2183 2182 2212
f 2182 2213 2212
f 1621 2213 1622
f 2182 1622 2213
f 1619 2215 2211
f 2213 1621 2211
f 1621 1619 2211
f 1580 2210 1579
f 2210 2209 1579
f 1582 2210 1580
f 2203 2202 2210
f 1578 2214 1619
f 1577 2209 1578
f 2214 1578 2209
f 1579 2209 1577
f 2207 2214 2209
f 2215 1619 2214
f 2216 2191 2190
f 2190 2188 2217
f 2190 2217 2218
f 2218 2219 2216
f 2190 2218 2216
f 2217 2188 2186
f 2220 2186 2187
f 2221 2187 2185
f 2220 2187 2221
f 2147 2221 2185
f 2220 2221 2222
f 2217 2186 2220
f 2216 2223 2191
f 1693 2224 2225
f 1693 2226 2224
f 2225 2223 2216
f 2227 2216 2219
f 2225 2227 1693
f 1693 1688 2226
f 2227 1694 1693
f 2227 2225 2216
f 2228 2229 2230
f 2228 2230 2231
f 2231 2230 2232
f 2231 2232 2233
f 2234 2235 2229
f 2234 2229 2228
f 2236 2237 2233
f 2238 2239 2236
f 2233 2238 2236
f 2240 2241 2228
f 2240 2228 2231
f 2231 2233 2237
f 2231 2237 2240
f 2242 2239 2243
f 2242 2243 2244
f 2245 2237 2236
f 2245 2236 2246
f 2246 2236 2239
f 2246 2239 2242
f 2247 2241 2240
f 2247 2240 2248
f 2248 2240 2237
f 2248 2237 2245
f 2249 2250 2241
f 2249 2241 2247
f 2189 2191 2232
f 2238 2232 2191
f 2184 2189 2230
f 2184 2230 2229
f 2232 2230 2189
f 2238 2223 2225
f 2225 2243 2238
f 2238 2233 2232
f 2243 2225 2224
f 2223 2238 2191
f 2235 2184 2229
f 1620 1622 2235
f 2184 2235 1622
f 2235 2234 1620
f 2234 2250 1617
f 2234 1617 1618
f 2234 1618 1620
f 2234 2228 2241
f 2234 2241 2250
f 2243 2239 2238
f 2224 2226 2244
f 2224 2244 2243
f 2242 2244 1687
f 2244 1688 1687
f 1685 2245 2246
f 1687 2246 2242
f 1687 1685 2246
f 1688 2244 2226
f 2250 2249 1614
f 2250 1614 1616
f 1617 2250 1616
f 2247 2248 1684
f 2247 1684 2249
f 1614 2249 1615
f 1684 1615 2249
f 1685 1684 2248
f 1685 2248 2245
f 2251 2219 2218
f 2218 2217 2252
f 2218 2252 2253
f 2254 2251 2253
f 2218 2253 2251
f 2255 2220 2222
f 2256 2220 2255
f 2256 2252 2217
f 2256 2217 2220
f 2255 2257 2256
f 2227 2219 2251
f 1694 2227 1699
f 2227 2258 1699
f 2258 2227 2251
f 2251 2254 2259
f 1699 2258 2260
f 1699 2260 1701
f 2251 2259 2258
f 2261 2254 2253
f 2262 2261 2263
f 2261 2264 2263
f 2252 2261 2253
f 2264 2252 2256
f 2256 2257 2264
f 2264 1845 2263
f 2252 2264 2261
f 2259 2261 2258
f 2265 1707 2258
f 1701 2260 1707
f 2258 1707 2260
f 2261 2259 2254
f 2266 2261 2262
f 2265 2261 2266
f 1709 1707 2267
f 2267 1707 2265
f 1709 2267 1708
f 2261 2265 2258
f 2263 1826 2268
f 2268 1826 1828
f 2263 2268 2262
f 1844 2263 1845
f 1844 1825 1826
f 2263 1844 1826
f 2266 2262 2268
f 2265 2266 2269
f 2265 2269 2270
f 2267 2265 2270
f 2267 2270 2271
f 2267 2272 1708
f 2266 2268 2269
f 2273 2272 2271
f 2271 2272 2267
f 1828 2269 2268
f 2274 2273 2271
f 1812 2274 2271
f 2274 1812 1813
f 1811 1812 2271
f 1811 2271 2270
f 2270 2269 1810
f 2270 1810 1811
f 1827 2269 1828
f 1809 1810 1827
f 2269 1827 1810
f 2275 2276 2277
f 2275 2277 2278
f 2276 2279 2280
f 2276 2280 2277
f 2280 2281 2273
f 2280 2274 2277
f 2274 2280 2273
f 2279 2281 2280
f 2279 2282 2283
f 2284 2279 2276
f 2285 2284 2276
f 2282 2279 2284
f 2279 2283 2281
f 2286 2274 1813
f 2278 2274 2286
f 2287 2278 2286
f 2276 2275 2285
f 2288 2275 2289
f 2275 2278 2287
f 2275 2287 2289
f 2285 2275 2288
f 2278 2277 2274
f 2272 2273 2281
f 1708 2272 1704
f 2272 2290 1704
f 2290 2272 2281
f 2291 2290 2281
f 1706 1704 2292
f 2292 1704 2290
f 2283 2291 2281
f 2264 2257 2293
f 2294 1841 2264
f 2264 1846 1845
f 2264 1841 1846
f 2294 2264 2293
f 1860 2294 2295
f 1860 2295 1862
f 1843 1842 1860
f 1860 1842 1841
f 2294 1860 1841
f 2293 2257 2255
f 2294 2293 2255
f 2294 2296 2295
f 2295 2296 1862
f 2255 2297 2294
f 2298 2297 2255
f 2294 2297 2296
f 2299 2296 2300
f 2297 2300 2296
f 2222 2298 2255
f 2296 2299 2301
f 1862 2296 1861
f 2296 1859 1861
f 2302 2296 2301
f 1872 2296 2303
f 2296 1872 1857
f 1858 1859 2296
f 1857 1858 2296
f 2303 2296 2302
f 2152 2154 2299
f 2300 2152 2299
f 2300 2153 2152
f 2300 2150 2153
f 2150 2300 2297
f 2221 2297 2298
f 2221 2298 2222
f 2221 2148 2151
f 2148 2221 2147
f 2221 2151 2297
f 2150 2297 2151
f 2301 2299 2154
f 2301 2154 2304
f 2303 2302 2305
f 2303 2305 2306
f 1872 2303 2306
f 1872 2306 1894
f 2302 2301 2304
f 2302 2304 2305
f 2304 2154 2149
f 2305 2304 2149
f 2306 2305 2090
f 2306 2090 2091
f 1894 2306 2091
f 1894 2091 1899
f 2149 2090 2305
f 2149 2086 2088
f 2149 2088 2089
f 2149 2089 2090
f 1867 1868 1879
f 570 1879 1881
f 570 1881 568
f 571 1867 570
f 1879 570 1867
f 590 1884 592
f 567 1884 590
f 567 568 1881
f 567 1881 1884
f 590 566 567
f 569 547 1852
f 1852 547 550
f 1865 1852 1855
f 569 1865 571
f 569 548 547
f 1865 569 1852
f 1837 1839 1853
f 531 1837 530
f 1837 529 530
f 549 1837 1853
f 1837 549 529
f 549 527 529
f 549 528 527
f 550 549 1853
f 512 1822 1835
f 512 1835 509
f 531 510 509
f 531 509 1835
f 2286 1813 1785
f 2286 1785 1786
f 2307 2289 2287
f 2307 2288 2289
f 2287 2286 1786
f 2287 1786 1787
f 2287 1787 2307
f 1789 2307 1788
f 1787 1788 2307
f 1804 511 489
f 1804 489 490
f 1804 492 493
f 1804 490 492
f 1820 1804 1806
f 511 1820 512
f 488 489 511
f 1820 511 1804
f 1743 1745 1802
f 1743 1802 1803
f 472 1743 471
f 1743 469 471
f 491 1743 1803
f 491 1803 1807
f 491 1807 493
f 1743 491 469
f 491 468 469
f 491 467 468
f 1722 1721 1742
f 1741 452 1722
f 1722 453 112
f 1722 452 453
f 1741 1722 1742
f 470 1741 1746
f 470 1746 472
f 451 450 470
f 470 450 452
f 1741 470 452
f 2024 1287 1285
f 2022 2024 1285
f 2022 2308 2023
f 2023 2308 1061
f 1285 1269 2022
f 1268 1269 1285
f 2022 1269 2308
f 1272 2308 1271
f 1269 1271 2308
f 1267 1268 1285
f 2308 1272 2309
f 1061 2308 1062
f 2308 1057 1062
f 1075 2308 2309
f 2308 1075 1057
f 1075 1058 1057
f 1075 1059 1058
f 1077 1075 2309
f 2309 1272 1270
f 1077 2309 2310
f 1270 2310 2309
f 2310 1270 1254
f 1270 1252 1253
f 2310 1254 1256
f 2310 1256 1257
f 1270 1253 1254
f 2310 1257 2311
f 2312 1074 2310
f 2310 1076 1077
f 2310 1074 1076
f 2312 2310 2311
f 1126 2312 2313
f 1126 2313 1131
f 1072 1073 1126
f 1126 1073 1074
f 2312 1126 1074
f 2311 1255 2312
f 1239 2314 2312
f 1131 2313 2314
f 2312 2314 2313
f 1255 2311 1257
f 1238 1255 1237
f 1239 1255 1238
f 1239 1241 2314
f 1241 1242 2314
f 1239 2312 1255
f 1178 2314 1242
f 1131 2314 1127
f 2314 1128 1127
f 2315 1178 1242
f 1178 1177 2314
f 2314 1177 1128
f 1177 1129 1128
f 1177 1130 1129
f 1180 1178 2315
f 2316 2317 2318
f 2316 2318 2319
f 2318 2315 1242
f 1242 1240 2318
f 2317 2315 2318
f 2317 2320 1180
f 2321 2320 2317
f 2321 2317 2316
f 2317 1180 2315
f 2319 2318 1240
f 2319 1240 2322
f 1235 2322 1240
f 2319 2322 2323
f 2323 2324 2316
f 2323 2316 2319
f 2321 2316 2325
f 2324 2325 2316
f 2325 2324 2326
f 2327 2328 2329
f 2327 2329 2330
f 2331 2330 2332
f 2331 2332 2333
f 2334 2327 2330
f 2334 2330 2331
f 2325 2326 2335
f 2332 2325 2335
f 2329 2325 2332
f 2336 2332 2335
f 2337 2332 2336
f 2330 2329 2332
f 2321 2325 2329
f 2320 2321 2329
f 2320 2329 2328
f 2328 1180 2320
f 2328 2327 1176
f 2328 1176 1179
f 1180 2328 1179
f 2331 2333 1222
f 2331 1222 1217
f 2337 1224 2333
f 2333 1224 1222
f 2334 2331 1217
f 2334 1217 1216
f 2327 2334 1174
f 2327 1174 1176
f 1175 1174 1216
f 2334 1216 1174
f 2337 2333 2332
f 2338 2339 2340
f 2338 2340 2341
f 2342 2338 2341
f 2342 2341 2343
f 2341 2340 2344
f 2345 2343 2341
f 2344 2345 2341
f 2346 2343 2345
f 2346 2345 2347
f 2348 2346 2347
f 2348 2347 2349
f 2350 2351 2352
f 2353 2354 2350
f 2355 2356 2353
f 2350 2355 2353
f 2354 2353 2357
f 2354 2357 2358
f 2352 2351 2359
f 2360 2361 2352
f 2359 2360 2352
f 2362 2349 2360
f 2362 2360 2359
f 2363 2364 2365
f 2351 2350 2363
f 2365 2351 2363
f 2364 2363 2366
f 2364 2366 2367
f 2368 2366 2363
f 2350 2354 2368
f 2363 2350 2368
f 2366 2368 2369
f 2366 2369 2370
f 2368 2354 2358
f 2368 2358 2369
f 2371 2345 2344
f 2372 2371 2344
f 2373 2345 2371
f 2374 2372 2340
f 2340 2372 2344
f 2347 2345 2373
f 2375 2376 2361
f 2352 2361 2376
f 2376 2377 2352
f 2355 2352 2377
f 2347 2373 2360
f 2375 2360 2373
f 2347 2360 2349
f 2360 2375 2361
f 2362 2348 2349
f 2340 2339 2374
f 1168 2339 2338
f 1168 2374 2339
f 2374 1168 1167
f 1169 1168 2338
f 2378 1169 2338
f 2342 1164 2378
f 2338 2342 2378
f 2346 1164 2342
f 2346 2348 1156
f 2346 1156 1159
f 2346 1159 1164
f 2348 1157 1156
f 2362 1157 2348
f 1165 2378 1164
f 2346 2342 2343
f 2379 2358 2357
f 2356 2379 2357
f 2380 2358 2379
f 2377 2356 2355
f 2357 2353 2356
f 2358 2380 2369
f 2377 2379 2356
f 2370 2381 2382
f 1122 2367 2383
f 2367 2382 2383
f 2381 2370 2369
f 2370 2367 2366
f 2367 2370 2382
f 1122 2383 1124
f 2380 2381 2369
f 2365 2359 2351
f 1157 2362 1158
f 1158 2362 1155
f 2362 2359 1112
f 2362 1112 1115
f 1155 2362 1110
f 1122 1116 2365
f 1122 2365 2364
f 2365 1116 1113
f 2359 1113 1112
f 1110 1114 1155
f 1115 1110 2362
f 2365 1113 2359
f 1122 2364 2367
f 2355 2350 2352
f 1882 639 638
f 638 632 589
f 638 589 591
f 592 1882 591
f 638 591 1882
f 626 637 628
f 588 637 626
f 588 589 632
f 588 632 637
f 626 587 588
f 2384 2385 2386
f 2384 2386 2387
f 2388 2389 2385
f 2388 2385 2384
f 2390 2384 2387
f 2390 2387 2391
f 2392 2388 2384
f 2392 2384 2390
f 2393 2390 2391
f 2393 2391 2394
f 2395 2392 2390
f 2395 2390 2393
f 2396 2393 2394
f 2396 2394 2397
f 2398 2395 2393
f 2396 2399 2398
f 2393 2396 2398
f 2400 2401 2402
f 2403 2404 2400
f 2402 2403 2400
f 2401 2405 2406
f 2401 2406 2402
f 2402 2406 2395
f 2402 2395 2398
f 2403 2402 2398
f 2403 2398 2399
f 2407 2408 2401
f 2407 2401 2400
f 2409 2407 2400
f 2409 2400 2404
f 429 401 1482
f 2386 430 429
f 430 2386 427
f 427 2385 428
f 429 1482 2386
f 2387 1481 1480
f 1480 1479 2391
f 1480 2391 2387
f 427 2386 2385
f 2387 2386 1481
f 1482 1481 2386
f 431 428 2385
f 434 431 2389
f 2389 431 2385
f 435 434 2389
f 2410 433 435
f 2411 2410 2412
f 435 2412 2410
f 2412 435 2389
f 2389 2388 2412
f 2413 2412 2388
f 2413 2388 2392
f 2413 2392 2406
f 2414 2413 2415
f 2414 2411 2412
f 2413 2416 2415
f 2412 2413 2414
f 2413 2406 2405
f 1478 2391 1479
f 2394 1478 1477
f 2397 2394 1477
f 2397 1477 1476
f 2396 2397 1430
f 2396 1430 1432
f 2392 2395 2406
f 2397 1431 1430
f 2399 2396 1432
f 2399 1432 1433
f 1433 1434 2403
f 1433 2403 2399
f 1431 2397 1476
f 2417 2405 2401
f 2405 2416 2413
f 2418 2417 2408
f 2408 2417 2401
f 2408 2407 2418
f 2409 2418 2407
f 2416 2405 2417
f 2404 2403 1434
f 2404 1434 1435
f 2409 2404 1435
f 2418 2409 2419
f 1436 2419 2409
f 2419 1436 1437
f 1436 2409 1435
f 2391 1478 2394
f 2420 2421 2422
f 2420 2422 2423
f 2424 2425 2421
f 2424 2421 2420
f 2426 2427 2425
f 2426 2425 2424
f 2428 2429 2427
f 2428 2427 2426
f 2430 2431 2429
f 2430 2429 2428
f 2432 2433 2431
f 2432 2431 2430
f 2434 2420 2423
f 2434 2423 2435
f 2436 2424 2420
f 2436 2420 2434
f 2437 2426 2424
f 2437 2424 2436
f 2438 2428 2426
f 2438 2426 2437
f 2439 2430 2428
f 2439 2428 2438
f 2440 2432 2430
f 2440 2430 2439
f 2441 2434 2435
f 2441 2435 2442
f 2443 2436 2434
f 2443 2434 2441
f 2444 2437 2436
f 2444 2436 2443
f 2445 2438 2437
f 2445 2437 2444
f 2446 2439 2438
f 2446 2438 2445
f 2447 2440 2439
f 2447 2439 2446
f 2448 2441 2442
f 2448 2442 2449
f 2450 2443 2441
f 2450 2441 2448
f 2451 2444 2443
f 2451 2443 2450
f 2452 2445 2444
f 2452 2444 2451
f 2453 2446 2445
f 2453 2445 2452
f 2454 2447 2446
f 2454 2446 2453
f 2455 2448 2449
f 2455 2449 2456
f 2457 2450 2448
f 2457 2448 2455
f 2458 2451 2450
f 2458 2450 2457
f 2459 2452 2451
f 2459 2451 2458
f 2460 2453 2452
f 2460 2452 2459
f 2461 2454 2453
f 2461 2453 2460
f 2462 2455 2456
f 2462 2456 2463
f 2464 2457 2455
f 2464 2455 2462
f 2465 2458 2457
f 2465 2457 2464
f 2466 2459 2458
f 2466 2458 2465
f 2467 2460 2459
f 2467 2459 2466
f 2468 2461 2460
f 2468 2460 2467
f 150 350 151
f 350 150 2422
f 153 2422 150
f 2422 2421 354
f 2422 354 350
f 353 354 2421
f 353 2421 2425
f 2425 2427 356
f 2425 356 353
f 153 154 2423
f 153 2423 2422
f 2435 155 156
f 2423 154 155
f 155 2435 2423
f 2435 156 160
f 357 356 2427
f 357 2427 2429
f 2429 2431 363
f 2429 363 357
f 365 363 2431
f 365 2431 2433
f 365 913 367
f 913 365 2433
f 913 2433 914
f 2433 915 914
f 2432 915 2433
f 2432 2440 903
f 2432 903 911
f 2432 912 915
f 2440 904 903
f 911 912 2432
f 2447 904 2440
f 160 2442 2435
f 161 162 2449
f 161 2449 2442
f 2456 163 164
f 2449 162 163
f 2463 2456 164
f 2463 164 166
f 163 2456 2449
f 160 161 2442
f 2462 2463 818
f 2462 818 816
f 2463 167 818
f 167 2463 166
f 2465 2464 817
f 2465 817 815
f 816 817 2464
f 816 2464 2462
f 904 2447 902
f 901 902 2447
f 901 2447 2454
f 2454 2461 898
f 2454 898 900
f 2454 900 901
f 2461 899 898
f 899 2461 2468
f 2467 2466 814
f 2467 814 813
f 815 814 2466
f 815 2466 2465
f 899 2468 897
f 811 897 2468
f 813 811 2468
f 813 2468 2467
f 897 811 812
f 2469 2470 2471
f 2469 2471 2472
f 2473 2474 2475
f 2473 2475 2476
f 2476 2475 2477
f 2476 2477 2478
f 2478 2477 2479
f 2478 2479 2470
f 2478 2470 2469
f 2480 2476 2478
f 2469 2480 2478
f 2471 2481 1226
f 2479 2482 2481
f 2470 2479 2471
f 2481 2471 2479
f 2479 2477 2483
f 2479 2483 2482
f 2471 1226 1225
f 2484 2483 2477
f 2484 2477 2475
f 2485 2484 2475
f 2485 2475 2474
f 2474 2473 615
f 2474 615 614
f 2474 614 2485
f 1225 1228 2472
f 1225 2472 2471
f 581 2469 2472
f 2472 1230 581
f 1230 584 581
f 1228 1230 2472
f 2480 2469 581
f 615 2473 609
f 2476 2480 2473
f 2473 2480 609
f 608 609 2480
f 581 608 2480
f 608 581 583
f 2486 2487 2488
f 2486 2488 2489
f 2490 2491 2492
f 2490 2492 2493
f 2491 2494 2495
f 2491 2495 2492
f 2491 2490 2496
f 2497 2494 2491
f 2496 2497 2491
f 2498 2499 2497
f 2498 2497 2496
f 2500 2501 2499
f 2500 2499 2498
f 2502 2489 2501
f 2500 2503 2502
f 2501 2500 2502
f 2504 2486 2489
f 2504 2489 2502
f 2505 2504 2502
f 2505 2502 2503
f 2506 2507 2508
f 2506 2508 2509
f 2507 2490 2493
f 2507 2493 2508
f 2507 2506 2510
f 2496 2490 2507
f 2510 2496 2507
f 2511 2498 2496
f 2511 2496 2510
f 2512 2500 2498
f 2512 2498 2511
f 2513 2503 2500
f 2512 2514 2513
f 2500 2512 2513
f 2515 2505 2503
f 2515 2503 2513
f 2516 2515 2513
f 2516 2513 2514
f 2517 2518 2519
f 2517 2519 2520
f 2518 2506 2509
f 2518 2509 2519
f 2518 2517 2521
f 2510 2506 2518
f 2521 2510 2518
f 2522 2511 2510
f 2522 2510 2521
f 2523 2512 2511
f 2523 2511 2522
f 2524 2514 2512
f 2523 2525 2524
f 2512 2523 2524
f 2526 2516 2514
f 2526 2514 2524
f 2527 2526 2524
f 2527 2524 2525
f 2528 2529 2530
f 2528 2530 2531
f 2529 2517 2520
f 2529 2520 2530
f 2529 2528 2532
f 2521 2517 2529
f 2532 2521 2529
f 2533 2522 2521
f 2533 2521 2532
f 2534 2523 2522
f 2534 2522 2533
f 2535 2525 2523
f 2534 2536 2535
f 2523 2534 2535
f 2537 2527 2525
f 2537 2525 2535
f 2538 2537 2535
f 2538 2535 2536
f 2539 2532 2528
f 2539 2528 2540
f 2541 2533 2532
f 2541 2532 2539
f 2542 2534 2533
f 2542 2533 2541
f 2543 2536 2534
f 2543 2534 2542
f 2544 227 229
f 227 2544 2495
f 2544 2545 2492
f 2544 2492 2495
f 235 227 2495
f 236 235 2495
f 236 2495 2494
f 237 2497 238
f 238 2499 252
f 237 236 2494
f 237 2494 2497
f 2545 2546 2493
f 2545 2493 2492
f 2508 2493 2546
f 2508 2546 2547
f 2509 2508 2547
f 2509 2547 2548
f 238 2497 2499
f 253 252 2499
f 254 2501 255
f 2489 2488 256
f 2501 256 255
f 2488 257 258
f 2487 260 259
f 259 257 2487
f 257 2488 2487
f 2488 258 256
f 254 253 2499
f 2501 2489 256
f 692 2486 2504
f 692 2487 2486
f 691 692 2504
f 691 2504 2505
f 691 2515 2516
f 690 691 2516
f 690 2516 2526
f 2505 2515 691
f 254 2499 2501
f 260 2487 692
f 2548 2549 2519
f 2548 2519 2509
f 2550 2551 2530
f 2550 2530 2520
f 2549 2550 2520
f 2549 2520 2519
f 2551 2531 2530
f 2540 2528 2531
f 2531 2551 74
f 2540 2531 73
f 2539 2540 72
f 2540 73 72
f 68 2552 72
f 2553 2539 2552
f 72 2552 2539
f 2539 2553 2554
f 2541 2539 2554
f 2541 2554 2555
f 73 2531 74
f 2542 2541 2556
f 2542 2556 2557
f 2543 2538 2536
f 686 690 2527
f 686 2527 2537
f 2526 2527 690
f 686 2537 2538
f 685 686 2538
f 2557 2558 2542
f 2543 2542 2559
f 2543 2559 2560
f 2558 2559 2542
f 2538 2543 685
f 2561 685 2543
f 2543 2562 2561
f 685 2561 644
f 2562 2543 2560
f 2556 2541 2555
f 2563 2564 2565
f 2563 2565 2566
f 2567 2568 2564
f 2567 2564 2563
f 2569 2570 2568
f 2569 2568 2567
f 2571 2563 2566
f 2571 2566 2572
f 2573 2567 2563
f 2573 2563 2571
f 2574 2569 2567
f 2574 2567 2573
f 2575 2571 2572
f 2575 2572 2576
f 2577 2573 2571
f 2577 2571 2575
f 2578 2575 2576
f 2578 2576 2579
f 2580 2577 2575
f 2580 2575 2578
f 2581 2578 2579
f 2581 2579 2582
f 2583 2580 2578
f 2583 2578 2581
f 2584 2581 2582
f 2584 2582 2585
f 2586 2583 2581
f 2586 2581 2584
f 2587 2584 2585
f 2587 2585 2588
f 2589 2586 2584
f 2589 2584 2587
f 979 2544 229
f 2565 2544 979
f 980 2565 979
f 2564 2546 2545
f 2547 2546 2564
f 2547 2564 2568
f 2565 2564 2545
f 2565 2545 2544
f 2565 980 981
f 2566 2565 981
f 2566 981 988
f 2566 987 989
f 2566 988 987
f 2572 2566 989
f 2572 989 990
f 2572 986 991
f 990 986 2572
f 2570 2549 2548
f 2548 2568 2570
f 2568 2548 2547
f 2550 2549 2570
f 2590 2551 2550
f 2551 75 74
f 2551 80 75
f 80 2551 2590
f 2570 2590 2550
f 87 2574 88
f 88 2574 2573
f 88 2573 2577
f 86 2569 2574
f 87 86 2574
f 80 2590 83
f 85 83 2590
f 85 2590 2570
f 85 2570 2569
f 84 85 2569
f 84 2569 86
f 991 2576 2572
f 1006 1009 2579
f 1006 2579 2576
f 2582 1007 1008
f 2579 1009 1007
f 1007 2582 2579
f 89 2577 2580
f 2582 1008 1010
f 991 1006 2576
f 1010 1016 2585
f 1010 2585 2582
f 2588 1015 1017
f 1016 1015 2588
f 1016 2588 2585
f 2591 2592 2589
f 2591 2589 2587
f 2588 2591 2587
f 2591 2588 1017
f 94 92 2583
f 2580 92 91
f 95 94 2586
f 2583 2586 94
f 89 90 2577
f 95 2589 96
f 89 2580 91
f 2589 95 2586
f 2580 2583 92
f 96 2589 98
f 98 2589 2592
f 98 2592 2593
f 2594 99 2593
f 98 2593 99
f 101 99 2594
f 2595 100 101
f 100 2595 2596
f 100 2596 103
f 2595 101 2594
f 88 2577 90
f 2597 2598 2599
f 2597 2599 2600
f 2601 2597 2600
f 2601 2600 2602
f 2603 2604 2597
f 2603 2597 2601
f 2605 2606 2604
f 2605 2604 2603
f 2607 2608 2606
f 2607 2606 2605
f 2609 2610 2611
f 2599 2612 2609
f 2612 2599 2613
f 2613 2599 2614
f 2609 2611 2599
f 2600 2599 2615
f 2600 2615 2616
f 2611 2615 2599
f 2597 2617 2598
f 2598 2617 2614
f 2604 2617 2597
f 2599 2598 2614
f 2606 2618 2619
f 2619 2620 2606
f 2621 2622 2608
f 2622 2618 2608
f 2604 2620 2623
f 2620 2604 2606
f 2608 2607 2621
f 2618 2606 2608
f 2607 2624 2625
f 2624 2626 2627
f 2627 2626 2628
f 2625 2621 2607
f 2604 2623 2617
f 2616 2629 2602
f 2616 2602 2600
f 2602 2629 2630
f 1101 2602 2630
f 2601 2602 1102
f 2601 1102 1105
f 2603 2601 1104
f 2603 1104 1106
f 2630 1086 1101
f 2602 1101 1103
f 2602 1103 1102
f 2601 1105 1104
f 2603 1106 1107
f 2605 2603 1107
f 1111 2605 1108
f 1107 1108 2605
f 2607 2605 1111
f 2628 2626 2631
f 2624 2607 2626
f 2628 2631 2632
f 2626 2607 1118
f 2626 1118 1120
f 2631 2626 1123
f 1111 1119 2607
f 2607 1119 1118
f 2626 1117 1121
f 2631 1123 1124
f 2626 1121 1123
f 2626 1120 1117
f 2633 2634 2635
f 2633 2635 2636
f 624 2637 623
f 2638 2637 2635
f 624 2635 2637
f 2639 2638 2635
f 2639 2635 2634
f 2634 70 2639
f 2640 71 2634
f 70 2634 71
f 2634 2633 2641
f 2634 2641 2640
f 624 625 2636
f 624 2636 2635
f 627 2636 625
f 630 627 628
f 2636 627 630
f 2633 2636 630
f 2642 2641 2633
f 2643 2642 2633
f 2633 2644 2643
f 630 2644 2633
f 2644 630 636
f 2645 2646 2647
f 2645 2647 2648
f 2649 2645 2648
f 2649 2648 2650
f 2651 2652 2653
f 2653 2649 2650
f 2650 2654 2651
f 2651 2653 2650
f 2655 2654 2656
f 2655 2656 2657
f 2658 2652 2651
f 2658 2651 2659
f 2659 2651 2654
f 2659 2654 2655
f 2647 2644 636
f 2642 2643 2647
f 2644 2647 2643
f 2647 636 2648
f 2650 640 2656
f 2657 2656 640
f 640 2650 2648
f 2656 2654 2650
f 636 640 2648
f 2641 2642 2647
f 66 71 2640
f 2641 2646 2640
f 2646 66 2640
f 2647 2646 2641
f 67 2645 2649
f 66 2645 67
f 2653 67 2649
f 2652 67 2653
f 2646 2645 66
f 2657 644 2561
f 2655 2657 2560
f 2655 2560 2559
f 2562 2657 2561
f 640 644 2657
f 2657 2562 2560
f 2655 2559 2558
f 2655 2558 2557
f 2659 2655 2557
f 2658 2659 2555
f 2658 2555 2554
f 2557 2556 2659
f 69 2652 2658
f 2658 2552 69
f 67 2652 69
f 2556 2555 2659
f 2658 2553 2552
f 69 2552 68
f 2658 2554 2553
f 2660 2661 2662
f 2660 2662 2663
f 2664 2665 2661
f 2664 2661 2660
f 2666 2667 2665
f 2666 2665 2664
f 2668 2669 2667
f 2668 2667 2666
f 2670 2660 2663
f 2670 2663 2671
f 2672 2664 2660
f 2672 2660 2670
f 2673 2666 2664
f 2673 2664 2672
f 2674 2668 2666
f 2674 2666 2673
f 2675 2670 2671
f 2675 2671 2676
f 2677 2672 2670
f 2677 2670 2675
f 2678 2673 2672
f 2678 2672 2677
f 2679 2674 2673
f 2679 2673 2678
f 2680 2675 2676
f 2680 2676 2681
f 2682 2677 2675
f 2682 2675 2680
f 2683 2678 2677
f 2683 2677 2682
f 1078 1068 1069
f 1080 2662 1078
f 2662 1068 1078
f 1064 1068 2661
f 1064 2661 2665
f 2662 2661 1068
f 1080 1079 2663
f 1080 2663 2662
f 1079 1083 2671
f 1079 2671 2663
f 2671 1083 1082
f 2665 2667 1065
f 2665 1065 1064
f 2669 1065 2667
f 2669 2668 2684
f 2669 2684 2685
f 1055 1065 2669
f 2669 2686 1055
f 2669 2685 2686
f 2687 2684 2668
f 2687 2668 2674
f 2674 2688 2687
f 2674 2689 2688
f 2679 2689 2674
f 2676 1082 1085
f 2681 2676 1085
f 2681 1085 1084
f 2680 2681 2629
f 2680 2629 2616
f 2682 2680 2616
f 2682 2616 2615
f 2630 1084 1086
f 2681 2630 2629
f 2681 1084 2630
f 2611 2682 2615
f 2679 2678 2690
f 2691 2690 2678
f 2692 2679 2690
f 2689 2679 2693
f 2694 2693 2692
f 2679 2692 2693
f 2692 2695 2694
f 2610 2683 2611
f 2696 2683 2610
f 2694 2695 2697
f 2683 2696 2691
f 2683 2691 2678
f 2683 2682 2611
f 2676 2671 1082
f 1189 1196 2698
f 1160 1189 2699
f 1189 2700 2699
f 2701 1189 2698
f 2701 2698 2702
f 1189 2701 2703
f 2700 1189 2703
f 2703 2704 2700
f 2703 2705 2704
f 2698 1196 1211
f 2698 2706 2702
f 2706 2698 1211
f 2707 1212 1213
f 2707 2706 1211
f 1212 2707 1211
f 2326 2708 2709
f 2709 2336 2335
f 2709 2335 2326
f 2710 2711 2712
f 2710 2712 2713
f 2714 2715 2716
f 2717 2711 2718
f 2714 2717 2718
f 2711 1227 2718
f 2718 2715 2714
f 2719 2715 2718
f 2720 2718 1226
f 2718 2720 2719
f 1227 1226 2718
f 2721 2712 2717
f 2722 2713 2712
f 2721 2722 2712
f 2324 2708 2326
f 2713 2722 2708
f 2708 2324 2713
f 2710 2713 2324
f 2710 2324 2323
f 1235 1227 2711
f 1235 2711 2710
f 2710 2323 2322
f 2710 2322 1235
f 2717 2712 2711
f 2723 2716 2715
f 2723 2715 2719
f 2481 2724 2723
f 2724 2481 2725
f 2725 2482 2726
f 2723 2719 2720
f 2481 2720 1226
f 2481 2482 2725
f 2482 2483 2726
f 2484 2727 2483
f 2483 2727 2726
f 2727 2484 2485
f 2481 2723 2720
f 2704 2705 2728
f 2700 2704 2728
f 1162 2699 2700
f 2699 1162 1160
f 2729 1162 2700
f 2729 2700 2728
f 2730 1161 2729
f 2731 1163 2730
f 1163 1161 2730
f 1163 2732 1167
f 1163 2731 2732
f 1162 2729 1161
f 2733 2732 2731
f 2374 1167 2732
f 2372 2374 2733
f 2732 2733 2374
f 2734 2380 2379
f 2735 2382 2381
f 2735 2383 2382
f 2381 2380 2734
f 2632 2383 2735
f 2631 1124 2383
f 2632 2631 2383
f 2734 2735 2381
f 605 596 620
f 2736 606 605
f 2737 607 606
f 607 2737 612
f 2736 2737 606
f 620 2736 605
f 622 2738 621
f 622 623 2739
f 2739 2740 622
f 621 2738 2736
f 2739 2741 2740
f 2740 2738 622
f 620 621 2736
f 2742 2743 2744
f 2742 2744 2745
f 2746 2747 2743
f 2746 2743 2742
f 2748 2749 2747
f 2748 2747 2746
f 2750 2751 2749
f 2750 2749 2748
f 2752 2753 2754
f 2752 2754 2755
f 2753 2745 2756
f 2753 2756 2754
f 2753 2752 2757
f 2742 2745 2753
f 2757 2742 2753
f 2758 2746 2742
f 2758 2742 2757
f 2759 2748 2746
f 2759 2746 2758
f 2760 2750 2748
f 2760 2748 2759
f 2761 2757 2752
f 2761 2752 2762
f 2763 2758 2757
f 2763 2757 2761
f 2764 2759 2758
f 2764 2758 2763
f 2765 2760 2759
f 2764 2766 2765
f 2759 2764 2765
f 2767 2768 2760
f 2767 2760 2765
f 2769 2767 2765
f 2769 2765 2766
f 2770 2761 2762
f 2770 2762 2771
f 2772 2763 2761
f 2772 2761 2770
f 2773 2764 2763
f 2773 2763 2772
f 2774 2766 2764
f 2773 2775 2774
f 2764 2773 2774
f 2776 2769 2766
f 2776 2766 2774
f 2777 2776 2774
f 2777 2774 2775
f 2778 2770 2771
f 2778 2771 2779
f 2780 2772 2770
f 2780 2770 2778
f 2781 2773 2772
f 2781 2772 2780
f 2782 2775 2773
f 2781 2783 2782
f 2773 2781 2782
f 2784 2777 2775
f 2784 2775 2782
f 2785 2784 2782
f 2785 2782 2783
f 2786 2778 2779
f 2786 2779 2787
f 2788 2780 2778
f 2788 2778 2786
f 2789 2781 2780
f 2789 2780 2788
f 2790 2783 2781
f 2789 2791 2790
f 2781 2789 2790
f 2792 2785 2783
f 2792 2783 2790
f 2793 2792 2790
f 2793 2790 2791
f 2794 2793 2791
f 2794 2791 2795
f 2744 2697 2796
f 2797 2745 2744
f 2744 2796 2797
f 2743 2693 2694
f 2689 2693 2743
f 2744 2743 2694
f 2744 2694 2697
f 2743 2747 2689
f 2756 2797 102
f 103 2754 2756
f 102 103 2756
f 103 2596 2755
f 103 2755 2754
f 2595 2755 2596
f 2752 2755 2762
f 2595 2762 2755
f 2595 2594 2771
f 2595 2771 2762
f 2797 2756 2745
f 2747 2687 2688
f 2747 2749 2684
f 2747 2684 2687
f 2747 2688 2689
f 2685 2684 2749
f 2685 2749 2751
f 2798 1055 2686
f 2685 2751 2686
f 2751 2798 2686
f 2768 2750 2760
f 1053 2768 2767
f 1052 2767 2769
f 1054 2750 2768
f 1055 2798 1054
f 1054 2798 2750
f 1053 2767 1052
f 1053 1054 2768
f 1047 1052 2769
f 1047 2769 2776
f 2751 2750 2798
f 2593 2771 2594
f 2779 2771 2593
f 2592 2779 2593
f 2787 2779 2592
f 2787 2592 2591
f 2788 2786 1011
f 2788 1011 1012
f 2789 2788 1004
f 2789 1004 996
f 2786 2787 1014
f 2786 1014 1013
f 1014 2591 1017
f 2786 1013 1011
f 1005 1004 2788
f 1012 1005 2788
f 2787 2591 1014
f 1003 2789 996
f 1048 2777 2784
f 1048 2784 2785
f 1048 1047 2777
f 2793 1046 2792
f 2785 1046 1048
f 1045 1046 2793
f 2785 2792 1046
f 2777 1047 2776
f 2795 2789 1002
f 2789 2795 2791
f 2795 1002 1001
f 2795 1001 1000
f 1000 999 2794
f 1000 2794 2795
f 924 1045 2794
f 2794 1045 2793
f 2794 999 998
f 2794 998 924
f 1003 1002 2789
f 2739 623 2637
f 2741 2739 2799
f 2739 77 2799
f 77 2739 2637
f 77 2638 2639
f 77 2639 70
f 76 78 2799
f 77 76 2799
f 77 2637 2638
f 2800 2801 2802
f 2800 2803 2804
f 2800 2804 2805
f 2806 2807 2801
f 2806 2801 2808
f 2809 2806 2810
f 2807 2809 2811
f 2806 2809 2807
f 2812 2813 2814
f 2806 2812 2810
f 2813 2812 2806
f 2815 2816 2817
f 2815 2817 2811
f 2818 2819 2820
f 2818 2820 2821
f 2819 2822 2823
f 2819 2823 2820
f 2820 2810 2821
f 2809 2820 2823
f 2810 2820 2809
f 2823 2815 2811
f 2823 2811 2809
f 2824 2825 2812
f 2824 2812 2814
f 2826 2812 2825
f 2810 2826 2821
f 2812 2826 2810
f 2827 2828 2826
f 2827 2826 2825
f 2828 2818 2821
f 2828 2821 2826
f 2829 2824 2814
f 2829 2814 2830
f 2804 2736 2738
f 2736 2804 2803
f 2738 2805 2804
f 2803 2831 2736
f 2740 2805 2738
f 2807 2831 2802
f 2817 2832 2833
f 2802 2803 2800
f 2807 2833 2831
f 2817 2833 2807
f 2832 2817 2816
f 2832 2816 2834
f 2831 2803 2802
f 2740 2800 2805
f 2801 2740 2741
f 2800 2740 2801
f 2808 2799 2813
f 2808 2801 2741
f 2741 2799 2808
f 2813 2799 78
f 2806 2808 2813
f 2813 81 2830
f 78 79 2813
f 2813 79 81
f 81 82 2830
f 2807 2802 2801
f 2817 2807 2811
f 2695 2816 2815
f 2815 2823 2822
f 2834 2816 2692
f 2815 2822 2695
f 2697 2695 2822
f 2818 2697 2819
f 2822 2819 2697
f 2796 2697 2818
f 2816 2695 2692
f 2827 2825 2824
f 93 2829 2830
f 97 2829 93
f 82 93 2830
f 2829 2797 2824
f 2813 2830 2814
f 2827 2796 2828
f 2818 2828 2796
f 2797 2796 2827
f 2827 2824 2797
f 97 102 2829
f 102 2797 2829
f 2835 2836 2837
f 2838 2839 2835
f 2837 2838 2835
f 2839 2840 2841
f 2839 2841 2835
f 2835 2841 2842
f 2835 2842 2836
f 2843 2844 2845
f 2843 2845 2846
f 2846 2845 2839
f 2846 2839 2838
f 2844 2843 2847
f 2846 2838 2848
f 2849 2843 2846
f 2848 2849 2846
f 2847 2843 2849
f 2850 2851 2847
f 2849 2850 2847
f 2852 2851 2850
f 2853 2854 2852
f 2850 2853 2852
f 2855 2856 2849
f 2848 2857 2855
f 2849 2848 2855
f 2858 2859 2850
f 2849 2856 2858
f 2850 2849 2858
f 2860 2853 2850
f 2860 2850 2859
f 2861 2862 2853
f 2861 2853 2860
f 2863 2864 2862
f 2863 2862 2861
f 2864 2863 2865
f 2866 2856 2855
f 2866 2855 2867
f 2867 2855 2857
f 2867 2857 2868
f 2869 2867 2868
f 2869 2868 2870
f 2871 2859 2858
f 2871 2858 2872
f 2872 2858 2856
f 2872 2856 2866
f 2873 2861 2860
f 2873 2860 2874
f 2875 2863 2861
f 2875 2861 2873
f 2876 2865 2863
f 2876 2863 2875
f 2877 2878 2865
f 2877 2865 2876
f 2879 2880 2881
f 2879 2881 2882
f 2880 2870 2883
f 2880 2883 2881
f 2884 2869 2870
f 2884 2870 2880
f 2885 2884 2880
f 2885 2880 2879
f 2886 2887 2888
f 2886 2888 2889
f 2887 2874 2890
f 2887 2890 2888
f 2887 2886 2891
f 2873 2874 2887
f 2891 2873 2887
f 2892 2875 2873
f 2892 2873 2891
f 2893 2876 2875
f 2893 2875 2892
f 2894 2877 2876
f 2894 2876 2893
f 2895 2896 2877
f 2895 2877 2894
f 2897 2882 2898
f 2897 2898 2899
f 2900 2901 2902
f 2900 2902 2903
f 2901 2904 2885
f 2901 2885 2902
f 2902 2885 2879
f 2902 2879 2905
f 2906 2904 2901
f 2901 2900 2907
f 2907 2908 2906
f 2906 2901 2907
f 2889 2908 2907
f 2909 2886 2889
f 2907 2909 2889
f 2910 2891 2886
f 2910 2886 2909
f 2911 2892 2891
f 2911 2891 2910
f 2912 2893 2892
f 2912 2892 2911
f 2913 2914 2895
f 2913 2895 2915
f 2914 2913 2916
f 2917 2918 2919
f 2917 2919 2916
f 2920 2921 2909
f 2907 2922 2920
f 2909 2907 2920
f 2923 2910 2909
f 2923 2909 2921
f 2924 2911 2910
f 2924 2910 2923
f 2925 2912 2911
f 2924 2926 2925
f 2911 2924 2925
f 2927 2928 2912
f 2927 2912 2925
f 2929 2927 2925
f 2929 2925 2926
f 2930 2931 2932
f 2913 2915 2930
f 2932 2913 2930
f 2916 2913 2932
f 2933 2921 2920
f 2933 2920 2934
f 2933 2935 2936
f 2936 2937 2923
f 2923 2921 2933
f 2933 2936 2923
f 2938 2939 2924
f 2923 2937 2938
f 2924 2923 2938
f 2940 2941 2942
f 2942 2926 2924
f 2924 2939 2940
f 2940 2942 2924
f 2943 2944 2945
f 2943 2945 2946
f 2945 2929 2926
f 2945 2926 2942
f 2946 2945 2942
f 2946 2942 2941
f 2947 2948 2949
f 2947 2949 2950
f 2950 2949 2944
f 2950 2944 2943
f 2951 2952 2953
f 2951 2953 2954
f 2954 2953 2955
f 2954 2955 2956
f 2953 2952 2939
f 2938 2955 2953
f 2939 2938 2953
f 2955 2938 2937
f 2955 2937 2957
f 2958 2959 2960
f 2958 2960 2961
f 2959 2962 2941
f 2940 2960 2959
f 2941 2940 2959
f 2963 2960 2940
f 2939 2952 2963
f 2940 2939 2963
f 2964 2961 2960
f 2963 2965 2964
f 2960 2963 2964
f 2966 2965 2963
f 2952 2951 2966
f 2963 2952 2966
f 2967 2968 2965
f 2966 2969 2967
f 2965 2966 2967
f 2969 2966 2951
f 2969 2951 2970
f 2946 2941 2962
f 2836 2842 2737
f 2736 2836 2737
f 612 2737 2842
f 2841 610 612
f 2842 2841 612
f 2840 610 2841
f 2837 2836 2736
f 2831 2837 2736
f 2831 2848 2837
f 2845 2840 2839
f 2833 2857 2848
f 2833 2848 2831
f 611 610 2840
f 613 611 2845
f 2845 611 2840
f 2844 613 2845
f 2847 2485 614
f 613 2844 614
f 2844 2847 614
f 2837 2848 2838
f 2971 2866 2867
f 2868 2857 2833
f 2847 2727 2485
f 2868 2833 2883
f 2881 2883 2832
f 2834 2881 2832
f 2883 2870 2868
f 2971 2867 2869
f 2898 2881 2834
f 2690 2898 2692
f 2834 2692 2898
f 2899 2898 2690
f 2897 2879 2882
f 2691 2897 2899
f 2899 2690 2691
f 2881 2898 2882
f 2972 2971 2869
f 2884 2973 2972
f 2872 2866 2974
f 2974 2866 2975
f 2872 2974 2976
f 2971 2975 2866
f 2885 2977 2884
f 2904 2977 2885
f 2978 2977 2904
f 2904 2979 2978
f 2904 2906 2979
f 2973 2884 2977
f 2972 2869 2884
f 2832 2883 2833
f 2979 2906 2980
f 2851 2726 2727
f 2851 2725 2726
f 2852 2723 2724
f 2854 2716 2723
f 2724 2725 2852
f 2725 2851 2852
f 2854 2853 2716
f 2862 2714 2716
f 2853 2862 2716
f 2723 2852 2854
f 2851 2727 2847
f 2721 2717 2862
f 2714 2862 2717
f 2864 2722 2721
f 2708 2722 2864
f 2864 2709 2708
f 2721 2862 2864
f 2709 2865 2336
f 2878 2336 2865
f 2864 2865 2709
f 1224 2337 2878
f 2336 2878 2337
f 1224 2896 1223
f 2878 2877 1224
f 2871 2860 2859
f 2871 2981 2982
f 2872 2981 2871
f 2871 2982 2890
f 2983 2890 2982
f 2984 2890 2983
f 2860 2890 2874
f 2908 2985 2980
f 2908 2986 2985
f 2890 2984 2888
f 2888 2984 2986
f 2888 2908 2889
f 2888 2986 2908
f 2908 2980 2906
f 2896 1224 2877
f 2896 2895 1220
f 1223 2896 1221
f 2896 1220 1221
f 1220 2914 1219
f 2893 2928 2894
f 2928 2915 2895
f 2928 2895 2894
f 2895 2914 1220
f 2914 1214 1218
f 2914 2919 1214
f 1215 1214 2919
f 1218 1219 2914
f 2860 2871 2890
f 2981 2872 2976
f 2879 2897 2905
f 2905 2897 2696
f 2610 2905 2696
f 2902 2905 2609
f 2610 2609 2905
f 2903 2902 2609
f 2613 2903 2612
f 2609 2612 2903
f 2900 2903 2613
f 2617 2900 2614
f 2613 2614 2900
f 2907 2900 2617
f 2623 2922 2907
f 2617 2623 2907
f 2620 2922 2623
f 2922 2619 2920
f 2620 2619 2922
f 2934 2619 2618
f 2622 2934 2618
f 2935 2933 2622
f 2934 2622 2933
f 2625 2936 2935
f 2935 2622 2621
f 2619 2934 2920
f 2912 2928 2893
f 2936 2625 2624
f 2936 2624 2627
f 2937 2627 2957
f 2632 2955 2957
f 2937 2936 2627
f 2621 2625 2935
f 2957 2628 2632
f 2956 2955 2632
f 2735 2954 2956
f 2735 2970 2954
f 2951 2954 2970
f 2735 2956 2632
f 2957 2627 2628
f 2968 2964 2965
f 2968 2961 2964
f 2962 2959 2958
f 2376 2962 2958
f 2958 2961 2377
f 2969 2970 2734
f 2735 2734 2970
f 2967 2969 2734
f 2377 2961 2968
f 2377 2968 2379
f 2967 2379 2968
f 2379 2967 2734
f 2376 2958 2377
f 2987 2928 2988
f 2989 2988 2928
f 2915 2928 2990
f 2915 2991 2992
f 2915 2990 2991
f 2993 2994 2927
f 2929 2993 2927
f 2989 2927 2994
f 2995 2993 2929
f 2996 2931 2997
f 2928 2927 2989
f 1213 1215 2919
f 2918 1213 2919
f 2917 2706 2707
f 1213 2918 2707
f 2707 2918 2917
f 2919 2914 2916
f 2930 2998 2997
f 2931 2930 2997
f 2701 2917 2916
f 2917 2701 2702
f 2703 2701 2916
f 2706 2917 2702
f 2930 2915 2992
f 2930 2992 2998
f 2929 2999 2995
f 2987 2990 2928
f 2944 2999 2945
f 2929 2945 2999
f 3000 2999 2944
f 2949 3001 3000
f 2944 2949 3000
f 3002 3001 2949
f 2946 2962 2375
f 2373 2946 2375
f 2371 2950 2943
f 2943 2373 2371
f 2373 2943 2946
f 2372 2950 2371
f 2948 2931 3002
f 3002 2931 2996
f 2948 3002 2949
f 2932 2931 2948
f 2703 2932 2705
f 2932 2728 2705
f 2916 2932 2703
f 2730 2932 2948
f 2733 2947 2372
f 2731 2947 2733
f 2728 2932 2729
f 2729 2932 2730
f 2948 2731 2730
f 2948 2947 2731
f 2947 2950 2372
f 2962 2376 2375
f 2897 2691 2696
f 3003 3004 3005
f 3006 3003 3007
f 3004 3003 3006
f 3003 3008 3007
f 3009 3010 3011
f 3012 3009 3013
f 3010 3009 3012
f 3011 3014 3015
f 3011 3015 3009
f 3009 3015 3016
f 3009 3016 3013
f 3014 3006 3007
f 3014 3007 3015
f 3017 3018 3019
f 3017 3019 3020
f 3004 3019 3021
f 3020 3004 3006
f 3019 3004 3020
f 3018 3022 3023
f 3018 3023 3019
f 3024 3025 3026
f 3024 3026 3027
f 3027 3026 3011
f 3027 3011 3010
f 3014 3020 3006
f 3026 3014 3011
f 3020 3014 3026
f 3025 3017 3020
f 3025 3020 3026
f 3027 3028 3024
f 3029 3027 3010
f 3028 3027 3029
f 3030 3028 3029
f 3030 3029 3031
f 3032 3030 3031
f 3032 3031 3033
f 3018 3034 3022
f 3035 3018 3017
f 3034 3018 3035
f 3025 3035 3017
f 3036 3025 3024
f 3035 3025 3036
f 3037 3036 3024
f 3037 3024 3028
f 3038 3037 3028
f 3038 3028 3030
f 3039 3038 3030
f 3039 3030 3032
f 3040 3041 3038
f 3040 3038 3039
f 3042 3043 3041
f 3042 3041 3040
f 3044 3045 3046
f 3044 3046 3047
f 3048 3044 3047
f 3048 3047 3049
f 3050 3048 3049
f 3050 3049 3051
f 3052 3050 3051
f 3052 3051 3053
f 3054 3052 3053
f 3054 3053 3043
f 3055 3056 3057
f 3056 3043 3042
f 3043 3055 3054
f 3055 3043 3056
f 3058 3044 3059
f 3045 3058 3060
f 3044 3058 3045
f 3061 3048 3062
f 3044 3061 3059
f 3048 3061 3044
f 3063 3050 3064
f 3048 3063 3062
f 3050 3063 3048
f 3065 3052 3066
f 3050 3065 3064
f 3052 3065 3050
f 3067 3052 3054
f 3066 3067 3068
f 3052 3067 3066
f 3069 3070 3071
f 3072 3069 3073
f 3070 3069 3072
f 3070 3072 3055
f 3070 3055 3057
f 3072 3067 3054
f 3072 3054 3055
f 3073 3068 3067
f 3073 3067 3072
f 3058 3074 3060
f 3075 3076 3077
f 3075 3077 3078
f 3078 3077 3065
f 3078 3065 3066
f 3077 3079 3064
f 3077 3064 3065
f 3080 3081 3078
f 3078 3081 3075
f 3081 3080 3082
f 3080 3078 3066
f 3080 3066 3068
f 3083 3084 3085
f 3084 3086 3087
f 3086 3083 3088
f 3083 3086 3084
f 3089 3090 3091
f 3084 3089 3085
f 3090 3089 3084
f 3091 3090 3069
f 3091 3069 3071
f 3090 3092 3073
f 3090 3073 3069
f 3084 3087 3092
f 3084 3092 3090
f 3092 3068 3073
f 3080 3092 3087
f 3068 3092 3080
f 3086 3082 3080
f 3086 3080 3087
f 3093 3089 3091
f 3093 3091 3094
f 3095 3085 3089
f 3095 3089 3093
f 3096 3097 3098
f 3096 3098 3099
f 3099 3098 3076
f 3099 3076 3075
f 3100 3098 3097
f 3101 3102 3103
f 3104 3101 3105
f 3102 3101 3104
f 3103 3102 3081
f 3103 3081 3082
f 3102 3099 3075
f 3102 3075 3081
f 3104 3096 3099
f 3104 3099 3102
f 3106 3107 3108
f 3109 3106 3110
f 3107 3106 3109
f 3111 3112 3106
f 3111 3106 3108
f 3112 3113 3110
f 3112 3110 3106
f 3114 3115 3113
f 3114 3113 3112
f 3116 3086 3109
f 3082 3116 3103
f 3086 3116 3082
f 3113 3117 3110
f 3118 3113 3115
f 3117 3113 3118
f 3110 3117 3116
f 3110 3116 3109
f 3117 3101 3103
f 3117 3103 3116
f 3118 3105 3101
f 3118 3101 3117
f 3119 3120 3121
f 3122 3119 3123
f 3120 3119 3122
f 3124 3122 3123
f 3125 3124 3126
f 3122 3124 3125
f 3127 3125 3126
f 3128 3127 3100
f 3125 3127 3128
f 3097 3129 3130
f 3130 3129 3131
f 3129 3097 3096
f 3097 3130 3128
f 3097 3128 3100
f 3132 3133 3134
f 3135 3132 3136
f 3133 3132 3135
f 3134 3133 3137
f 3134 3137 3138
f 3133 3139 3140
f 3133 3140 3137
f 3135 3141 3139
f 3135 3139 3133
f 3137 3142 3138
f 3142 3104 3105
f 3104 3137 3140
f 3137 3104 3142
f 3140 3129 3096
f 3140 3096 3104
f 3139 3129 3140
f 3131 3139 3141
f 3129 3139 3131
f 3143 3144 3114
f 3143 3114 3145
f 3144 3115 3114
f 3146 3144 3147
f 3115 3144 3146
f 3146 3118 3115
f 3148 3146 3149
f 3118 3146 3148
f 3148 3142 3105
f 3148 3105 3118
f 3150 3138 3142
f 3150 3142 3148
f 3151 3150 3152
f 3138 3151 3134
f 3150 3151 3138
f 3153 3132 3134
f 3153 3134 3151
f 3154 3155 3120
f 3154 3120 3122
f 3156 3154 3122
f 3156 3122 3125
f 3157 3158 3159
f 3158 3125 3128
f 3125 3157 3156
f 3157 3125 3158
f 3160 3161 3130
f 3160 3130 3131
f 3161 3158 3128
f 3161 3128 3130
f 3162 3161 3163
f 3158 3162 3159
f 3161 3162 3158
f 3164 3160 3131
f 3164 3131 3141
f 3165 3154 3166
f 3155 3165 3167
f 3154 3165 3155
f 3168 3169 3170
f 3169 3154 3156
f 3154 3168 3166
f 3168 3154 3169
f 3171 3157 3159
f 3172 3171 3173
f 3157 3171 3172
f 3172 3169 3156
f 3172 3156 3157
f 3174 3175 3162
f 3174 3162 3163
f 3175 3171 3159
f 3175 3159 3162
f 3176 3177 3178
f 3176 3178 3167
f 3179 3166 3180
f 3165 3179 3181
f 3166 3179 3165
f 3182 3165 3181
f 3167 3182 3176
f 3165 3182 3167
f 3183 3184 3182
f 3183 3182 3181
f 3184 3185 3176
f 3184 3176 3182
f 3022 2307 3023
f 1789 3023 2307
f 2288 2307 3022
f 3021 1794 3004
f 1789 1794 3021
f 3021 3019 1789
f 3023 1789 3019
f 2285 2288 3186
f 2284 2285 3186
f 2288 3034 3186
f 3034 3047 3046
f 3034 3046 3186
f 3034 3187 3188
f 3188 3189 3034
f 3186 2282 2284
f 3022 3034 2288
f 3034 3190 3187
f 3008 1793 1792
f 3003 1793 3008
f 1791 3008 1792
f 3016 1791 1790
f 1790 3013 3016
f 3016 3008 1791
f 1734 3013 1790
f 3015 3008 3016
f 1793 3003 3005
f 3190 3034 3035
f 3004 1794 3005
f 3008 3015 3007
f 3190 3035 3191
f 3005 1794 1793
f 3036 3191 3035
f 2291 2283 3046
f 2290 2291 3045
f 3046 2283 2282
f 3046 3045 2291
f 3189 3047 3034
f 3045 2292 2290
f 3060 1706 2292
f 3074 1706 3060
f 3192 3058 3193
f 3058 3192 3074
f 3194 3074 3192
f 3074 1705 1706
f 2292 3045 3060
f 3193 3058 3059
f 3189 3195 3047
f 3195 3196 3047
f 3049 3196 3197
f 3049 3197 3198
f 3049 3047 3196
f 3061 3199 3059
f 3061 3062 3200
f 3199 3061 3201
f 3200 3201 3061
f 3202 3062 3063
f 3063 3203 3202
f 3202 3200 3062
f 3204 3203 3063
f 3205 3059 3199
f 3205 3193 3059
f 3046 2282 3186
f 1734 3012 3013
f 3029 3010 3012
f 1732 3012 1734
f 3029 1732 1716
f 3029 1716 3031
f 3012 1732 3029
f 3036 3037 3206
f 3207 3208 3037
f 3206 3037 3208
f 3053 3209 3207
f 3037 3038 3041
f 3037 3041 3053
f 3210 3036 3206
f 3210 3191 3036
f 3053 3207 3037
f 3033 3031 1719
f 1716 1719 3031
f 114 3033 1719
f 3032 114 104
f 104 106 3032
f 3039 3032 106
f 3032 3033 114
f 106 381 3039
f 426 3040 425
f 382 3040 3039
f 382 3039 381
f 383 3040 382
f 383 425 3040
f 3211 3209 3053
f 3051 3198 3212
f 3051 3049 3198
f 3053 3051 3212
f 3041 3043 3053
f 432 3056 3042
f 426 3042 3040
f 3204 3064 3079
f 3077 3213 3079
f 3079 3214 3204
f 2411 3070 3057
f 3094 3091 3071
f 2415 3071 3070
f 3064 3204 3063
f 433 3057 3056
f 2414 3070 2411
f 2415 3070 2414
f 432 3042 426
f 2410 3057 433
f 432 433 3056
f 2411 3057 2410
f 2417 3093 3094
f 3094 3071 2416
f 2419 3095 3093
f 2417 3094 2416
f 3093 2417 2418
f 3093 2418 2419
f 2419 1437 3095
f 3071 2415 2416
f 3095 3083 3085
f 3053 3212 3211
f 3074 3215 3216
f 3216 3121 3074
f 3074 3217 3215
f 3217 3074 3194
f 3218 3219 3121
f 1705 3074 3121
f 1703 1705 3121
f 3121 1702 1703
f 3121 3219 3119
f 1702 3121 3120
f 1697 1698 3120
f 3120 1698 1702
f 3218 3121 3216
f 3119 3219 3220
f 3221 3119 3220
f 3123 3221 3222
f 3127 3223 3224
f 3224 3225 3100
f 3124 3226 3227
f 3226 3124 3123
f 3123 3222 3226
f 3228 3124 3227
f 3126 3228 3229
f 3126 3223 3127
f 3126 3124 3228
f 3229 3223 3126
f 3221 3123 3119
f 3224 3100 3127
f 3155 1697 3120
f 1691 1695 3155
f 1689 1691 3178
f 3167 3178 3155
f 1691 3155 3178
f 3177 1689 3178
f 3177 1680 1689
f 1697 3155 1695
f 3177 1678 1679
f 3176 1678 3177
f 1678 3176 3185
f 1643 1677 3184
f 3185 3184 1677
f 1677 1678 3185
f 1680 3177 1679
f 1637 3166 3168
f 1646 3172 1644
f 3169 1636 3170
f 1646 1636 3172
f 3169 3172 1636
f 3170 1637 3168
f 1641 3183 3181
f 3183 1641 1643
f 3183 1643 3184
f 3179 1641 3181
f 3166 1637 3180
f 3170 1636 1637
f 1641 3179 3180
f 3180 1637 1641
f 3173 1644 3172
f 3077 3076 3213
f 3230 3231 3076
f 3076 3098 3230
f 3231 3213 3076
f 3232 3230 3098
f 3098 3100 3233
f 3100 3225 3233
f 3107 3109 3086
f 3145 3114 3112
f 3233 3232 3098
f 3088 3083 1444
f 3107 3088 1450
f 1450 3088 1446
f 1444 3083 1437
f 3088 1444 1445
f 3088 1445 1446
f 1437 3083 3095
f 3111 3145 3112
f 1561 3143 1560
f 3145 1560 3143
f 1560 3145 3111
f 1447 1449 3107
f 3108 3107 1449
f 1560 3111 1449
f 3108 1449 3111
f 1450 1447 3107
f 3088 3107 3086
f 3143 3147 3144
f 3234 3079 3213
f 1570 1594 3160
f 3161 3160 3163
f 3164 1570 3160
f 1569 3141 3135
f 1570 3164 1569
f 3141 1569 3164
f 3136 1569 3135
f 3173 3171 3175
f 1644 3173 1645
f 3175 1645 3173
f 3174 1645 3175
f 3160 1594 3163
f 3174 3163 1594
f 1594 1595 3174
f 1645 3174 1595
f 3150 3148 3149
f 1559 3147 1561
f 3147 3143 1561
f 3147 1559 3149
f 3149 1559 1562
f 3149 3146 3147
f 1562 3150 3149
f 1568 3136 3153
f 3132 3153 3136
f 1568 3153 3151
f 1567 3152 1562
f 3152 3150 1562
f 3151 3152 1567
f 1567 1568 3151
f 1568 1569 3136
f 3079 3234 3214
f 3235 3236 3237
f 3238 3235 3239
f 3240 3238 3241
f 3237 3236 3242
f 3239 3235 3237
f 3239 3241 3238
f 3241 3243 3240
f 3244 3245 3246
f 3247 3248 3244
f 3248 3249 3250
f 3246 3245 3243
f 3244 3246 3247
f 3248 3247 3249
f 3240 3243 3245
f 3251 3225 3224
f 3232 3233 3252
f 3233 3225 3251
f 3253 3223 3229
f 3253 3229 3228
f 3223 3253 3224
f 3204 3214 3254
f 3254 3203 3204
f 3255 3214 3234
f 3256 3213 3231
f 3255 3234 3213
f 3256 3231 3230
f 3232 3252 3230
f 3257 3202 3203
f 3258 3228 3227
f 3226 3258 3227
f 3251 3253 3238
f 3251 3238 3240
f 3235 3253 3228
f 3224 3253 3251
f 3258 3235 3228
f 3258 3236 3235
f 3238 3253 3235
f 3240 3245 3252
f 3240 3252 3251
f 3256 3252 3245
f 3256 3245 3244
f 3252 3233 3251
f 3254 3255 3248
f 3254 3248 3250
f 3255 3213 3256
f 3252 3256 3230
f 3255 3256 3244
f 3255 3244 3248
f 3257 3254 3250
f 3257 3250 3249
f 3255 3254 3214
f 3254 3257 3203
f 3257 3200 3202
f 3200 3259 3201
f 3259 3199 3201
f 3260 3205 3199
f 3192 3193 3261
f 3261 3194 3192
f 3260 3193 3205
f 3194 3262 3217
f 3216 3215 3263
f 3218 3216 3263
f 3262 3215 3217
f 3264 3221 3220
f 3258 3226 3222
f 3264 3222 3221
f 3219 3218 3265
f 3220 3219 3265
f 3260 3259 3247
f 3260 3247 3246
f 3199 3259 3260
f 3243 3241 3262
f 3243 3262 3261
f 3194 3261 3262
f 3261 3193 3260
f 3261 3260 3246
f 3261 3246 3243
f 3259 3257 3249
f 3259 3249 3247
f 3265 3263 3239
f 3265 3239 3237
f 3218 3263 3265
f 3258 3264 3242
f 3258 3242 3236
f 3222 3264 3258
f 3264 3220 3265
f 3264 3265 3237
f 3264 3237 3242
f 3263 3262 3241
f 3263 3241 3239
f 3263 3215 3262
f 3200 3257 3259
f 3266 3267 3268
f 3269 3266 3270
f 3271 3269 3272
f 3268 3267 3273
f 3270 3266 3268
f 3270 3272 3269
f 3272 3274 3271
f 3275 3276 3277
f 3278 3279 3275
f 3279 3280 3281
f 3277 3276 3274
f 3275 3277 3278
f 3279 3278 3280
f 3271 3274 3276
f 3209 3211 3271
f 3212 3269 3211
f 3279 3206 3208
f 3208 3207 3275
f 3209 3275 3207
f 3210 3206 3281
f 3267 3266 3197
f 3198 3197 3266
f 3212 3198 3266
f 3212 3266 3269
f 3271 3211 3269
f 3275 3209 3276
f 3279 3208 3275
f 3271 3276 3209
f 3279 3281 3206
f 3281 3280 3210
f 3190 3191 3278
f 3187 3190 3277
f 3187 3274 3188
f 3189 3188 3270
f 3273 3197 3196
f 3195 3189 3270
f 3196 3195 3268
f 3278 3210 3280
f 3187 3277 3274
f 3277 3190 3278
f 3188 3272 3270
f 3196 3268 3273
f 3197 3273 3267
f 3268 3195 3270
f 3272 3188 3274
f 3191 3210 3278
f 3282 3283 3284
f 3282 3284 3285
f 3286 3287 3283
f 3286 3283 3282
f 3283 3288 3284
f 3289 3283 3287
f 3288 3283 3289
f 3290 3291 3289
f 3290 3289 3287
f 3292 3293 3294
f 3292 3294 3295
f 3285 3284 3293
f 3285 3293 3292
f 3294 3296 3297
f 3294 3297 3298
f 3293 3296 3294
f 3288 3293 3284
f 3296 3293 3288
f 2995 2999 3291
f 2995 3291 3299
f 3289 3000 3288
f 2999 3000 3289
f 3289 3291 2999
f 3299 2993 2995
f 2989 2994 3300
f 2988 2989 3300
f 2988 3300 3301
f 3302 3299 3303
f 3302 3303 3304
f 3302 2994 3299
f 2990 2987 3305
f 2994 3302 3300
f 3301 2987 2988
f 3300 3302 3304
f 3300 3304 3306
f 2993 3299 2994
f 3307 3299 3291
f 3308 3282 3285
f 3290 3287 3286
f 3309 3286 3308
f 3282 3308 3286
f 3290 3286 3309
f 3309 3307 3290
f 3290 3307 3291
f 3303 3299 3307
f 3305 3301 3310
f 3305 3310 3311
f 2990 3305 3312
f 3305 2987 3301
f 3311 3313 3312
f 3311 3312 3305
f 3301 3300 3306
f 3301 3306 3310
f 3312 2991 2990
f 3314 2992 2991
f 3315 2997 2998
f 3316 2998 2992
f 3316 3314 3317
f 3316 3317 3318
f 2992 3314 3316
f 3319 3315 3320
f 3319 3320 3321
f 2997 3315 3319
f 3315 2998 3316
f 3315 3316 3318
f 3315 3318 3320
f 3319 3322 2997
f 3313 3317 3314
f 3313 3314 3312
f 3322 3002 2996
f 3296 3000 3001
f 3323 3001 3002
f 3322 3324 1166
f 3322 1166 3323
f 3002 3322 3323
f 3001 3297 3296
f 3297 3001 3323
f 3298 3297 3323
f 3296 3288 3000
f 2997 3322 2996
f 3322 3319 3321
f 3322 3321 3324
f 3323 1166 3298
f 1166 1169 3298
f 3298 1169 3295
f 2378 3292 3295
f 2378 3295 1169
f 3308 3285 3292
f 3308 3292 2378
f 3294 3298 3295
f 2991 3312 3314
f 3325 3326 3327
f 3328 3325 3329
f 3326 3325 3328
f 3330 3331 3325
f 3330 3325 3327
f 3332 3325 3331
f 3329 3332 3333
f 3325 3332 3329
f 3334 3335 3332
f 3334 3332 3331
f 3335 3336 3333
f 3335 3333 3332
f 3336 3337 3338
f 3336 3338 3333
f 3337 3339 3340
f 3337 3340 3338
f 3338 3329 3333
f 3341 3338 3340
f 3329 3338 3341
f 3340 3342 3341
f 3341 3328 3329
f 3343 3341 3342
f 3328 3341 3343
f 3318 3317 3343
f 3320 3318 3343
f 3343 3324 3321
f 3328 3343 3317
f 3324 3343 3342
f 3342 1166 3324
f 3320 3343 3321
f 3326 3311 3310
f 3310 3306 3326
f 3313 3311 3328
f 3306 3304 3326
f 3327 3326 3303
f 3326 3304 3303
f 3328 3311 3326
f 3328 3317 3313
f 3339 1166 3340
f 1165 1166 3339
f 2378 1165 3337
f 3339 3337 1165
f 3308 2378 3336
f 3337 3336 2378
f 3309 3330 3307
f 3327 3307 3330
f 3330 3309 3331
f 3303 3307 3327
f 3334 3308 3335
f 3331 3309 3334
f 3308 3334 3309
f 3336 3335 3308
f 1166 3342 3340
f 2977 2978 3344
f 2979 3345 2978
f 2977 3346 2973
f 2971 2972 3347
f 2974 2975 3348
f 3347 2975 2971
f 2972 2973 3349
f 2976 2974 3350
f 3344 3345 3351
f 2978 3345 3344
f 2977 3344 3346
f 3349 2973 3346
f 3347 2972 3352
f 3348 2975 3347
f 3349 3352 2972
f 3348 3350 2974
f 3350 3353 2976
f 2982 2981 3354
f 2984 2983 3355
f 2983 2982 3356
f 3345 2979 2980
f 2985 2986 3357
f 2985 3358 2980
f 3357 2986 2984
f 3359 3345 2980
f 3354 2976 3353
f 2983 3356 3355
f 3356 2982 3354
f 2984 3360 3357
f 2980 3358 3359
f 3345 3359 3351
f 3358 2985 3357
f 3360 2984 3355
f 2981 2976 3354
f 3354 3353 3350
f 3356 3354 3350
f 3356 3352 3360
f 3347 3350 3348
f 3356 3350 3347
f 3347 3352 3356
f 3360 3355 3356
f 3359 3357 3360
f 3357 3359 3358
f 3351 3359 3360
f 3349 3346 3352
f 3346 3344 3351
f 3346 3351 3360
f 3360 3352 3346
f 3361 3362 3363
f 3361 3363 3364
f 610 612 3365
f 3366 3367 3368
f 611 3368 3369
f 610 3365 3367
f 3366 610 3367
f 613 611 3370
f 3368 611 3366
f 3362 613 3363
f 3370 3363 613
f 3369 3371 611
f 3371 3370 611
f 3370 3364 3363
f 3371 3369 3372
f 3373 3364 3370
f 3374 614 3361
f 3362 3361 614
f 3375 3374 3361
f 3361 3376 3375
f 3361 3373 3376
f 3373 3361 3364
f 613 3362 614
f 3377 1213 3378
f 3379 1214 3380
f 3377 3378 1214
f 1214 3381 3377
f 3380 3382 3379
f 3379 3381 1214
f 3382 3380 1219
f 3383 1219 3384
f 3385 3386 3387
f 3385 3384 3386
f 3385 3383 3384
f 3387 3388 3385
f 3387 1224 3388
f 3382 1219 3383
f 3389 2336 3390
f 3391 2337 3389
f 3390 3392 3389
f 3392 3391 3389
f 2337 3393 3394
f 1224 3394 3388
f 3393 3388 3394
f 3391 3393 2337
f 3395 3396 3397
f 3398 3396 3399
f 3395 3399 3396
f 3400 3401 3398
f 2373 2371 3402
f 2372 3403 2371
f 3402 2371 3403
f 3401 2373 3402
f 3399 3400 3398
f 2376 3404 3405
f 2377 3406 3407
f 2377 3407 3408
f 2377 3405 3406
f 3400 2373 3401
f 3405 2377 2376
f 3408 2379 2377
f 3400 3399 2376
f 2376 3399 3404
f 3409 3410 2485
f 3376 3373 3411
f 3410 3409 3411
f 3409 3376 3411
f 3412 3375 3376
f 3409 3412 3376
f 3413 3375 3412
f 3413 3374 3375
f 3413 614 3374
f 3414 3415 3416
f 3417 3418 3415
f 3419 3420 3421
f 3419 3422 3420
f 3421 3418 3423
f 3424 3414 3425
f 3417 3414 3424
f 3421 3423 3419
f 3423 3418 3417
f 3417 3415 3414
f 3426 3427 3428
f 3429 3430 3431
f 3429 3431 3432
f 3430 3428 3427
f 3430 3427 3431
f 3430 3429 3433
f 3434 3428 3430
f 3433 3434 3430
f 3435 3436 3437
f 3435 3437 3438
f 3436 3429 3432
f 3436 3432 3437
f 3436 3435 3439
f 3433 3429 3436
f 3439 3433 3436
f 3440 3441 3433
f 3440 3433 3439
f 3442 3443 3441
f 3442 3441 3440
f 3443 3442 3444
f 3445 3440 3439
f 3445 3439 3446
f 3447 3442 3440
f 3447 3440 3445
f 3448 3444 3442
f 3448 3442 3447
f 3449 3450 3444
f 3449 3444 3448
f 3451 3452 3450
f 3451 3450 3449
f 3453 3448 3447
f 3453 3447 3454
f 3455 3449 3448
f 3455 3448 3453
f 3456 3451 3449
f 3456 3449 3455
f 3457 3456 3455
f 3457 3455 3458
f 3459 3460 3461
f 3427 3462 3463
f 3426 3461 3462
f 3426 3464 3459
f 3462 3427 3426
f 3464 3426 3428
f 3426 3459 3461
f 3465 3464 3428
f 3431 3427 3463
f 3431 3463 3466
f 3431 3466 3467
f 3468 3469 3437
f 3468 3437 3432
f 3432 3467 3468
f 3432 3431 3467
f 3438 3437 3470
f 3438 3470 2610
f 3469 3470 3437
f 3434 3471 3465
f 3441 3472 3473
f 3471 3434 3473
f 3465 3428 3434
f 3441 3474 3472
f 3475 3476 3443
f 3474 3443 3476
f 3443 3477 3475
f 3434 3433 3473
f 3474 3441 3443
f 3433 3441 3473
f 3477 3443 3478
f 3444 3479 3478
f 3450 3480 3479
f 3480 3450 3481
f 3482 3481 3452
f 3444 3478 3443
f 3452 3483 3482
f 3435 3438 2609
f 2610 2609 3438
f 3435 2609 2612
f 3439 3435 2612
f 3439 2613 3446
f 2614 3446 2613
f 2614 3445 3446
f 2613 3439 2612
f 3445 3484 2623
f 3454 2623 2620
f 3447 3445 2623
f 2623 3454 3447
f 2618 3453 2619
f 3454 2619 3453
f 2622 3453 2618
f 2619 3454 2620
f 2614 3484 3445
f 3481 3450 3452
f 3455 3453 2622
f 3485 3486 3452
f 3485 3452 3451
f 3487 3485 3451
f 3487 3451 3456
f 3456 3457 3488
f 3456 3488 3487
f 2622 3458 3455
f 3483 3452 3486
f 2625 3457 3458
f 3457 2625 2624
f 3458 2621 2625
f 2621 3458 2622
f 2627 3457 2624
f 2628 3488 2627
f 3457 2627 3488
f 3489 2628 2632
f 3488 2628 3489
f 3479 3444 3450
f 3490 3491 3492
f 3490 3492 3493
f 3490 3494 3495
f 3495 3494 3496
f 3493 3497 3490
f 3494 3497 3372
f 3494 3498 3496
f 3499 3500 3498
f 3498 3500 3496
f 3500 3499 3501
f 3497 3494 3490
f 3502 3503 3504
f 3505 3506 3507
f 3507 3503 3505
f 3508 3502 3509
f 3508 3505 3503
f 3502 3508 3503
f 3510 3511 3512
f 3510 3512 3513
f 3514 3515 3513
f 3516 3510 3513
f 3516 3513 3515
f 3517 3518 3516
f 3517 3516 3519
f 3513 3512 3520
f 2690 3520 3512
f 2690 3521 2692
f 3512 3511 2690
f 3514 3522 2696
f 2691 3522 3513
f 3514 3513 3522
f 3520 2691 3513
f 3514 2696 3523
f 3524 3521 3511
f 3511 3521 2690
f 3511 3525 3524
f 3525 3511 3510
f 3422 3525 3420
f 3510 3420 3525
f 3510 3421 3420
f 3421 3518 3418
f 3510 3518 3421
f 3470 3523 2610
f 3469 3514 3470
f 3469 3468 3514
f 3470 3514 3523
f 3515 3514 3468
f 3515 3468 3467
f 3515 3467 3466
f 3515 3466 3463
f 3519 3515 3463
f 3519 3516 3515
f 3418 3518 3415
f 3518 3517 3415
f 3510 3516 3518
f 3517 3519 3462
f 3517 3462 3461
f 3416 3517 3460
f 3461 3460 3517
f 3415 3517 3416
f 3519 3463 3462
f 3526 3527 3528
f 3529 3530 3526
f 3528 3529 3526
f 3531 3530 3532
f 3531 3532 3533
f 3534 3527 3526
f 3534 3526 3535
f 3535 3526 3530
f 3535 3530 3531
f 3536 3537 3527
f 3536 3527 3534
f 3538 2702 3539
f 3529 3538 3539
f 3532 3540 3541
f 3530 3529 3532
f 3540 3532 3529
f 3532 3541 3542
f 3539 3540 3529
f 2701 3538 3529
f 3528 3543 2703
f 2703 3543 2705
f 3528 2703 2701
f 3528 3537 3544
f 3529 3528 2701
f 3544 3537 3545
f 3543 3528 3544
f 3546 3533 3542
f 3547 3531 3533
f 3547 3548 3531
f 3534 3535 3548
f 3548 3535 3531
f 3546 3547 3533
f 3545 3537 3549
f 3537 3536 3550
f 3537 3550 3549
f 3528 3527 3537
f 3551 3536 3552
f 3534 3552 3536
f 3536 3551 3550
f 3552 3534 3548
f 3533 3532 3542
f 3553 3554 3555
f 3553 3555 3556
f 3557 3558 3559
f 3557 3559 3560
f 3556 3561 3562
f 3562 3563 3564
f 3564 3553 3556
f 3556 3562 3564
f 3565 3560 3553
f 3564 3566 3565
f 3553 3564 3565
f 3567 3557 3560
f 3567 3560 3565
f 3568 3567 3565
f 3568 3565 3566
f 3569 3564 3563
f 3569 3563 3570
f 3571 3566 3564
f 3569 3572 3571
f 3564 3569 3571
f 3573 3568 3566
f 3573 3566 3571
f 3574 3573 3571
f 3574 3571 3572
f 3575 3574 3572
f 3575 3572 3576
f 3555 2702 3577
f 3554 3539 3555
f 2702 3555 3539
f 3540 3539 3554
f 3556 3555 3577
f 3562 2706 3578
f 2706 3562 3561
f 3577 3561 3556
f 3577 2706 3561
f 3559 3541 3540
f 3558 3546 3542
f 3541 3559 3542
f 3559 3558 3542
f 3540 3554 3559
f 3553 3560 3559
f 3553 3559 3554
f 3579 3557 3567
f 3580 3579 3567
f 3558 3557 3579
f 3546 3558 3579
f 3563 3562 3578
f 3563 2707 1213
f 1213 3570 3563
f 3569 3570 3581
f 3569 3581 3582
f 3570 1213 3377
f 3570 3377 3583
f 3569 3582 3584
f 3570 3583 3581
f 3576 3569 3584
f 3585 3580 3573
f 3568 3573 3580
f 3573 3574 3585
f 3568 3580 3567
f 3586 3587 3575
f 3586 3575 3576
f 3569 3576 3572
f 3588 3575 3587
f 3585 3575 3588
f 3585 3574 3575
f 3576 3584 3586
f 3563 3578 2707
f 3589 3590 3591
f 3589 3591 3592
f 3593 3594 3595
f 3593 3595 3596
f 3596 3595 3590
f 3596 3590 3589
f 3597 3598 3594
f 3597 3594 3593
f 3599 3593 3596
f 3596 3589 3600
f 3600 3601 3599
f 3599 3596 3600
f 3602 3597 3593
f 3602 3593 3599
f 3603 3602 3599
f 3603 3599 3601
f 3604 3603 3601
f 3604 3601 3605
f 3591 3377 3381
f 3606 3377 3591
f 3606 3591 3590
f 3591 3381 3379
f 3592 3379 3382
f 3592 3600 3589
f 3379 3592 3591
f 3607 3606 3595
f 3607 3595 3594
f 3590 3595 3606
f 3608 3607 3594
f 3608 3594 3598
f 3609 3610 3597
f 3598 3597 3610
f 3608 3598 3610
f 3382 3383 3592
f 3600 3383 3385
f 3601 3600 3605
f 3611 3600 3385
f 3385 3388 3611
f 3600 3612 3613
f 3600 3611 3612
f 3613 3605 3600
f 3609 3602 3603
f 3603 3614 3609
f 3614 3603 3604
f 3597 3602 3609
f 3604 3605 3615
f 3604 3615 3616
f 3613 3615 3605
f 3614 3604 3616
f 3383 3600 3592
f 3617 3618 3619
f 3606 3618 3583
f 3582 3581 3618
f 3582 3618 3617
f 3583 3618 3581
f 3617 3584 3582
f 3606 3583 3377
f 3620 3621 3586
f 3588 3587 3621
f 3586 3621 3587
f 3584 3620 3586
f 3606 3607 3619
f 3606 3619 3618
f 3622 3607 3608
f 3619 3607 3622
f 3623 3619 3622
f 3584 3617 3620
f 3624 3620 3617
f 3624 3617 3625
f 3625 3617 3619
f 3625 3619 3623
f 3626 3627 3628
f 3629 3630 3626
f 3628 3629 3626
f 3631 3632 3633
f 3631 3633 3634
f 3635 3628 3632
f 3635 3632 3631
f 3636 3629 3628
f 3636 3628 3635
f 3615 3637 3616
f 3638 3628 3639
f 3640 3637 3633
f 3615 3633 3637
f 3632 3641 3633
f 3640 3633 3641
f 3638 3641 3632
f 3633 3615 3613
f 3632 3628 3638
f 3642 3630 3643
f 3639 3627 3642
f 3644 3645 3643
f 3643 3630 3644
f 3626 3642 3627
f 3646 3630 3647
f 3630 3629 3647
f 3644 3630 3646
f 3642 3626 3630
f 3628 3627 3639
f 3634 3633 3613
f 3634 3613 3612
f 3393 3634 3611
f 3612 3611 3634
f 3611 3388 3393
f 3634 3391 3392
f 3631 3634 3392
f 3631 3392 3390
f 3634 3393 3391
f 2336 3635 3631
f 2708 3648 3629
f 2708 3629 3636
f 3647 3629 3648
f 3649 2709 3635
f 3650 3636 2709
f 2709 3636 3635
f 2708 3636 3650
f 2336 3649 3635
f 2336 3631 3390
f 3651 3652 3653
f 3651 3653 3654
f 3653 3655 3656
f 3653 3656 3657
f 3656 3658 3659
f 3656 3659 3660
f 3659 3661 3662
f 3659 3662 3663
f 3664 3665 3652
f 3664 3652 3651
f 3662 3666 3645
f 3666 3662 3661
f 3662 3645 3663
f 3661 3667 3666
f 3660 3659 3663
f 3644 3660 3663
f 3661 3659 3658
f 3644 3663 3645
f 3658 3667 3661
f 3667 3652 3668
f 3669 3665 3670
f 3665 3669 3668
f 2714 3671 3672
f 3672 3670 2714
f 3671 2714 2716
f 3655 3658 3656
f 3658 3655 3667
f 3656 3660 3657
f 3654 3653 3657
f 3660 3644 3657
f 3652 3655 3653
f 3644 3654 3657
f 3646 3654 3644
f 3648 2722 3647
f 3647 3654 3646
f 2708 2722 3648
f 3665 2714 3670
f 3665 2717 2714
f 3652 3665 3668
f 3651 3654 2721
f 2722 2721 3654
f 2717 3664 2721
f 3651 2721 3664
f 3665 3664 2717
f 2722 3654 3647
f 3652 3667 3655
f 3673 3674 3675
f 3674 3673 3676
f 3674 3676 3677
f 3678 3679 3680
f 3678 3680 3681
f 3674 3677 3680
f 3679 3675 3674
f 3680 3679 3674
f 3680 3677 3682
f 3680 3682 3683
f 3681 3680 3683
f 3681 3683 3684
f 3685 3686 3687
f 3685 3687 3688
f 3686 3689 3690
f 3686 3690 3687
f 3691 3675 3679
f 3687 3690 3691
f 3679 3687 3691
f 3688 3687 3679
f 3688 3679 3678
f 3692 3693 3694
f 3692 3694 3695
f 3695 3694 3696
f 3695 3696 3697
f 3698 3699 3693
f 3698 3693 3692
f 3681 3684 3700
f 3701 3678 3681
f 3700 3701 3681
f 3688 3678 3701
f 3702 3685 3688
f 3701 3702 3688
f 3703 3697 3685
f 3703 3685 3702
f 3695 3697 3703
f 3704 3692 3695
f 3703 3704 3695
f 3705 3706 3702
f 3701 3707 3705
f 3702 3701 3705
f 3708 3703 3702
f 3708 3702 3706
f 3709 3704 3703
f 3709 3703 3708
f 3710 3706 3705
f 3710 3705 3711
f 3712 3713 3709
f 3708 3714 3712
f 3709 3708 3712
f 3715 3716 3717
f 3718 3719 3715
f 3717 3718 3715
f 3720 3716 3715
f 3720 3715 3721
f 3721 3715 3719
f 3721 3719 3722
f 3723 3718 3724
f 3713 3725 3723
f 3724 3713 3723
f 3726 3722 3727
f 3726 3727 3728
f 3729 3728 3727
f 3730 3731 3729
f 3727 3730 3729
f 3732 3728 3729
f 3732 3729 3733
f 3733 3729 3731
f 3733 3731 3734
f 3727 3722 3719
f 3735 3730 3727
f 3719 3735 3727
f 3736 3730 3735
f 3737 3738 3736
f 3735 3737 3736
f 3734 3731 3739
f 3734 3739 3740
f 3739 3731 3730
f 3736 3741 3739
f 3730 3736 3739
f 3735 3719 3718
f 3723 3737 3735
f 3718 3723 3735
f 3742 3737 3723
f 3725 3743 3742
f 3723 3725 3742
f 3682 3666 3667
f 3677 3676 3682
f 3666 3682 3676
f 3667 3668 3683
f 3667 3683 3682
f 3744 3666 3676
f 3745 3744 3673
f 3676 3673 3744
f 3675 3745 3673
f 3745 3675 3691
f 3745 3691 3690
f 3689 3745 3690
f 3668 3669 3684
f 3668 3684 3683
f 3684 3670 3672
f 3700 3672 3671
f 3684 3669 3670
f 3707 3701 3700
f 3672 3700 3684
f 3671 2716 3700
f 3689 3746 3745
f 3696 3747 3746
f 3746 3686 3696
f 3696 3686 3685
f 3696 3685 3697
f 3747 3696 3694
f 3686 3746 3689
f 3748 3747 3694
f 3693 3749 3748
f 3699 3750 3749
f 3751 3750 3699
f 3693 3699 3749
f 3752 3751 3699
f 3752 3699 3698
f 3693 3748 3694
f 3698 3692 3704
f 3753 3698 3704
f 3698 3754 3752
f 3698 3753 3754
f 3704 3755 3756
f 3755 3709 3757
f 3756 3753 3704
f 3709 3755 3704
f 2716 2723 3700
f 2724 3705 3707
f 3705 2724 3711
f 2725 3710 3711
f 2723 2724 3707
f 2723 3707 3700
f 3710 3708 3706
f 3708 3710 2725
f 2726 3712 3714
f 3708 2725 3714
f 2724 2725 3711
f 3712 2726 2727
f 2725 2726 3714
f 3712 3725 3713
f 3743 3725 2727
f 3725 3712 2727
f 3738 3742 3743
f 3738 3737 3742
f 3736 3738 3741
f 3743 3741 3738
f 2485 3741 3743
f 2485 3743 2727
f 3709 3713 3724
f 3717 3724 3718
f 3726 3721 3722
f 3758 3724 3717
f 3759 3760 3724
f 3761 3759 3724
f 3373 3758 3717
f 3373 3717 3716
f 3724 3758 3761
f 3720 3373 3716
f 3720 3721 3411
f 3709 3724 3760
f 3741 3740 3739
f 3733 3734 2485
f 3733 2485 3410
f 3740 2485 3734
f 2485 3740 3741
f 3726 3728 3732
f 3410 3726 3732
f 3726 3410 3411
f 3411 3373 3720
f 3732 3733 3410
f 3726 3411 3721
f 3757 3709 3760
f 3762 3763 3764
f 3762 3764 3765
f 3766 3767 3768
f 3766 3768 3769
f 3767 3762 3765
f 3767 3765 3768
f 3767 3766 3770
f 3771 3762 3767
f 3770 3771 3767
f 3772 3773 3774
f 3772 3774 3775
f 3773 3766 3769
f 3773 3769 3774
f 3773 3772 3776
f 3770 3766 3773
f 3776 3770 3773
f 3770 3776 3777
f 3778 3772 3775
f 3778 3775 3779
f 3764 3550 3551
f 3764 3763 3549
f 3764 3549 3550
f 3764 3551 3780
f 3768 3765 3780
f 3764 3780 3765
f 3768 3781 3769
f 3781 3768 3780
f 3763 3544 3545
f 2728 2705 3543
f 3543 3544 3771
f 3771 3763 3762
f 2728 3771 3770
f 2729 2728 3770
f 3771 2728 3543
f 3763 3771 3544
f 3763 3545 3549
f 3782 3775 3774
f 3782 3774 3781
f 3779 3782 3783
f 3778 3779 3783
f 3778 3783 3784
f 3785 3778 3784
f 3782 3779 3775
f 3776 3772 3778
f 3770 3777 2729
f 3786 2730 3777
f 3777 2730 2729
f 3777 3776 3787
f 3777 3787 3786
f 3776 3785 3787
f 2730 3786 3788
f 2730 3788 2731
f 3785 3776 3778
f 3781 3774 3769
f 3789 3790 3791
f 3789 3791 3792
f 3793 3794 3795
f 3795 3796 3797
f 3797 3789 3793
f 3793 3795 3797
f 3798 3799 3797
f 3798 3797 3796
f 3800 3801 3802
f 3800 3802 3803
f 3801 3796 3795
f 3801 3795 3802
f 3801 3800 3804
f 3798 3796 3801
f 3804 3798 3801
f 3805 3806 3807
f 3805 3807 3808
f 3784 3783 3791
f 3792 3791 3783
f 3785 3784 3791
f 3785 3791 3790
f 3793 3792 3809
f 3783 3809 3792
f 3792 3793 3789
f 3809 3794 3793
f 3794 3809 3810
f 3797 3790 3789
f 3787 3785 3790
f 3788 3786 3797
f 3788 3797 3799
f 3799 2731 3788
f 3786 3787 3797
f 3797 3787 3790
f 3403 2372 3799
f 3403 3799 3798
f 3799 2372 2731
f 3795 3794 3810
f 3802 3810 3811
f 3803 3802 3811
f 3810 3802 3795
f 3812 3800 3803
f 3812 3398 3804
f 3800 3812 3804
f 3808 3807 3812
f 3798 3804 3402
f 3798 3402 3403
f 3812 3803 3811
f 3812 3807 3398
f 3398 3401 3804
f 3804 3401 3402
f 3806 3398 3807
f 3806 3396 3398
f 3396 3806 3805
f 3813 3805 3808
f 3805 3813 3814
f 3805 3814 3397
f 3813 3808 3812
f 3396 3805 3397
f 3815 3816 3817
f 3815 3817 3818
f 3817 3819 3820
f 3817 3820 3821
f 3822 3823 3824
f 3822 3824 3825
f 3825 3824 3826
f 3825 3826 3827
f 3828 3829 3830
f 3828 3830 3823
f 3831 3832 3833
f 3831 3833 3834
f 3832 3835 3836
f 3832 3836 3833
f 3833 3836 3815
f 3833 3815 3837
f 3838 3834 3833
f 3837 3839 3838
f 3833 3837 3838
f 3832 3831 3840
f 3827 3835 3832
f 3840 3827 3832
f 3825 3827 3840
f 3841 3822 3825
f 3840 3841 3825
f 3842 3843 3844
f 3831 3834 3842
f 3844 3831 3842
f 3843 3842 3845
f 3842 3834 3838
f 3842 3838 3845
f 3844 3846 3847
f 3840 3831 3844
f 3847 3840 3844
f 3848 3841 3840
f 3848 3840 3847
f 3849 3850 3841
f 3849 3841 3848
f 3851 3848 3847
f 3851 3847 3852
f 3853 3849 3848
f 3853 3848 3851
f 3854 3855 3853
f 3851 3856 3854
f 3853 3851 3854
f 3820 3397 3857
f 3395 3397 3820
f 3395 3820 3819
f 3395 3816 3399
f 3395 3819 3816
f 3404 3399 3836
f 3404 3836 3835
f 3821 3820 3857
f 3818 3817 3821
f 3857 3818 3821
f 3818 3857 3858
f 3858 3815 3818
f 3836 3816 3815
f 3837 3815 3858
f 3399 3816 3836
f 3837 3858 3839
f 3819 3817 3816
f 3407 3406 3826
f 3407 3826 3824
f 3824 3830 3408
f 3824 3408 3407
f 3830 2734 2379
f 2734 3830 3829
f 3830 2379 3408
f 2735 2734 3829
f 3826 3406 3405
f 3826 3835 3827
f 3835 3826 3405
f 3822 3828 3823
f 3828 3822 2735
f 3822 3841 2735
f 3829 3828 2735
f 3830 3824 3823
f 3835 3405 3404
f 3839 3845 3838
f 3859 3845 3839
f 3859 3839 3858
f 3860 3845 3859
f 3846 3844 3843
f 3843 3845 3860
f 3843 3860 3861
f 3861 3847 3846
f 3843 3861 3846
f 3862 3852 3861
f 3863 3852 3862
f 3861 3852 3847
f 3856 3851 3864
f 3863 3851 3852
f 3851 3863 3864
f 3489 3850 3849
f 3853 3855 3485
f 3853 3485 3487
f 3849 3853 3487
f 3849 3487 3488
f 3850 3489 2632
f 3488 3489 3849
f 2735 3850 2632
f 3865 3855 3854
f 3854 3866 3865
f 3866 3854 3856
f 3867 3855 3865
f 3868 3485 3867
f 3855 3867 3485
f 3485 3868 3486
f 3866 3856 3864
f 2735 3841 3850
f 3869 3857 3397
f 3813 3869 3814
f 3397 3814 3869
f 3870 3871 3872
f 3870 3872 3873
f 3874 3875 3876
f 3874 3876 3877
f 3877 3876 3871
f 3877 3871 3870
f 3878 3879 3875
f 3878 3875 3874
f 3880 3878 3874
f 3880 3874 3881
f 3871 3365 612
f 3367 3365 3871
f 3367 3871 3876
f 612 2736 3872
f 612 3872 3871
f 3368 3367 3876
f 3368 3876 3875
f 3369 3368 3875
f 3369 3875 3879
f 3494 3372 3369
f 3369 3879 3494
f 3879 3878 3498
f 3879 3498 3494
f 3872 2736 3873
f 3882 3873 3883
f 3503 3870 3873
f 3873 3504 3503
f 3503 3507 3877
f 3503 3877 3870
f 3504 3873 3882
f 3878 3880 3501
f 3878 3501 3499
f 3498 3878 3499
f 3506 3881 3507
f 3877 3881 3874
f 3501 3880 3506
f 3881 3506 3880
f 3881 3877 3507
f 3883 3873 2736
f 3884 3885 3886
f 3884 3886 3887
f 3888 3889 3885
f 3888 3885 3884
f 3890 3891 3889
f 3890 3889 3888
f 3892 3893 3891
f 3892 3891 3890
f 3894 3895 3896
f 3894 3896 3897
f 3895 3887 3898
f 3895 3898 3896
f 3895 3894 3899
f 3899 3900 3884
f 3884 3887 3895
f 3895 3899 3884
f 3901 3888 3884
f 3901 3884 3900
f 3902 3890 3888
f 3902 3888 3901
f 3903 3904 3892
f 3890 3902 3903
f 3892 3890 3903
f 3905 3900 3899
f 3905 3899 3906
f 3907 3908 3909
f 3909 3902 3901
f 3901 3910 3907
f 3907 3909 3901
f 3911 3912 3913
f 3914 3915 3911
f 3913 3914 3911
f 3913 3904 3903
f 3913 3903 3914
f 3914 3903 3902
f 3914 3902 3909
f 3916 3915 3914
f 3909 3908 3916
f 3914 3909 3916
f 3917 3908 3907
f 3918 3919 3917
f 3907 3918 3917
f 3920 3921 3922
f 3922 3923 3924
f 3924 3925 3920
f 3920 3922 3924
f 3926 3927 3928
f 3928 3921 3920
f 3920 3929 3926
f 3926 3928 3920
f 3920 3925 3930
f 3920 3930 3929
f 3931 3929 3930
f 3932 3933 3931
f 3930 3932 3931
f 3927 3926 3934
f 3927 3934 3935
f 3926 3929 3931
f 3926 3931 3934
f 3934 3931 3933
f 3934 3933 3936
f 3937 3935 3934
f 3936 3938 3937
f 3934 3936 3937
f 3939 3921 3928
f 3939 3928 3940
f 3940 3928 3927
f 3940 3927 3941
f 3942 3941 3943
f 3942 3943 3944
f 3945 3946 3943
f 3943 3941 3927
f 3927 3935 3945
f 3945 3943 3927
f 3947 3946 3945
f 3948 3949 3947
f 3945 3948 3947
f 3945 3935 3937
f 3945 3937 3948
f 3948 3937 3938
f 3948 3938 3950
f 3949 3948 3950
f 3949 3950 3951
f 3952 3946 3947
f 3952 3947 3953
f 3953 3947 3949
f 3953 3949 3954
f 3924 3955 3956
f 3924 3956 3925
f 3955 3912 3911
f 3955 3911 3956
f 3956 3911 3915
f 3956 3915 3957
f 3930 3925 3956
f 3957 3932 3930
f 3956 3957 3930
f 3958 3932 3957
f 3959 3960 3958
f 3957 3959 3958
f 3957 3915 3916
f 3957 3916 3959
f 3959 3916 3908
f 3959 3908 3917
f 3960 3959 3917
f 3960 3917 3919
f 3950 3938 3961
f 3962 3951 3950
f 3961 3962 3950
f 3961 3938 3936
f 3936 3933 3963
f 3963 3964 3961
f 3961 3936 3963
f 3933 3932 3958
f 3933 3958 3963
f 3963 3958 3960
f 3963 3960 3965
f 3964 3963 3965
f 3964 3965 3966
f 3955 3924 3967
f 3967 3968 3969
f 3969 3912 3955
f 3955 3967 3969
f 3970 3968 3967
f 3970 3967 3971
f 3971 3967 3924
f 3971 3924 3923
f 3886 3372 3497
f 3898 3493 3492
f 3886 3497 3493
f 3885 3371 3886
f 3372 3886 3371
f 3898 3887 3886
f 3898 3886 3493
f 3370 3371 3885
f 3370 3885 3889
f 3896 3898 3492
f 3897 3896 3491
f 3492 3491 3896
f 3894 3897 3972
f 3491 3972 3897
f 3906 3894 3972
f 3973 3905 3906
f 3972 3973 3906
f 3906 3899 3894
f 3973 3974 3905
f 3891 3370 3889
f 3370 3891 3893
f 3893 3892 3759
f 3893 3759 3761
f 3373 3370 3893
f 3893 3758 3373
f 3759 3892 3760
f 3761 3758 3893
f 3905 3910 3901
f 3974 3910 3905
f 3892 3904 3755
f 3892 3755 3757
f 3753 3756 3904
f 3753 3904 3913
f 3904 3756 3755
f 3913 3969 3753
f 3760 3892 3757
f 3900 3905 3901
f 3910 3974 3975
f 3918 3907 3975
f 3910 3975 3907
f 3975 3976 3918
f 3976 3919 3918
f 3965 3960 3919
f 3919 3966 3965
f 3962 3964 3966
f 3966 3919 3976
f 3966 3976 3962
f 3964 3962 3961
f 3949 3951 3977
f 3962 3977 3951
f 3954 3949 3977
f 3977 3962 3976
f 3952 3953 3978
f 3954 3978 3953
f 3944 3952 3978
f 3978 3954 3977
f 3943 3946 3952
f 3939 3923 3922
f 3922 3921 3939
f 3753 3969 3754
f 3752 3754 3969
f 3752 3969 3968
f 3968 3970 3751
f 3968 3751 3752
f 3971 3923 3979
f 3913 3912 3969
f 3940 3941 3942
f 3979 3942 3944
f 3939 3940 3942
f 3944 3943 3952
f 3970 3971 3979
f 3979 3923 3939
f 3751 3970 3750
f 3979 3750 3970
f 3979 3939 3942
f 3979 3944 3978
f 3980 3981 3982
f 3983 3980 3984
f 3981 3980 3983
f 3984 3980 3985
f 3984 3985 3986
f 3980 3982 3987
f 3980 3987 3985
f 3988 3989 3990
f 3991 3988 3992
f 3989 3988 3991
f 3991 3983 3984
f 3991 3984 3989
f 3993 3994 3995
f 3993 3995 3996
f 3997 3998 3999
f 3995 3997 4000
f 3998 3997 3995
f 3994 4001 3998
f 3994 3998 3995
f 3999 4002 4003
f 3999 4003 4004
f 4002 4005 4006
f 4002 4006 4003
f 4006 4007 4008
f 3990 4006 4005
f 4007 4006 3990
f 4001 4009 4010
f 4001 4010 3998
f 4002 4010 4005
f 3998 4002 3999
f 4010 4002 3998
f 4010 3988 3990
f 4010 3990 4005
f 4009 3992 3988
f 4009 3988 4010
f 4011 3991 3992
f 3991 4012 3983
f 4012 4011 4013
f 4011 4012 3991
f 4014 4015 4016
f 4014 4016 4017
f 3994 4016 4001
f 4017 3994 3993
f 4016 3994 4017
f 4009 4011 3992
f 4016 4009 4001
f 4011 4009 4016
f 4015 4013 4011
f 4015 4011 4016
f 4018 4017 3993
f 4017 4019 4014
f 4019 4018 4020
f 4018 4019 4017
f 4021 4013 4022
f 4012 4021 4023
f 4013 4021 4012
f 4024 4015 4014
f 4024 4014 4025
f 4015 4024 4022
f 4015 4022 4013
f 4026 4019 4027
f 4014 4026 4025
f 4019 4026 4014
f 4028 4027 4019
f 4028 4019 4029
f 4030 4028 4029
f 4030 4029 4031
f 4032 4033 4034
f 4033 4030 4031
f 4030 4032 4035
f 4032 4030 4033
f 4036 4037 4038
f 4038 4035 4032
f 4038 4032 4036
f 4039 4040 4041
f 4039 4041 4042
f 4040 4043 4044
f 4040 4044 4041
f 4045 4046 4043
f 4045 4043 4040
f 4041 4022 4042
f 4021 4041 4044
f 4022 4041 4021
f 4044 4047 4023
f 4044 4023 4021
f 4043 4047 4044
f 4048 4043 4046
f 4047 4043 4048
f 4049 4025 4050
f 4024 4049 4051
f 4025 4049 4024
f 4052 4024 4051
f 4022 4052 4042
f 4024 4052 4022
f 4053 4054 4055
f 4053 4055 4056
f 4056 4055 4026
f 4056 4026 4027
f 4055 4050 4025
f 4055 4025 4026
f 4056 4057 4053
f 4028 4056 4027
f 4057 4056 4028
f 4058 4057 4028
f 4058 4028 4030
f 4059 4058 4030
f 4059 4030 4035
f 4038 4059 4035
f 4060 4038 4037
f 4059 4038 4060
f 4061 4062 4063
f 4061 4063 4064
f 4064 4063 4065
f 4064 4065 4048
f 4066 4067 4068
f 4066 4068 4069
f 4068 4070 4071
f 4068 4071 4072
f 4067 4073 4070
f 4067 4070 4068
f 4074 4075 4046
f 4074 4046 4045
f 4072 4071 4075
f 4072 4075 4074
f 4075 4048 4046
f 4064 4075 4071
f 4048 4075 4064
f 4070 4064 4071
f 4061 4070 4073
f 4064 4070 4061
f 4076 4077 4078
f 4079 4076 4080
f 4077 4076 4079
f 4081 4079 4080
f 4053 4081 4054
f 4079 4081 4053
f 4080 4082 4083
f 4080 4083 4081
f 4081 4083 4084
f 4081 4084 4054
f 4078 4085 4086
f 4078 4086 4076
f 4076 4086 4082
f 4076 4082 4080
f 4085 4087 4088
f 4085 4088 4086
f 4079 4089 4077
f 4057 4079 4053
f 4089 4079 4057
f 4090 4089 4057
f 4090 4057 4058
f 4091 4090 4058
f 4091 4058 4059
f 4092 4060 4093
f 4059 4092 4091
f 4060 4092 4059
f 4094 4095 4096
f 4060 4094 4093
f 4095 4094 4060
f 4097 4062 4061
f 4098 4099 4100
f 4098 4100 4062
f 4101 4102 4103
f 4101 4103 4104
f 4067 4103 4073
f 4104 4067 4066
f 4103 4067 4104
f 4103 4097 4061
f 4103 4061 4073
f 4105 4106 4107
f 4105 4107 4108
f 4109 4107 4110
f 4108 4109 4087
f 4107 4109 4108
f 4111 4104 4066
f 4107 4111 4110
f 4104 4111 4107
f 4106 4101 4104
f 4106 4104 4107
f 4112 4113 4114
f 4112 4114 4115
f 4115 4114 4078
f 4115 4078 4077
f 4085 4108 4087
f 4114 4085 4078
f 4108 4085 4114
f 4113 4105 4108
f 4113 4108 4114
f 4115 4116 4112
f 4089 4115 4077
f 4116 4115 4089
f 4117 4116 4089
f 4117 4089 4090
f 4118 4090 4091
f 4117 4118 4119
f 4090 4118 4117
f 4120 4121 4122
f 4123 4120 4124
f 4121 4120 4123
f 4121 4123 4092
f 4121 4092 4093
f 4123 4118 4091
f 4123 4091 4092
f 4124 4119 4118
f 4124 4118 4123
f 4125 4126 4127
f 4128 4125 4129
f 4126 4125 4128
f 4126 4128 4094
f 4126 4094 4096
f 4128 4121 4093
f 4128 4093 4094
f 4130 4128 4129
f 4121 4130 4122
f 4128 4130 4121
f 4126 4131 4127
f 4131 4132 4133
f 4132 4126 4096
f 4126 4132 4131
f 4134 4132 4135
f 4133 4134 4136
f 4132 4134 4133
f 4137 4136 4134
f 4137 4134 4138
f 4139 4113 4112
f 4139 4112 4140
f 4113 4139 4141
f 4113 4141 4105
f 4142 4140 4112
f 4142 4112 4116
f 4143 4142 4116
f 4143 4116 4117
f 4144 4117 4119
f 4143 4144 4145
f 4117 4144 4143
f 4146 4147 4124
f 4146 4124 4120
f 4147 4119 4124
f 4144 4147 4148
f 4119 4147 4144
f 4149 4144 4148
f 4145 4149 4150
f 4144 4149 4145
f 4151 4125 4127
f 4152 4153 4154
f 4152 4154 4155
f 4155 4154 4131
f 4155 4131 4133
f 4151 4154 4156
f 4131 4151 4127
f 4154 4151 4131
f 4157 4153 4158
f 4154 4157 4156
f 4153 4157 4154
f 4159 4155 4133
f 4159 4133 4136
f 4155 4159 4160
f 4155 4160 4152
f 4161 4159 4136
f 4161 4136 4137
f 4162 4163 4139
f 4162 4139 4140
f 4162 4164 4165
f 4164 4142 4166
f 4142 4162 4140
f 4162 4142 4164
f 4167 4143 4168
f 4142 4167 4166
f 4143 4167 4142
f 4169 4170 4171
f 4170 4143 4145
f 4143 4169 4168
f 4169 4143 4170
f 4172 4173 4174
f 4175 4172 4176
f 4173 4172 4175
f 4176 4172 4177
f 4176 4177 4178
f 4150 4177 4179
f 4172 4174 4179
f 4172 4179 4177
f 4179 4145 4150
f 4170 4179 4174
f 4145 4179 4170
f 4173 4171 4170
f 4173 4170 4174
f 4180 4181 4182
f 4183 4180 4184
f 4181 4180 4183
f 4184 4180 4185
f 4184 4185 4186
f 4182 4185 4180
f 4187 4175 4176
f 4181 4187 4182
f 4175 4187 4181
f 4188 4189 4153
f 4188 4153 4152
f 4186 4189 4184
f 4153 4186 4158
f 4189 4186 4153
f 4189 4183 4184
f 4190 4191 4192
f 4190 4192 4193
f 4191 4194 4195
f 4191 4195 4192
f 4192 4168 4193
f 4167 4192 4195
f 4168 4192 4167
f 4195 4196 4166
f 4195 4166 4167
f 4197 4198 4199
f 4197 4199 4200
f 4198 4201 4202
f 4198 4202 4199
f 4199 4171 4200
f 4169 4199 4202
f 4171 4199 4169
f 4203 4169 4202
f 4168 4203 4193
f 4169 4203 4168
f 4204 4205 4206
f 4204 4206 4201
f 4207 4206 4205
f 4208 4207 4209
f 4206 4207 4208
f 4210 4211 4207
f 4210 4207 4205
f 4211 4212 4209
f 4211 4209 4207
f 4206 4202 4201
f 4203 4206 4208
f 4202 4206 4203
f 4213 4203 4208
f 4193 4213 4190
f 4203 4213 4193
f 4212 4214 4215
f 4212 4215 4209
f 4214 4216 4217
f 4214 4217 4215
f 4215 4208 4209
f 4213 4215 4217
f 4208 4215 4213
f 4217 4218 4190
f 4217 4190 4213
f 4219 4200 4171
f 4219 4171 4173
f 3987 2736 612
f 3985 3987 612
f 2736 3987 3982
f 3982 4220 2736
f 3986 610 3366
f 611 3986 3366
f 610 3986 3985
f 3985 612 610
f 3986 3989 3984
f 3981 4221 4220
f 4222 4012 4023
f 4222 4023 4223
f 4012 4222 4221
f 4012 3981 3983
f 4221 3981 4012
f 4047 4224 4223
f 4047 4223 4023
f 4220 3982 3981
f 3989 613 4007
f 613 4008 4007
f 614 4006 4008
f 3989 611 613
f 614 4008 613
f 4006 614 3413
f 3413 3412 4003
f 3409 4003 3412
f 2485 4004 3409
f 3989 4007 3990
f 3409 4004 4003
f 4225 4052 4051
f 3999 4004 3997
f 3997 4004 2485
f 4052 4226 4042
f 3413 4003 4006
f 3989 3986 611
f 4065 4047 4048
f 4224 4065 4063
f 4224 4063 4227
f 4228 4045 4040
f 4229 4045 4230
f 4231 4074 4229
f 4045 4229 4074
f 4074 4231 4232
f 4230 4045 4228
f 4063 4100 4227
f 2692 4227 4100
f 4099 2690 4100
f 2692 4100 2690
f 4232 4072 4074
f 4233 4072 4232
f 4062 4100 4063
f 4068 4072 4233
f 4228 4039 4234
f 4040 4039 4228
f 4235 4068 4233
f 4236 4225 4051
f 4039 4226 4237
f 4039 4237 4234
f 4225 4226 4052
f 4042 4226 4039
f 4069 4238 4239
f 4239 4066 4069
f 4069 4068 4235
f 4069 4235 4238
f 4111 4066 4239
f 4111 4240 4241
f 4242 4110 4241
f 4111 4241 4110
f 4243 4110 4242
f 4111 4239 4240
f 4244 4236 4051
f 4047 4065 4224
f 4000 3997 2727
f 2485 2727 3997
f 2726 4000 2727
f 3995 4000 3996
f 3996 2726 2725
f 4018 2724 2723
f 2724 4018 2725
f 3993 3996 2725
f 3996 4000 2726
f 4018 2723 4020
f 2723 2716 4020
f 4029 2716 2714
f 2717 4029 2714
f 4019 2716 4029
f 2721 4029 2717
f 4019 4020 2716
f 3993 2725 4018
f 4031 2721 2722
f 2722 4033 4031
f 4031 4029 2721
f 2708 4033 2722
f 4034 2708 3650
f 3649 4034 2709
f 3650 2709 4034
f 4034 3649 4036
f 4034 4033 2708
f 2336 4036 3649
f 4032 4034 4036
f 3389 4036 2336
f 4037 4036 3389
f 2337 4037 3389
f 4037 2337 3394
f 3394 1224 4037
f 3387 4095 1224
f 4037 1224 4060
f 4245 4049 4246
f 4050 4247 4246
f 4049 4050 4246
f 4248 4050 4084
f 4247 4050 4248
f 4249 4248 4084
f 4250 4249 4084
f 4244 4049 4245
f 4251 4252 4087
f 4251 4109 4243
f 4110 4243 4109
f 4109 4251 4087
f 4253 4254 4082
f 4255 4088 4252
f 4087 4252 4088
f 4088 4253 4086
f 4253 4088 4255
f 4082 4254 4256
f 4054 4084 4055
f 4084 4050 4055
f 4250 4083 4257
f 4095 3386 3384
f 4132 4095 3384
f 1219 4132 3384
f 3387 3386 4095
f 1224 4095 4060
f 4250 4084 4083
f 4256 4257 4083
f 4083 4082 4256
f 4096 4095 4132
f 4132 3380 1214
f 3378 4134 4135
f 1214 3378 4135
f 1214 4135 4132
f 3380 4132 1219
f 4082 4086 4253
f 4051 4049 4244
f 3520 4099 2691
f 4098 3522 2691
f 4099 4098 2691
f 2696 4098 4097
f 2609 4097 4103
f 2696 4097 3523
f 3523 4097 2610
f 2696 3522 4098
f 2690 4099 3520
f 4102 2609 4103
f 4102 2612 2609
f 2613 2612 4102
f 2614 2613 4101
f 4102 4101 2613
f 3484 2614 4106
f 4101 4106 2614
f 2623 3484 4141
f 2609 2610 4097
f 4148 4147 4258
f 4259 4148 4260
f 4261 4149 4262
f 4259 4262 4149
f 4149 4261 4150
f 4259 4149 4148
f 4141 4106 4105
f 4260 4148 4258
f 2619 2620 4141
f 3484 4106 4141
f 4163 2619 4141
f 2618 2619 4163
f 4263 4150 4261
f 4163 4162 2622
f 4163 4141 4139
f 4150 4263 4264
f 2618 4163 2622
f 4141 2620 2623
f 2621 2622 4165
f 4165 2625 2621
f 4164 2625 4165
f 4196 4164 4166
f 2627 2624 4196
f 2632 4196 4195
f 2624 4164 4196
f 2624 2625 4164
f 2628 4196 2632
f 2735 2632 4194
f 2632 4195 4194
f 4218 4191 4190
f 4216 4218 4217
f 4191 4218 2735
f 2735 4218 4216
f 2735 4194 4191
f 4196 2628 2627
f 4198 4197 2377
f 4198 4204 4201
f 4219 4173 4175
f 3400 2376 4219
f 2376 4200 4219
f 4197 2376 2377
f 4200 2376 4197
f 2734 4216 4214
f 2379 2734 4212
f 4214 4212 2734
f 2734 2735 4216
f 4198 2377 4204
f 4210 4204 2377
f 4210 2379 4211
f 4212 4211 2379
f 2377 2379 4210
f 4205 4204 4210
f 4162 4165 2622
f 4219 2373 3400
f 4265 4122 4266
f 4267 4266 4130
f 4122 4130 4266
f 4268 4120 4122
f 4129 4125 4269
f 4129 4270 4271
f 4130 4129 4271
f 4271 4267 4130
f 4270 4129 4269
f 4272 4146 4268
f 4122 4265 4268
f 4146 4272 4258
f 4146 4258 4147
f 4273 4274 4151
f 4151 4274 4125
f 4125 4274 4269
f 4146 4120 4268
f 4275 4273 4151
f 3378 1213 4138
f 2702 4137 3577
f 2707 4137 4138
f 2707 4138 1213
f 3578 2706 4137
f 4137 2707 3578
f 3577 4137 2706
f 4138 4134 3378
f 4276 4277 4156
f 4275 4151 4156
f 4157 4276 4156
f 4278 4276 4157
f 2702 4161 4137
f 3538 2701 4161
f 4161 4160 4159
f 2702 3538 4161
f 4279 4278 4157
f 4156 4277 4275
f 4177 4264 4280
f 4178 4281 4282
f 4280 4281 4177
f 4283 4284 4185
f 4282 4285 4176
f 4182 4286 4283
f 4177 4281 4178
f 4187 4176 4285
f 4175 2371 2373
f 4182 4187 4287
f 4187 4285 4287
f 4185 4182 4283
f 4181 2371 4175
f 4286 4182 4287
f 4176 4178 4282
f 4175 2373 4219
f 2371 4181 2372
f 4288 4279 4158
f 4158 4289 4288
f 4284 4289 4185
f 4289 4186 4185
f 2728 4152 4160
f 2703 4160 2701
f 4161 2701 4160
f 4186 4289 4158
f 4158 4279 4157
f 2731 4183 4189
f 2730 2731 4189
f 2372 4183 2731
f 4188 2730 4189
f 2703 2705 4160
f 4152 2728 4188
f 4160 2705 2728
f 2729 4188 2728
f 2729 2730 4188
f 4183 2372 4181
f 4150 4264 4177
f 4097 4098 4062
f 4290 4291 4292
f 4290 4292 4293
f 4294 4295 4296
f 4297 4294 4298
f 4295 4294 4297
f 4298 4294 4299
f 4298 4299 4300
f 4294 4296 4301
f 4294 4301 4299
f 4295 4290 4293
f 4295 4293 4296
f 4302 4303 4304
f 4305 4302 4306
f 4303 4302 4305
f 4306 4302 4307
f 4306 4307 4308
f 4302 4304 4309
f 4302 4309 4307
f 4304 4310 4311
f 4304 4311 4309
f 4310 4298 4300
f 4310 4300 4311
f 4310 4297 4298
f 4303 4310 4304
f 4297 4310 4303
f 4312 4313 4314
f 4312 4314 4315
f 4313 4306 4308
f 4313 4308 4314
f 4313 4305 4306
f 4316 4313 4312
f 4305 4313 4316
f 4295 4317 4290
f 4318 4295 4297
f 4317 4295 4318
f 4303 4318 4297
f 4319 4303 4305
f 4318 4303 4319
f 4320 4321 4317
f 4320 4317 4318
f 4321 4322 4323
f 4324 4325 4326
f 4324 4326 4322
f 4301 4293 3524
f 3524 4292 3521
f 4299 3525 3422
f 3525 4299 4301
f 4301 3524 3525
f 4300 4299 3422
f 4292 2692 3521
f 4291 4224 4227
f 4291 4227 4292
f 4292 3524 4293
f 4296 4293 4301
f 4290 4317 4291
f 4227 2692 4292
f 3419 4300 3422
f 4309 4311 3419
f 4300 3419 4311
f 3423 4309 3419
f 3423 3417 4308
f 3423 4308 4307
f 3424 4315 3417
f 4307 4309 3423
f 3417 4314 4308
f 3417 4315 4314
f 3425 4327 3424
f 4327 4312 3424
f 4312 4327 4328
f 4315 3424 4312
f 4312 4328 4316
f 4291 4317 4223
f 4317 4222 4223
f 4317 4323 4222
f 4221 4222 4323
f 4317 4321 4323
f 4323 4220 4221
f 4220 4326 4325
f 4220 4325 2736
f 3883 2736 4325
f 4326 4323 4322
f 3883 4325 4324
f 3882 4322 4321
f 4324 3882 3883
f 4220 4323 4326
f 4324 4322 3882
f 4320 4318 4319
f 4316 4319 4305
f 4328 4329 4316
f 4330 4316 4329
f 4319 4316 4330
f 4330 4331 4319
f 4331 4332 4319
f 4320 3504 4321
f 3502 3504 4320
f 4333 4319 4332
f 4333 3509 3502
f 4319 4333 3502
f 4320 4319 3502
f 4321 3504 3882
f 4223 4224 4291
f 4334 4335 4336
f 4334 4336 4337
f 4337 4336 4338
f 4337 4338 4339
f 4340 4341 4342
f 4340 4342 4343
f 4343 4342 4335
f 4343 4335 4334
f 4344 4345 4346
f 4344 4346 4347
f 4347 4346 4348
f 4347 4348 4349
f 4348 4350 4351
f 4351 4341 4340
f 4340 4349 4348
f 4348 4351 4340
f 4352 4353 4354
f 4352 4354 4355
f 4354 4356 4357
f 4354 4357 4358
f 4357 4359 4360
f 4357 4360 4361
f 4362 4363 4361
f 4360 4364 4362
f 4361 4360 4362
f 4361 4363 4365
f 4365 4366 4358
f 4358 4357 4361
f 4361 4365 4358
f 4358 4366 4367
f 4367 4368 4355
f 4355 4354 4358
f 4358 4367 4355
f 4368 4367 4369
f 4368 4369 4370
f 4371 4372 4369
f 4367 4366 4371
f 4369 4367 4371
f 4369 4372 4373
f 4369 4373 4374
f 4370 4369 4374
f 4370 4374 4375
f 4366 4365 4376
f 4366 4376 4371
f 4377 4378 4376
f 4365 4363 4377
f 4376 4365 4377
f 4379 4380 4381
f 4376 4378 4379
f 4381 4376 4379
f 4371 4376 4381
f 4371 4381 4372
f 4363 4362 4382
f 4363 4382 4377
f 4382 4383 4384
f 4382 4384 4385
f 4386 4387 4384
f 4387 4386 4388
f 4387 4388 4389
f 4387 4389 4390
f 4385 4384 4387
f 4390 4385 4387
f 4385 4390 4378
f 4377 4382 4385
f 4378 4377 4385
f 4391 4392 4379
f 4378 4390 4391
f 4379 4378 4391
f 4390 4389 4393
f 4390 4393 4391
f 4391 4393 4394
f 4391 4394 4392
f 4379 4392 4395
f 4379 4395 4380
f 4381 4380 4396
f 4396 4397 4373
f 4373 4372 4381
f 4381 4396 4373
f 4373 4397 4398
f 4373 4398 4399
f 4399 4398 4400
f 4399 4400 4345
f 4374 4373 4399
f 4399 4345 4344
f 4344 4375 4374
f 4374 4399 4344
f 4401 4402 4403
f 4404 4405 4401
f 4403 4404 4401
f 4406 4407 4401
f 4405 4408 4406
f 4401 4405 4406
f 4409 4410 4406
f 4408 4411 4409
f 4406 4408 4409
f 4412 4413 4409
f 4411 4414 4412
f 4409 4411 4412
f 4414 4415 4416
f 4414 4416 4412
f 4412 4416 4417
f 4412 4417 4413
f 4409 4413 4418
f 4409 4418 4410
f 4406 4410 4419
f 4406 4419 4407
f 4401 4407 4420
f 4401 4420 4402
f 4421 4422 4423
f 4402 4420 4421
f 4423 4402 4421
f 4420 4424 4425
f 4420 4425 4421
f 4423 4426 4353
f 4353 4352 4403
f 4403 4402 4423
f 4423 4353 4403
f 4427 4428 4429
f 4427 4429 4430
f 4429 4431 4432
f 4429 4432 4433
f 4432 4434 4435
f 4432 4435 4436
f 4435 4437 4438
f 4435 4438 4439
f 4439 4438 4414
f 4439 4414 4411
f 4439 4411 4408
f 4436 4435 4439
f 4408 4436 4439
f 4436 4408 4405
f 4433 4432 4436
f 4405 4433 4436
f 4433 4405 4404
f 4430 4429 4433
f 4404 4430 4433
f 4440 4441 4442
f 4440 4442 4443
f 4444 4344 4347
f 4347 4349 4442
f 4442 4441 4444
f 4444 4347 4442
f 4442 4349 4340
f 4445 4446 4447
f 4445 4447 4448
f 4355 4368 4449
f 4449 4447 4446
f 4446 4352 4355
f 4355 4449 4446
f 4447 4449 4450
f 4447 4450 4451
f 4370 4375 4450
f 4449 4368 4370
f 4450 4449 4370
f 4450 4375 4344
f 4450 4344 4444
f 4451 4450 4444
f 4451 4444 4441
f 4451 4441 4440
f 4448 4447 4451
f 4440 4448 4451
f 4403 4352 4446
f 4446 4445 4452
f 4452 4404 4403
f 4403 4446 4452
f 4430 4404 4452
f 4453 4427 4430
f 4452 4453 4430
f 4454 4455 4427
f 4454 4427 4453
f 4448 4440 4456
f 4457 4445 4448
f 4456 4457 4448
f 4458 4452 4445
f 4458 4445 4457
f 4459 4453 4452
f 4459 4452 4458
f 4460 4461 4462
f 4460 4462 4463
f 4463 4462 4464
f 4463 4464 4465
f 4461 4460 4466
f 4467 4457 4456
f 4467 4456 4468
f 4469 4458 4457
f 4469 4457 4467
f 4463 4465 4470
f 4471 4460 4463
f 4470 4471 4463
f 4472 4473 4466
f 4466 4460 4471
f 4471 4474 4472
f 4472 4466 4471
f 4475 4476 4473
f 4475 4473 4472
f 4477 4475 4472
f 4477 4472 4474
f 4478 4479 4480
f 4481 4482 4478
f 4480 4481 4478
f 4481 4483 4484
f 4481 4484 4482
f 4485 4482 4484
f 4486 4487 4485
f 4484 4486 4485
f 4478 4482 4485
f 4478 4485 4488
f 4489 4488 4485
f 4487 4490 4489
f 4485 4487 4489
f 4491 4467 4468
f 4491 4468 4492
f 4493 4469 4467
f 4493 4467 4491
f 4494 4471 4470
f 4494 4470 4495
f 4496 4474 4471
f 4496 4471 4494
f 4497 4498 4491
f 4492 4499 4497
f 4491 4492 4497
f 4500 4501 4493
f 4491 4498 4500
f 4493 4491 4500
f 4502 4503 4493
f 4502 4493 4501
f 4504 4505 4495
f 4505 4506 4495
f 4507 4508 4494
f 4495 4506 4507
f 4494 4495 4507
f 4496 4494 4508
f 4509 4498 4497
f 4509 4497 4510
f 4511 4512 4513
f 4514 4515 4511
f 4513 4514 4511
f 4513 4501 4500
f 4513 4500 4514
f 4514 4500 4498
f 4514 4498 4509
f 4513 4512 4516
f 4516 4517 4502
f 4502 4501 4513
f 4513 4516 4502
f 4518 4519 4520
f 4502 4517 4518
f 4520 4502 4518
f 4521 4522 4523
f 4523 4504 4520
f 4520 4519 4521
f 4521 4523 4520
f 4524 4525 4526
f 4527 4528 4524
f 4526 4527 4524
f 4526 4506 4505
f 4526 4505 4527
f 4527 4505 4504
f 4527 4504 4523
f 4529 4528 4527
f 4523 4522 4529
f 4527 4523 4529
f 4530 4508 4507
f 4530 4507 4531
f 4531 4507 4506
f 4531 4506 4526
f 4532 4533 4531
f 4526 4525 4532
f 4531 4526 4532
f 4534 4512 4511
f 4534 4511 4535
f 4535 4511 4515
f 4536 4517 4516
f 4536 4516 4537
f 4538 4519 4518
f 4538 4518 4539
f 4540 4539 4518
f 4517 4536 4540
f 4518 4517 4540
f 4541 4539 4540
f 4541 4540 4542
f 4542 4540 4536
f 4542 4536 4543
f 4544 4545 4546
f 4547 4548 4544
f 4546 4547 4544
f 4548 4547 4549
f 4548 4549 4550
f 4547 4546 4551
f 4551 4522 4521
f 4521 4549 4547
f 4547 4551 4521
f 4549 4521 4519
f 4549 4519 4538
f 4552 4525 4524
f 4552 4524 4553
f 4553 4524 4528
f 4553 4528 4554
f 4555 4556 4554
f 4557 4558 4555
f 4554 4557 4555
f 4554 4528 4529
f 4554 4529 4557
f 4557 4529 4522
f 4557 4522 4551
f 4558 4557 4551
f 4558 4551 4546
f 4559 4555 4558
f 4559 4558 4560
f 4561 4532 4525
f 4561 4525 4552
f 3500 4335 3496
f 3501 4335 3500
f 4342 3495 3496
f 4342 3490 3495
f 4341 3491 3490
f 3972 3491 4351
f 3506 4336 3501
f 3506 4338 4336
f 3505 4339 4338
f 3501 4336 4335
f 4335 4342 3496
f 4341 4351 3491
f 4342 4341 3490
f 4338 3506 3505
f 4350 3972 4351
f 4346 3974 3973
f 4348 3973 4350
f 4360 3979 4364
f 3978 4364 3979
f 4364 3978 4383
f 4360 4359 3979
f 4384 3978 3977
f 4350 3973 3972
f 4388 3977 3976
f 3975 4397 3976
f 4388 3976 4394
f 4395 4394 3976
f 4394 4393 4388
f 4388 4386 3977
f 4384 4383 3978
f 4389 4388 4393
f 4386 4384 3977
f 3975 3974 4400
f 4383 4362 4364
f 3505 3508 4339
f 4339 3508 4333
f 4337 4339 4562
f 4563 4334 4337
f 4564 4343 4334
f 4564 4565 4343
f 4340 4343 4565
f 4563 4564 4334
f 4332 4339 4333
f 4331 4330 4566
f 4566 4339 4331
f 4329 4566 4330
f 4566 4562 4339
f 4442 4340 4565
f 4562 4563 4337
f 4566 4567 4562
f 4339 4332 4331
f 4568 4442 4565
f 4398 4397 3975
f 3976 4396 4395
f 4397 4396 3976
f 4394 4395 4392
f 4383 4382 4362
f 4395 4396 4380
f 4398 3975 4400
f 4568 4569 4443
f 4443 4442 4568
f 4443 4569 4440
f 4345 4400 4346
f 4440 4569 4456
f 4570 4456 4569
f 4346 4400 3974
f 3973 4348 4346
f 4571 4567 4566
f 3508 3509 4333
f 4424 3744 3745
f 3745 4425 4424
f 4425 3745 3746
f 4419 3744 4424
f 4418 4413 4417
f 3666 3744 4418
f 4418 4419 4410
f 4419 4418 3744
f 4419 4424 4420
f 4419 4420 4407
f 4417 3666 4418
f 4426 3747 3748
f 3748 3749 4426
f 4356 4426 3749
f 4423 4422 3747
f 4425 4422 4421
f 3747 4422 3746
f 4425 3746 4422
f 3645 3666 4417
f 4416 3645 4417
f 4415 3645 4416
f 3645 4415 4437
f 3643 3645 4437
f 4415 4414 4438
f 4438 4437 4415
f 4434 4437 4435
f 4431 4434 4432
f 4434 4431 3643
f 3642 4428 3639
f 3641 3638 4427
f 3638 3639 4428
f 3642 3643 4431
f 3642 4431 4428
f 4437 4434 3643
f 4423 3747 4426
f 4356 3750 4359
f 4359 4357 4356
f 4427 3638 4428
f 4455 3640 3641
f 4431 4429 4428
f 4356 4353 4426
f 4356 3749 3750
f 4356 4354 4353
f 4427 4455 3641
f 4454 4453 4572
f 4459 4572 4453
f 4573 4454 4572
f 4573 4574 4454
f 3637 3640 4455
f 4458 4469 4459
f 4454 3616 4455
f 3616 3637 4455
f 3609 3614 4574
f 3616 4574 3614
f 3616 4454 4574
f 3609 4464 3610
f 3608 4462 3622
f 4464 3608 3610
f 3609 4574 4464
f 3622 4462 4461
f 4464 4462 3608
f 3622 4461 3623
f 4461 4466 3625
f 3625 3623 4461
f 4466 3624 3625
f 3621 3620 4476
f 3624 4473 3620
f 4476 3588 3621
f 4575 4464 4574
f 4576 4572 4459
f 4359 3750 3979
f 4486 4566 4328
f 4486 4328 4327
f 4327 3425 4487
f 4566 4486 4571
f 4327 4487 4486
f 4487 3425 3414
f 3414 4490 4487
f 4486 4484 4571
f 3416 4489 4490
f 4489 3416 3460
f 3416 4490 3414
f 4488 4489 3460
f 4479 4478 4488
f 3464 4479 3459
f 4488 3459 4479
f 3459 4488 3460
f 4479 3464 4480
f 4577 4468 4578
f 4571 4483 4579
f 4571 4484 4483
f 4580 4576 4459
f 4469 4493 4503
f 4468 4570 4578
f 4481 4579 4483
f 4480 4577 4481
f 4579 4481 4577
f 4577 4480 4492
f 3471 3473 4492
f 4503 4580 4459
f 4469 4503 4459
f 4581 4582 4503
f 4582 4580 4503
f 4502 4581 4503
f 4577 4492 4468
f 4480 3464 3465
f 4570 4468 4456
f 4492 4480 3471
f 4492 3473 3472
f 4499 4492 3472
f 4499 4510 4497
f 4499 3474 3476
f 3474 4499 3472
f 3476 3475 4499
f 4510 4499 3477
f 4510 3477 3478
f 3479 4510 3478
f 4509 4515 4514
f 3480 4515 4509
f 3479 3480 4509
f 3479 4509 4510
f 3481 4515 3480
f 4499 3475 3477
f 4535 4515 3481
f 4535 3482 3483
f 4535 3481 3482
f 4534 4535 3483
f 4534 4537 4516
f 4512 4534 4516
f 3486 4534 3483
f 3868 4537 3486
f 4534 3486 4537
f 4537 3868 3867
f 4536 4537 3867
f 3867 4543 4536
f 3866 4542 3865
f 4543 3865 4542
f 4541 4542 3866
f 3865 4543 3867
f 4583 4581 4502
f 4480 3465 3471
f 4464 4575 4465
f 4465 4575 4584
f 4470 4465 4584
f 4470 4585 4495
f 4586 4495 4585
f 4470 4584 4585
f 4495 4586 4504
f 4575 4574 4573
f 4587 4504 4586
f 4520 4587 4583
f 4587 4520 4504
f 4583 4502 4520
f 3782 4530 3783
f 4530 3809 3783
f 4508 4530 3782
f 4531 3809 4530
f 3782 3781 4508
f 3624 4466 4473
f 3620 4473 4476
f 3580 3585 4475
f 4476 4475 3585
f 4475 3579 3580
f 4477 3579 4475
f 3588 4476 3585
f 3552 4496 3551
f 3780 3551 4496
f 4508 3780 4496
f 3579 4477 3546
f 3547 3546 4477
f 4477 4496 3547
f 3547 4496 3548
f 3548 4496 3552
f 4474 4496 4477
f 4508 3781 3780
f 4541 4538 4539
f 4538 3862 4550
f 4549 4538 4550
f 4558 4546 4560
f 3860 4548 4550
f 3864 4538 4541
f 3862 4538 3863
f 3860 4550 3861
f 4550 3862 3861
f 3859 4545 4544
f 3858 4545 3859
f 3859 4544 4548
f 4548 3860 3859
f 4546 4545 3858
f 3864 3863 4538
f 3864 4541 3866
f 3858 4560 4546
f 3812 4552 4553
f 4553 4554 4556
f 4561 3811 4532
f 4531 4533 3809
f 3810 3809 4533
f 4533 3811 3810
f 3811 4533 4532
f 4556 4555 3857
f 4559 3857 4555
f 3858 4559 4560
f 3858 3857 4559
f 3811 4561 3812
f 3812 4561 4552
f 3813 4556 3869
f 3857 3869 4556
f 4553 3813 3812
f 4556 3813 4553
f 4566 4329 4328
f 4588 4589 4586
f 4588 4590 4589
f 4589 4591 4586
f 4586 4585 4588
f 4592 4587 4586
f 4593 4592 4586
f 4586 4594 4593
f 4592 4593 4595
f 4591 4594 4586
f 4592 4596 4597
f 4592 4597 4598
f 4592 4595 4599
f 4592 4599 4596
f 4583 4587 4592
f 4598 4581 4583
f 4598 4597 4600
f 4598 4600 4601
f 4583 4592 4598
f 4602 4598 4603
f 4598 4601 4604
f 4598 4604 4603
f 4582 4581 4598
f 4602 4580 4582
f 4603 4605 4602
f 4602 4605 4606
f 4602 4606 4607
f 4582 4598 4602
f 4608 4602 4609
f 4602 4607 4610
f 4602 4610 4609
f 4576 4580 4602
f 4608 4572 4576
f 4609 4611 4608
f 4608 4611 4612
f 4608 4612 4613
f 4576 4602 4608
f 4608 4614 4573
f 4608 4613 4614
f 4614 4615 4573
f 4573 4572 4608
f 4616 4575 4573
f 4617 4616 4573
f 4573 4618 4617
f 4616 4617 4619
f 4615 4618 4573
f 4616 4620 4584
f 4616 4619 4620
f 4620 4621 4584
f 4584 4575 4616
f 4588 4585 4584
f 4622 4588 4584
f 4584 4623 4622
f 4588 4622 4590
f 4621 4623 4584
f 4593 4594 4624
f 4625 4594 4626
f 4626 4591 4589
f 4594 4591 4626
f 4627 4628 4626
f 4624 4595 4593
f 4596 4599 4624
f 4595 4624 4599
f 4596 4624 4629
f 4630 4627 4626
f 4624 4625 4631
f 4628 4625 4626
f 4625 4624 4594
f 4589 4630 4626
f 4622 4630 4590
f 4630 4589 4590
f 4623 4630 4622
f 4623 4621 4632
f 4621 4620 4633
f 4619 4633 4620
f 4623 4634 4630
f 4633 4635 4632
f 4621 4633 4632
f 4619 4617 4633
f 4618 4633 4617
f 4618 4636 4633
f 4637 4635 4633
f 4637 4633 4636
f 4634 4623 4632
f 4630 4634 4627
f 4631 4638 4624
f 4629 4600 4597
f 4629 4639 4640
f 4629 4624 4638
f 4629 4638 4639
f 4639 4641 4640
f 4640 4600 4629
f 4597 4596 4629
f 4604 4601 4640
f 4600 4640 4601
f 4603 4604 4640
f 4642 4605 4641
f 4605 4603 4641
f 4642 4606 4605
f 4643 4606 4642
f 4640 4641 4603
f 4611 4644 4645
f 4645 4644 4646
f 4614 4636 4615
f 4636 4618 4615
f 4613 4645 4614
f 4636 4614 4645
f 4645 4646 4636
f 4611 4647 4644
f 4646 4637 4636
f 4643 4610 4606
f 4607 4606 4610
f 4647 4609 4610
f 4612 4645 4613
f 4611 4645 4612
f 4647 4611 4609
f 4643 4647 4610
f 4648 4638 4631
f 4641 4639 4649
f 4641 4649 4650
f 4649 4639 4638
f 4649 4638 4281
f 4638 4648 4281
f 4642 4641 4650
f 4642 4650 4651
f 4263 4650 4649
f 4647 4643 4652
f 4647 4652 4653
f 4654 4655 4646
f 4654 4646 4644
f 4644 4647 4653
f 4644 4653 4654
f 4260 4652 4651
f 4643 4642 4651
f 4643 4651 4652
f 4265 4654 4653
f 4272 4653 4652
f 4262 4651 4650
f 4263 4649 4264
f 4262 4650 4261
f 4263 4261 4650
f 4281 4648 4282
f 4280 4649 4281
f 4282 4648 4285
f 4264 4649 4280
f 4260 4651 4259
f 4258 4272 4652
f 4652 4260 4258
f 4259 4651 4262
f 4268 4653 4272
f 4266 4654 4265
f 4267 4654 4266
f 4268 4265 4653
f 4267 4271 4655
f 4655 4654 4267
f 4655 4656 4637
f 4655 4637 4646
f 4635 4637 4656
f 4635 4656 4657
f 4634 4632 4658
f 4634 4658 4659
f 4632 4635 4657
f 4632 4657 4658
f 4274 4657 4656
f 4276 4659 4658
f 4275 4658 4657
f 4659 4660 4627
f 4659 4627 4634
f 4656 4655 4270
f 4628 4627 4660
f 4628 4660 4661
f 4631 4625 4662
f 4631 4662 4648
f 4625 4628 4661
f 4625 4661 4662
f 4289 4661 4660
f 4287 4648 4662
f 4283 4662 4661
f 4279 4660 4659
f 4269 4274 4656
f 4274 4273 4657
f 4656 4270 4269
f 4275 4657 4273
f 4277 4658 4275
f 4277 4276 4658
f 4271 4270 4655
f 4661 4284 4283
f 4662 4283 4286
f 4661 4289 4284
f 4279 4659 4278
f 4659 4276 4278
f 4288 4660 4279
f 4289 4660 4288
f 4662 4286 4287
f 4287 4285 4648
f 4663 4664 4578
f 4663 4665 4664
f 4664 4666 4578
f 4578 4570 4663
f 4667 4577 4578
f 4668 4667 4578
f 4578 4669 4668
f 4667 4668 4670
f 4666 4669 4578
f 4671 4667 4672
f 4667 4670 4673
f 4667 4673 4672
f 4579 4577 4667
f 4671 4571 4579
f 4672 4674 4671
f 4671 4674 4675
f 4671 4675 4676
f 4579 4667 4671
f 4671 4677 4678
f 4671 4678 4679
f 4671 4676 4680
f 4671 4680 4677
f 4567 4571 4671
f 4679 4562 4567
f 4679 4678 4681
f 4679 4681 4682
f 4567 4671 4679
f 4679 4683 4684
f 4679 4684 4685
f 4679 4682 4686
f 4679 4686 4683
f 4563 4562 4679
f 4685 4564 4563
f 4685 4684 4687
f 4685 4687 4688
f 4563 4679 4685
f 4685 4689 4565
f 4685 4688 4689
f 4689 4690 4565
f 4565 4564 4685
f 4691 4568 4565
f 4692 4691 4565
f 4565 4693 4692
f 4691 4692 4694
f 4690 4693 4565
f 4691 4695 4569
f 4691 4694 4695
f 4695 4696 4569
f 4569 4568 4691
f 4663 4570 4569
f 4697 4663 4569
f 4569 4698 4697
f 4663 4697 4665
f 4696 4698 4569
f 4668 4669 4699
f 4700 4669 4701
f 4701 4666 4664
f 4669 4666 4701
f 4702 4703 4701
f 4699 4670 4668
f 4672 4673 4699
f 4670 4699 4673
f 4672 4699 4704
f 4705 4702 4701
f 4699 4700 4706
f 4703 4700 4701
f 4700 4699 4669
f 4664 4705 4701
f 4697 4705 4665
f 4705 4664 4665
f 4698 4705 4697
f 4698 4696 4707
f 4696 4695 4708
f 4694 4708 4695
f 4698 4709 4705
f 4708 4710 4707
f 4696 4708 4707
f 4694 4692 4708
f 4693 4708 4692
f 4693 4711 4708
f 4712 4710 4708
f 4712 4708 4711
f 4709 4698 4707
f 4705 4709 4702
f 4706 4713 4699
f 4704 4675 4674
f 4704 4714 4715
f 4704 4699 4713
f 4704 4713 4714
f 4714 4716 4715
f 4715 4675 4704
f 4674 4672 4704
f 4680 4676 4715
f 4675 4715 4676
f 4677 4680 4715
f 4717 4678 4716
f 4678 4677 4716
f 4717 4681 4678
f 4718 4681 4717
f 4715 4716 4677
f 4684 4719 4720
f 4720 4719 4721
f 4689 4711 4690
f 4711 4693 4690
f 4688 4720 4689
f 4711 4689 4720
f 4720 4721 4711
f 4684 4722 4719
f 4721 4712 4711
f 4718 4686 4681
f 4682 4681 4686
f 4722 4683 4686
f 4687 4720 4688
f 4684 4720 4687
f 4722 4684 4683
f 4718 4722 4686
f 4713 4706 4240
f 4714 4713 4238
f 4231 4717 4716
f 4229 4717 4231
f 4233 4716 4714
f 4232 4231 4716
f 4228 4718 4230
f 4722 4718 4234
f 4717 4229 4230
f 4722 4226 4719
f 4721 4719 4236
f 4718 4717 4230
f 4714 4238 4235
f 4714 4235 4233
f 4241 4240 4706
f 4239 4713 4240
f 4713 4239 4238
f 4718 4228 4234
f 4722 4237 4226
f 4719 4225 4236
f 4225 4719 4226
f 4237 4722 4234
f 4232 4716 4233
f 4236 4244 4721
f 4246 4712 4245
f 4710 4712 4247
f 4721 4244 4245
f 4710 4249 4707
f 4707 4257 4709
f 4712 4721 4245
f 4703 4702 4255
f 4700 4703 4251
f 4241 4706 4242
f 4700 4242 4706
f 4254 4702 4709
f 4242 4700 4243
f 4707 4250 4257
f 4247 4248 4710
f 4248 4249 4710
f 4249 4250 4707
f 4247 4712 4246
f 4252 4703 4255
f 4255 4702 4253
f 4254 4709 4256
f 4256 4709 4257
f 4254 4253 4702
f 4703 4252 4251
f 4251 4243 4700
f 4723 4724 4725
f 4726 4723 4727
f 4724 4723 4726
f 4725 4724 4728
f 4725 4728 4729
f 4730 4731 4732
f 4730 4732 4733
f 4734 4735 4731
f 4734 4731 4730
f 4736 4737 4732
f 4729 4736 4725
f 4737 4736 4729
f 4735 4738 4739
f 4735 4739 4731
f 4731 4739 4736
f 4731 4736 4732
f 4739 4723 4725
f 4739 4725 4736
f 4738 4727 4723
f 4738 4723 4739
f 4738 4740 4727
f 4741 4738 4735
f 4740 4738 4741
f 4742 4743 4740
f 4742 4740 4741
f 4744 4745 4746
f 4744 4746 4747
f 4747 4746 4748
f 4747 4748 4743
f 4749 4750 4751
f 4749 4751 4752
f 4752 4751 4753
f 4752 4753 4754
f 4751 4755 4756
f 4751 4756 4753
f 4750 4757 4755
f 4750 4755 4751
f 4758 4753 4756
f 4753 4744 4754
f 4744 4758 4745
f 4758 4744 4753
f 4756 4759 4760
f 4756 4760 4758
f 4758 4760 4761
f 4758 4761 4745
f 4757 4762 4763
f 4757 4763 4755
f 4755 4763 4759
f 4755 4759 4756
f 4764 4765 4766
f 4764 4766 4767
f 4768 4769 4765
f 4768 4765 4764
f 4766 4754 4744
f 4766 4744 4770
f 4765 4771 4752
f 4752 4771 4749
f 4771 4765 4769
f 4765 4752 4754
f 4765 4754 4766
f 4772 4773 4774
f 4775 4772 4776
f 4773 4772 4775
f 4776 4772 4777
f 4776 4777 4778
f 4778 4777 4750
f 4778 4750 4749
f 4777 4779 4757
f 4777 4757 4750
f 4772 4774 4779
f 4772 4779 4777
f 4774 4780 4781
f 4774 4781 4779
f 4779 4781 4762
f 4779 4762 4757
f 4782 4783 4769
f 4782 4769 4768
f 4784 4785 4783
f 4784 4783 4782
f 4785 4786 4787
f 4785 4787 4783
f 4783 4787 4771
f 4783 4771 4769
f 4787 4778 4749
f 4787 4749 4771
f 4786 4776 4778
f 4786 4778 4787
f 4786 4775 4776
f 4788 4786 4785
f 4775 4786 4788
f 4789 4790 4791
f 4789 4791 4792
f 4793 4794 4790
f 4793 4790 4789
f 4795 4796 4794
f 4795 4794 4793
f 4797 4798 4796
f 4797 4796 4795
f 4799 4800 4801
f 4799 4801 4802
f 4802 4801 4803
f 4802 4803 4804
f 4805 4806 4807
f 4805 4807 4808
f 4809 4810 4806
f 4809 4806 4805
f 4807 4802 4804
f 4807 4804 4811
f 4806 4802 4807
f 4799 4806 4810
f 4802 4806 4799
f 4812 4813 4814
f 4812 4814 4815
f 4815 4814 4800
f 4815 4800 4799
f 4816 4815 4799
f 4816 4799 4810
f 4817 4812 4815
f 4817 4815 4816
f 4818 4819 4820
f 4818 4820 4821
f 4821 4820 4813
f 4821 4813 4812
f 4822 4821 4812
f 4822 4812 4817
f 4823 4818 4821
f 4823 4821 4822
f 4824 4825 4819
f 4824 4819 4818
f 4826 4824 4818
f 4826 4818 4823
f 4827 4828 4829
f 4830 4831 4828
f 4832 4833 4834
f 4832 4834 4835
f 4836 4837 4838
f 4836 4838 4839
f 4837 4832 4835
f 4837 4835 4838
f 4834 4833 4831
f 4840 4841 4842
f 4840 4842 4843
f 4844 4840 4843
f 4844 4843 4845
f 4846 4847 4848
f 4846 4848 4849
f 4850 4851 4852
f 4850 4852 4853
f 4853 4846 4849
f 4853 4849 4850
f 4847 4844 4845
f 4847 4845 4848
f 4841 4836 4839
f 4841 4839 4842
f 4827 4830 4828
f 4830 4834 4831
f 4830 4854 4855
f 4830 4855 4834
f 4856 4830 4827
f 4838 4835 4857
f 4838 4857 4858
f 4842 4839 4859
f 4842 4859 4860
f 4839 4838 4858
f 4839 4858 4859
f 4835 4834 4855
f 4835 4855 4857
f 4861 4852 4851
f 4861 4851 4862
f 4863 4861 4862
f 4863 4862 4864
f 4848 4845 4865
f 4848 4865 4866
f 4850 4849 4867
f 4850 4867 4868
f 4849 4848 4866
f 4849 4866 4867
f 4869 4863 4864
f 4869 4864 4870
f 4845 4843 4871
f 4845 4871 4865
f 4843 4842 4860
f 4843 4860 4871
f 4728 4872 4873
f 4874 4872 4728
f 4874 4728 4724
f 4875 4876 4726
f 4875 4726 4748
f 4761 4877 4878
f 4878 4875 4748
f 4878 4748 4746
f 4876 4874 4724
f 4876 4724 4726
f 4879 4880 4760
f 4879 4760 4759
f 4881 4882 4763
f 4881 4763 4762
f 4882 4879 4759
f 4882 4759 4763
f 4883 4884 4781
f 4883 4781 4780
f 4773 4885 4886
f 4780 4886 4883
f 4884 4881 4762
f 4884 4762 4781
f 4880 4877 4761
f 4880 4761 4760
f 4761 4878 4746
f 4887 4728 4873
f 4761 4746 4745
f 4726 4727 4740
f 4726 4740 4748
f 4780 4774 4773
f 4773 4886 4780
f 4773 4775 4885
f 4873 4869 4870
f 4873 4870 4887
f 4888 4889 4830
f 4888 4830 4856
f 4868 4890 4851
f 4868 4851 4850
f 4889 4854 4830
f 4864 4862 4891
f 4864 4891 4892
f 4887 4870 4893
f 4887 4893 4894
f 4870 4864 4892
f 4870 4892 4893
f 4887 4737 4729
f 4737 4733 4732
f 4737 4887 4894
f 4729 4728 4887
f 4862 4851 4890
f 4862 4890 4891
f 4737 4895 4733
f 4733 4895 4896
f 4895 4737 4894
f 4896 4897 4730
f 4896 4730 4733
f 4748 4740 4743
f 4741 4734 4898
f 4735 4734 4741
f 4897 4734 4730
f 4747 4742 4770
f 4743 4742 4747
f 4744 4747 4770
f 4770 4742 4899
f 4770 4899 4900
f 4766 4770 4767
f 4901 4775 4788
f 4742 4741 4902
f 4742 4902 4899
f 4788 4785 4784
f 4898 4734 4897
f 4767 4770 4900
f 4767 4900 4903
f 4902 4741 4898
f 4903 4764 4767
f 4768 4903 4904
f 4764 4903 4768
f 4782 4768 4904
f 4782 4904 4905
f 4784 4782 4905
f 4784 4905 4906
f 4784 4906 4907
f 4907 4788 4784
f 4901 4788 4907
f 4908 4909 4885
f 4908 4885 4775
f 4910 4909 4908
f 4910 4908 4911
f 4912 4910 4911
f 4912 4911 4913
f 4914 4915 4916
f 4914 4916 4917
f 4918 4919 4920
f 4918 4920 4921
f 4919 4914 4917
f 4919 4917 4920
f 4915 4912 4913
f 4915 4913 4916
f 4922 4923 4924
f 4922 4924 4925
f 4926 4927 4928
f 4926 4928 4929
f 4927 4922 4925
f 4927 4925 4928
f 4930 4931 4932
f 4930 4932 4933
f 4934 4935 4936
f 4934 4936 4937
f 4935 4930 4933
f 4935 4933 4936
f 4931 4926 4929
f 4931 4929 4932
f 4923 4918 4921
f 4923 4921 4924
f 4911 4908 4938
f 4911 4938 4939
f 4913 4911 4939
f 4913 4939 4940
f 4917 4916 4941
f 4917 4941 4942
f 4921 4920 4943
f 4921 4943 4944
f 4920 4917 4942
f 4920 4942 4943
f 4916 4913 4940
f 4916 4940 4941
f 4925 4924 4945
f 4925 4945 4946
f 4929 4928 4947
f 4929 4947 4948
f 4928 4925 4946
f 4928 4946 4947
f 4933 4932 4949
f 4933 4949 4950
f 4937 4936 4951
f 4937 4951 4952
f 4936 4933 4950
f 4936 4950 4951
f 4932 4929 4948
f 4932 4948 4949
f 4924 4921 4944
f 4924 4944 4945
f 4937 4953 4954
f 4937 4954 4934
f 4775 4901 4938
f 4775 4938 4908
f 4955 4954 4953
f 4955 4953 4956
f 4957 4955 4956
f 4957 4956 4958
f 4959 4791 4960
f 4959 4960 4961
f 4960 4790 4794
f 4960 4794 4962
f 4961 4957 4958
f 4961 4958 4959
f 4803 4963 4964
f 4965 4966 4801
f 4965 4801 4800
f 4966 4963 4803
f 4966 4803 4801
f 4967 4968 4814
f 4967 4814 4813
f 4969 4970 4820
f 4969 4820 4819
f 4970 4967 4813
f 4970 4813 4820
f 4968 4965 4800
f 4968 4800 4814
f 4964 4971 4798
f 4964 4804 4803
f 4956 4953 4972
f 4956 4972 4973
f 4959 4958 4974
f 4959 4974 4975
f 4958 4956 4973
f 4958 4973 4974
f 4962 4794 4796
f 4962 4796 4971
f 4825 4976 1791
f 4825 1791 4977
f 4977 4969 4819
f 4977 4819 4825
f 4976 4825 4824
f 4953 4937 4952
f 4953 4952 4972
f 4960 4791 4790
f 4792 4959 4975
f 4789 4792 4978
f 4789 4978 4979
f 4793 4789 4979
f 4793 4979 4980
f 4980 4981 4795
f 4980 4795 4793
f 4959 4792 4791
f 4792 4975 4978
f 4964 4798 4804
f 4798 4982 4804
f 4982 4811 4804
f 4797 4982 4798
f 4811 4808 4807
f 4797 4795 4981
f 4797 4981 4983
f 4811 4984 4808
f 4976 4824 4985
f 4985 4824 4826
f 4817 4816 4986
f 4817 4986 4987
f 4823 4822 4988
f 4823 4988 4989
f 4822 4817 4987
f 4822 4987 4988
f 4985 4826 4990
f 4985 4990 4991
f 4816 4810 4809
f 4826 4823 4989
f 4826 4989 4990
f 4992 4993 4805
f 4992 4805 4808
f 4983 4982 4797
f 4984 4811 4982
f 4984 4992 4808
f 4993 4994 4809
f 4993 4809 4805
f 4986 4809 4994
f 4816 4809 4986
f 4798 4971 4796
f 4976 4995 1793
f 4976 1793 1791
f 4991 4996 4997
f 4991 4997 4985
f 4985 4997 4995
f 4985 4995 4976
f 4995 4998 1793
f 4997 4998 4995
f 4996 4999 4997
f 4998 4997 4999
f 4999 5000 5001
f 4999 5001 4998
f 4827 4829 5001
f 4856 4827 5001
f 4888 4856 5000
f 5001 5000 4856
f 5002 5003 5004
f 5002 5004 5005
f 5005 5004 5006
f 5005 5006 5007
f 5008 5009 5010
f 5008 5010 5011
f 5009 5007 5012
f 5009 5012 5010
f 5005 5007 5009
f 5009 5008 5013
f 5013 5002 5005
f 5005 5009 5013
f 5014 5015 5013
f 5008 5016 5014
f 5013 5008 5014
f 5017 5018 5019
f 5013 5015 5017
f 5019 5013 5017
f 5020 5015 5014
f 5020 5014 5021
f 5021 5014 5016
f 5021 5016 5022
f 5023 5021 5022
f 5023 5022 5024
f 5025 5026 5027
f 5026 5028 5029
f 5026 5029 5027
f 5027 5029 5018
f 5030 5023 5024
f 5030 5024 5031
f 5032 5033 5034
f 5034 5033 5035
f 5036 5025 5034
f 5035 5036 5034
f 5037 5038 5039
f 5037 5039 5040
f 5040 5039 5041
f 5040 5041 5042
f 5043 5035 5033
f 5043 5033 5044
f 5045 5044 5037
f 5045 5037 5046
f 5047 5048 5043
f 5044 5045 5047
f 5043 5044 5047
f 5049 5050 5051
f 5043 5048 5049
f 5051 5043 5049
f 5052 5050 5049
f 5053 5054 5055
f 5056 5057 5053
f 5055 5056 5053
f 5058 5059 5060
f 5061 5054 5058
f 5060 5061 5058
f 5062 5055 5054
f 5062 5054 5061
f 5063 5062 5061
f 5063 5061 5064
f 5065 5066 5067
f 5065 5067 5068
f 5066 5069 5070
f 5012 4969 4977
f 4970 5006 4967
f 4969 5012 4970
f 4970 5012 5007
f 5012 4977 1791
f 5010 1793 4998
f 1791 1793 5010
f 5011 5010 4998
f 5012 1791 5010
f 5011 4998 5001
f 5004 4965 4968
f 4967 5006 4968
f 4966 4965 5004
f 5003 4963 4966
f 4968 5006 5004
f 4964 5003 5002
f 4966 5004 5003
f 5007 5006 4970
f 4964 4963 5003
f 5008 5011 5016
f 5016 5001 4829
f 5022 5016 4828
f 4829 4828 5016
f 4831 5022 4828
f 5024 4831 4833
f 4833 5031 5024
f 4833 4832 5031
f 5022 4831 5024
f 5030 5031 4832
f 5020 5021 5071
f 5023 5071 5021
f 5072 5015 5020
f 5073 5020 5071
f 5074 5075 5030
f 5076 5023 5030
f 5076 5030 5075
f 5030 4837 5074
f 4836 5041 4837
f 5071 5023 5076
f 4832 4837 5030
f 5001 5016 5011
f 5019 5002 5013
f 5002 5019 4971
f 4964 5002 4971
f 5018 5029 5019
f 5019 4962 4971
f 5018 5017 5077
f 5015 5072 5017
f 5027 5018 5078
f 5018 5077 5078
f 5079 5027 5080
f 5017 5072 5077
f 5020 5073 5072
f 5027 5078 5080
f 4962 5019 4960
f 5019 5029 4961
f 5019 4961 4960
f 5028 4957 4961
f 5028 4961 5029
f 4955 5028 5026
f 4955 5026 4954
f 5025 4954 5026
f 5036 4954 5025
f 5079 5025 5027
f 4957 5028 4955
f 5041 5081 5074
f 5082 5032 5083
f 5081 5039 5084
f 5038 5085 5084
f 5039 5038 5084
f 5032 5082 5085
f 5041 5039 5081
f 5041 5074 4837
f 5085 5038 5032
f 5034 5086 5083
f 4935 4934 5035
f 4934 5036 5035
f 4954 5036 4934
f 5034 5025 5086
f 5044 5033 5032
f 4930 5051 4931
f 4931 5051 4926
f 5043 4930 5035
f 4935 5035 4930
f 5034 5083 5032
f 5038 5044 5032
f 5086 5025 5079
f 5041 4836 5042
f 5040 5042 4841
f 4836 4841 5042
f 5040 5046 5037
f 5038 5037 5044
f 4841 4840 5040
f 5046 4840 4844
f 5045 5046 4847
f 4844 4847 5046
f 5045 4847 5087
f 4840 5046 5040
f 5088 5048 5089
f 5047 5089 5048
f 5048 5090 5049
f 5090 5048 5088
f 5045 5091 5047
f 5049 5090 5092
f 5047 5091 5089
f 5091 5045 5093
f 5092 5052 5049
f 5045 5087 5093
f 4853 5094 5087
f 4847 4846 5087
f 5087 5094 5095
f 5094 4853 5096
f 4846 4853 5087
f 5096 4852 5097
f 4861 5098 5097
f 4852 4861 5097
f 4863 5060 4861
f 4853 4852 5096
f 5059 5099 5098
f 5100 5053 5101
f 5100 5099 5058
f 5098 4861 5059
f 5059 4861 5060
f 4869 5061 5060
f 5061 4869 4873
f 5058 5054 5100
f 5099 5059 5058
f 5060 4863 4869
f 5064 4873 4872
f 5087 5095 5093
f 5102 5052 5092
f 4927 5051 5050
f 5050 5052 4922
f 4927 5050 4922
f 5057 5052 5102
f 5052 5057 5056
f 4926 5051 4927
f 5057 5103 5053
f 5053 5103 5101
f 5054 5053 5100
f 4873 5064 5061
f 5103 5057 5102
f 4922 5052 4923
f 5056 4923 5052
f 4923 5056 4918
f 4919 4918 5056
f 4919 5056 5055
f 4915 4914 5055
f 5062 4915 5055
f 4919 5055 4914
f 4915 5062 4912
f 4910 4912 5062
f 5063 4910 5062
f 5070 4874 4876
f 5067 5070 4875
f 4876 4875 5070
f 4878 5067 4875
f 5070 5067 5066
f 5064 5070 5063
f 5067 4877 5068
f 4879 5068 4880
f 4877 4880 5068
f 4878 4877 5067
f 4879 5065 5068
f 4909 5063 5069
f 5070 5069 5063
f 4909 5069 4885
f 4886 4885 5069
f 4886 5069 5066
f 4910 5063 4909
f 5065 4881 5066
f 4879 4882 5065
f 4882 4881 5065
f 4883 5066 4884
f 4881 4884 5066
f 4886 5066 4883
f 4874 5070 5064
f 4872 4874 5064
f 4930 5043 5051
f 5104 5105 5106
f 5104 5106 5107
f 5108 5109 5110
f 5108 5110 5111
f 5112 5108 5111
f 5112 5111 5105
f 5113 5104 5114
f 5104 5112 5105
f 5112 5113 5115
f 5113 5112 5104
f 5116 5117 5118
f 5119 5120 5118
f 5119 5118 5117
f 5118 5113 5116
f 5115 5118 5120
f 5113 5118 5115
f 5121 5122 5123
f 5121 5123 5124
f 5125 5108 5112
f 5126 5112 5115
f 5125 5126 5127
f 5112 5126 5125
f 5128 5129 5120
f 5128 5120 5119
f 5129 5115 5120
f 5126 5129 5130
f 5115 5129 5126
f 5131 5125 5132
f 5133 5134 5135
f 5134 5125 5127
f 5125 5133 5132
f 5133 5125 5134
f 5136 5137 5138
f 5136 5138 5139
f 5139 5138 5140
f 5139 5140 5141
f 5139 5142 5136
f 5143 5139 5141
f 5142 5139 5143
f 5144 5142 5143
f 5144 5143 5145
f 5146 5131 5132
f 5147 5146 5148
f 5131 5146 5147
f 5149 5146 5132
f 5149 5132 5133
f 5150 5151 5152
f 5150 5152 5153
f 5153 5152 5137
f 5153 5137 5136
f 5153 5154 5150
f 5142 5153 5136
f 5154 5153 5142
f 5155 5154 5142
f 5155 5142 5144
f 5156 5157 5158
f 5150 5156 5151
f 5157 5156 5150
f 5156 5159 5160
f 5156 5160 5151
f 5161 5162 5154
f 5161 5154 5155
f 4871 4860 5123
f 4859 5124 4860
f 5123 4865 4871
f 5163 4867 4866
f 4866 4865 5163
f 5123 5163 4865
f 5163 5164 4868
f 5123 4860 5124
f 5165 4857 5110
f 4854 5110 4855
f 4857 4855 5110
f 5166 4858 4857
f 5166 5167 5124
f 5124 5167 5121
f 5168 5165 5109
f 5166 4857 5165
f 5110 5109 5165
f 5124 4858 5166
f 5124 4859 4858
f 4868 5164 4890
f 5143 4894 4893
f 5143 4893 4892
f 5141 4895 4894
f 5140 4897 4896
f 5140 4895 5141
f 5141 4894 5143
f 5140 4898 4897
f 5140 4896 4895
f 5145 5143 4892
f 5164 5169 5170
f 5164 4892 4891
f 5163 5123 5122
f 5171 5163 5122
f 5121 5172 5122
f 5163 4868 4867
f 4890 5164 4891
f 5164 5170 5145
f 5171 5122 5172
f 5169 5163 5171
f 5173 5172 5121
f 5169 5164 5163
f 5164 5145 4892
f 5167 5174 5121
f 4888 5000 5111
f 5000 4999 5106
f 5111 4889 4888
f 5000 5106 5111
f 4889 5111 5110
f 5111 5106 5105
f 5106 4999 5107
f 4889 5110 4854
f 4996 5107 4999
f 5107 4991 4990
f 4988 5114 4989
f 4989 5114 4990
f 4991 5107 4996
f 5107 4990 5114
f 4988 4987 5116
f 5113 5114 5116
f 4986 5116 4987
f 5114 4988 5116
f 5104 5107 5114
f 5131 5175 5108
f 5175 5168 5108
f 4983 5134 4982
f 5127 4982 5134
f 5135 5134 4983
f 5131 5108 5125
f 5130 5127 5126
f 4982 5127 5130
f 4994 5119 5117
f 4986 4994 5117
f 4993 5119 4994
f 4993 4992 5119
f 4986 5117 5116
f 5128 5130 5129
f 4984 5128 4992
f 5128 5119 4992
f 5130 5128 4984
f 4984 4982 5130
f 5109 5108 5168
f 5170 5176 5145
f 5138 4902 4898
f 5138 4898 5140
f 5137 4899 5138
f 4902 5138 4899
f 5160 4903 4900
f 5152 4900 5137
f 4904 4903 5160
f 5160 4900 5152
f 4899 5137 4900
f 5155 5144 5177
f 5144 5145 5176
f 5144 5176 5177
f 5178 5161 5155
f 5150 5154 5157
f 5177 5178 5155
f 5151 5160 5152
f 5159 4904 5160
f 4906 4905 5159
f 4904 5159 4905
f 5158 4906 5156
f 5159 5156 4906
f 5157 4907 5158
f 4906 5158 4907
f 4938 4901 5157
f 4907 5157 4901
f 5162 4938 5157
f 5162 5157 5154
f 4940 5162 5161
f 4938 5162 4939
f 5178 5179 5161
f 4942 5161 4943
f 5180 5181 5179
f 5162 4940 4939
f 5161 4942 4941
f 5181 4943 5161
f 4943 5181 4944
f 5161 4941 4940
f 5181 5161 5179
f 5121 5182 5173
f 5131 5147 5183
f 5183 5175 5131
f 5174 5184 5121
f 5184 5185 5182
f 5186 5173 5182
f 4973 5187 5147
f 5188 5182 5185
f 5184 5182 5121
f 5187 5183 5147
f 5149 5133 4980
f 4981 4980 5135
f 5133 5135 4980
f 4983 4981 5135
f 5148 5146 4978
f 5147 5148 4974
f 4979 4978 5149
f 4978 5146 5149
f 4980 4979 5149
f 4975 5148 4978
f 5187 4972 5189
f 5190 5191 5188
f 5185 5192 5188
f 5191 5186 5188
f 5190 5181 5191
f 5181 5190 4946
f 4948 4947 5190
f 4946 5190 4947
f 5188 4948 5190
f 4945 5181 4946
f 4945 4944 5181
f 4949 4948 5188
f 5193 5189 4972
f 5193 5188 5192
f 5148 4975 4974
f 4974 4973 5147
f 5187 4973 4972
f 5192 5189 5193
f 5193 4951 5188
f 4972 4952 5193
f 4952 4951 5193
f 4951 4950 5188
f 4950 4949 5188
f 5188 5186 5182
f 5180 5191 5181
f 5099 5194 5195
f 5103 5196 5197
f 5101 5197 5194
f 5102 5198 5199
f 5088 5200 5201
f 5090 5201 5198
f 5102 5199 5196
f 5197 5101 5103
f 5101 5194 5100
f 5099 5100 5194
f 5202 5200 5089
f 5201 5090 5088
f 5198 5102 5092
f 5092 5090 5198
f 5196 5103 5102
f 5089 5200 5088
f 5093 5203 5204
f 5094 5205 5206
f 5095 5206 5203
f 5097 5207 5208
f 5099 5195 5209
f 5098 5209 5207
f 5094 5208 5205
f 5204 5089 5091
f 5203 5093 5095
f 5093 5204 5091
f 5096 5208 5094
f 5097 5098 5207
f 5208 5096 5097
f 5094 5206 5095
f 5098 5099 5209
f 5202 5089 5204
f 5176 5210 5211
f 5210 5212 5213
f 5210 5213 5211
f 5176 5170 5210
f 5214 5177 5176
f 5215 5214 5176
f 5214 5215 5216
f 5214 5216 5217
f 5211 5215 5176
f 5178 5214 5218
f 5214 5217 5219
f 5214 5219 5218
f 5178 5177 5214
f 5220 5179 5178
f 5221 5220 5178
f 5220 5221 5222
f 5220 5222 5223
f 5218 5221 5178
f 5220 5224 5180
f 5220 5223 5224
f 5224 5225 5180
f 5180 5179 5220
f 5226 5191 5180
f 5227 5226 5180
f 5180 5228 5227
f 5226 5227 5229
f 5225 5228 5180
f 5226 5230 5186
f 5226 5229 5230
f 5230 5231 5186
f 5186 5191 5226
f 5232 5173 5186
f 5233 5232 5186
f 5186 5234 5233
f 5232 5233 5235
f 5231 5234 5186
f 5172 5232 5236
f 5232 5235 5237
f 5232 5237 5236
f 5172 5173 5232
f 5238 5171 5172
f 5239 5238 5172
f 5238 5239 5240
f 5238 5240 5241
f 5236 5239 5172
f 5169 5238 5242
f 5238 5241 5243
f 5238 5243 5242
f 5169 5171 5238
f 5210 5170 5169
f 5244 5210 5169
f 5210 5244 5245
f 5210 5245 5212
f 5242 5244 5169
f 5246 5217 5216
f 5219 5217 5246
f 5215 5246 5216
f 5215 5211 5209
f 5213 5207 5211
f 5246 5215 5209
f 5247 5218 5219
f 5247 5219 5246
f 5247 5246 5194
f 5195 5246 5209
f 5194 5197 5247
f 5195 5194 5246
f 5247 5221 5218
f 5209 5211 5207
f 5212 5245 5213
f 5207 5213 5245
f 5208 5245 5244
f 5205 5244 5242
f 5243 5241 5248
f 5243 5248 5242
f 5208 5207 5245
f 5248 5206 5205
f 5242 5248 5205
f 5241 5240 5248
f 5239 5248 5240
f 5249 5248 5239
f 5203 5248 5249
f 5203 5206 5248
f 5208 5244 5205
f 5250 5222 5221
f 5250 5221 5247
f 5223 5222 5250
f 5196 5250 5247
f 5250 5196 5199
f 5198 5201 5251
f 5252 5199 5198
f 5225 5250 5199
f 5199 5252 5225
f 5224 5250 5225
f 5227 5228 5252
f 5225 5252 5228
f 5198 5251 5252
f 5227 5252 5251
f 5223 5250 5224
f 5229 5227 5251
f 5253 5200 5202
f 5249 5202 5204
f 5237 5249 5236
f 5249 5239 5236
f 5235 5253 5237
f 5249 5237 5253
f 5253 5202 5249
f 5253 5234 5200
f 5204 5203 5249
f 5231 5230 5251
f 5229 5251 5230
f 5254 5231 5251
f 5235 5233 5253
f 5231 5254 5234
f 5253 5233 5234
f 5254 5200 5234
f 5254 5251 5200
f 5251 5201 5200
f 5247 5197 5196
f 5255 5256 5257
f 5255 5257 5258
f 5259 5255 5258
f 5259 5258 5260
f 5085 5258 5257
f 5083 5260 5258
f 5260 5261 5262
f 5260 5262 5259
f 5263 5262 5261
f 5263 5261 5264
f 5265 5266 5267
f 5265 5267 5268
f 5269 5265 5268
f 5269 5268 5270
f 5266 5263 5264
f 5266 5264 5267
f 5270 5271 5272
f 5270 5272 5269
f 5261 5086 5079
f 5260 5083 5086
f 5264 5261 5079
f 5258 5085 5082
f 5082 5083 5258
f 5260 5086 5261
f 5078 5268 5267
f 5077 5270 5268
f 5080 5267 5079
f 5268 5078 5077
f 5080 5078 5267
f 5072 5270 5077
f 5264 5079 5267
f 5273 5274 5275
f 5273 5275 5276
f 5276 5277 5278
f 5276 5278 5273
f 5072 5275 5271
f 5274 5272 5271
f 5274 5271 5275
f 5071 5276 5275
f 5279 5280 5281
f 5279 5281 5282
f 5075 5279 5277
f 5282 5278 5277
f 5282 5277 5279
f 5283 5284 5285
f 5283 5285 5286
f 5284 5281 5280
f 5284 5280 5285
f 5256 5283 5286
f 5256 5286 5257
f 5076 5277 5276
f 5072 5073 5275
f 5280 5279 5075
f 5073 5071 5275
f 5076 5276 5071
f 5075 5277 5076
f 5075 5074 5280
f 5084 5286 5285
f 5085 5257 5286
f 5074 5081 5280
f 5285 5081 5084
f 5286 5084 5085
f 5285 5280 5081
f 5270 5072 5271
f 5166 5287 5288
f 5287 5289 5290
f 5287 5290 5288
f 5166 5165 5287
f 5291 5167 5166
f 5292 5291 5166
f 5291 5292 5293
f 5291 5293 5294
f 5288 5292 5166
f 5291 5295 5174
f 5291 5294 5295
f 5295 5296 5174
f 5174 5167 5291
f 5297 5184 5174
f 5298 5297 5174
f 5174 5299 5298
f 5297 5298 5300
f 5296 5299 5174
f 5185 5297 5301
f 5297 5300 5302
f 5297 5302 5301
f 5185 5184 5297
f 5303 5192 5185
f 5304 5303 5185
f 5303 5304 5305
f 5303 5305 5306
f 5301 5304 5185
f 5303 5307 5189
f 5303 5306 5307
f 5307 5308 5189
f 5189 5192 5303
f 5309 5187 5189
f 5310 5309 5189
f 5189 5311 5310
f 5309 5310 5312
f 5308 5311 5189
f 5183 5309 5313
f 5309 5312 5314
f 5309 5314 5313
f 5183 5187 5309
f 5315 5175 5183
f 5316 5315 5183
f 5315 5316 5317
f 5315 5317 5318
f 5313 5316 5183
f 5315 5319 5168
f 5315 5318 5319
f 5319 5320 5168
f 5168 5175 5315
f 5287 5165 5168
f 5321 5287 5168
f 5168 5322 5321
f 5287 5321 5289
f 5320 5322 5168
f 5310 5311 5323
f 5311 5308 5266
f 5324 5307 5306
f 5307 5324 5308
f 5308 5324 5266
f 5324 5306 5305
f 5323 5312 5310
f 5313 5314 5323
f 5312 5323 5314
f 5323 5325 5313
f 5266 5324 5263
f 5323 5265 5269
f 5265 5323 5266
f 5323 5311 5266
f 5263 5324 5262
f 5326 5305 5304
f 5262 5324 5326
f 5326 5324 5305
f 5304 5301 5326
f 5327 5326 5301
f 5327 5301 5302
f 5300 5327 5302
f 5326 5259 5262
f 5327 5256 5255
f 5327 5255 5259
f 5300 5298 5327
f 5299 5327 5298
f 5283 5256 5328
f 5328 5256 5327
f 5299 5328 5327
f 5326 5327 5259
f 5269 5325 5323
f 5325 5317 5316
f 5329 5317 5325
f 5269 5272 5325
f 5274 5325 5272
f 5330 5329 5273
f 5274 5273 5329
f 5274 5329 5325
f 5329 5318 5317
f 5329 5320 5319
f 5329 5330 5320
f 5331 5321 5330
f 5330 5273 5278
f 5330 5321 5322
f 5322 5320 5330
f 5278 5331 5330
f 5318 5329 5319
f 5292 5281 5332
f 5332 5281 5284
f 5295 5328 5296
f 5328 5299 5296
f 5294 5332 5295
f 5328 5295 5332
f 5332 5284 5328
f 5331 5282 5281
f 5284 5283 5328
f 5290 5289 5331
f 5278 5282 5331
f 5288 5290 5331
f 5293 5332 5294
f 5288 5281 5292
f 5293 5292 5332
f 5281 5288 5331
f 5331 5289 5321
f 5325 5316 5313

