Using pre-set license
Built from '6000.1/staging' branch; Version is '6000.1.9f1 (ed7b183fd33d) revision 15563544'; Using compiler version '194234433'; Build Type 'Release'
OS: 'Windows 11  (10.0.26100) 64bit Core' Language: 'it' Physical Memory: 16263 MB
BatchMode: 1, IsHumanControllingUs: 0, StartBugReporterOnCrash: 0, Is64bit: 1, IsPro: 1
Date: 2025-10-01T12:36:02Z

COMMAND LINE ARGUMENTS:
C:\Program Files\Unity\Hub\Editor\6000.1.9f1\Editor\Unity.exe
-adb2
-batchMode
-noUpm
-name
AssetImportWorker0
-projectPath
C:/Users/emilio/MR_ProjectAI2
-logFile
Logs/AssetImportWorker0.log
-srvPort
50186
-job-worker-count
5
-background-job-worker-count
8
-gc-helper-count
1
-name
AssetImport
Successfully changed project path to: C:/Users/emilio/MR_ProjectAI2
C:/Users/emilio/MR_ProjectAI2
[UnityMemory] Configuration Parameters - Can be set up in boot.config
    "memorysetup-allocator-temp-initial-block-size-main=262144"
    "memorysetup-allocator-temp-initial-block-size-worker=262144"
    "memorysetup-bucket-allocator-granularity=16"
    "memorysetup-bucket-allocator-bucket-count=8"
    "memorysetup-bucket-allocator-block-size=33554432"
    "memorysetup-bucket-allocator-block-count=8"
    "memorysetup-main-allocator-block-size=16777216"
    "memorysetup-thread-allocator-block-size=16777216"
    "memorysetup-gfx-main-allocator-block-size=16777216"
    "memorysetup-gfx-thread-allocator-block-size=16777216"
    "memorysetup-cache-allocator-block-size=4194304"
    "memorysetup-typetree-allocator-block-size=2097152"
    "memorysetup-profiler-bucket-allocator-granularity=16"
    "memorysetup-profiler-bucket-allocator-bucket-count=8"
    "memorysetup-profiler-bucket-allocator-block-size=33554432"
    "memorysetup-profiler-bucket-allocator-block-count=8"
    "memorysetup-profiler-allocator-block-size=16777216"
    "memorysetup-profiler-editor-allocator-block-size=1048576"
    "memorysetup-temp-allocator-size-main=16777216"
    "memorysetup-job-temp-allocator-block-size=2097152"
    "memorysetup-job-temp-allocator-block-size-background=1048576"
    "memorysetup-job-temp-allocator-reduction-small-platforms=262144"
    "memorysetup-temp-allocator-size-background-worker=32768"
    "memorysetup-temp-allocator-size-job-worker=262144"
    "memorysetup-temp-allocator-size-preload-manager=33554432"
    "memorysetup-temp-allocator-size-nav-mesh-worker=65536"
    "memorysetup-temp-allocator-size-audio-worker=65536"
    "memorysetup-temp-allocator-size-cloud-worker=32768"
    "memorysetup-temp-allocator-size-gi-baking-worker=262144"
    "memorysetup-temp-allocator-size-gi-baking-worker=262144"
    "memorysetup-temp-allocator-size-gi-baking-worker=262144"
    "memorysetup-temp-allocator-size-gi-baking-worker=262144"
    "memorysetup-temp-allocator-size-gi-baking-worker=262144"
    "memorysetup-temp-allocator-size-gfx=262144"
Player connection [15376]  Target information:

Player connection [15376]  * "[IP] 192.168.56.1 [Port] 0 [Flags] 2 [Guid] 3986426389 [EditorId] 3986426389 [Version] 1048832 [Id] WindowsEditor(7,LAPTOP-U4SS03QQ) [Debug] 1 [PackageName] WindowsEditor [ProjectName] Editor" 

Player connection [15376]  * "[IP] 169.254.182.183 [Port] 0 [Flags] 2 [Guid] 3986426389 [EditorId] 3986426389 [Version] 1048832 [Id] WindowsEditor(7,LAPTOP-U4SS03QQ) [Debug] 1 [PackageName] WindowsEditor [ProjectName] Editor" 

Player connection [15376]  * "[IP] 10.10.133.62 [Port] 0 [Flags] 2 [Guid] 3986426389 [EditorId] 3986426389 [Version] 1048832 [Id] WindowsEditor(7,LAPTOP-U4SS03QQ) [Debug] 1 [PackageName] WindowsEditor [ProjectName] Editor" 

Player connection [15376] Host joined multi-casting on [225.0.0.222:54997]...
Player connection [15376] Host joined alternative multi-casting on [225.0.0.222:34997]...
JobSystem: Creating JobQueue using job-worker-count value 5
Input System module state changed to: Initialized.
[Physics::Module] Initialized fallback backend.
[Physics::Module] Id: 0xdecafbad
Library Redirect Path: Library/
[Physics::Module] Selected backend.
[Physics::Module] Name: PhysX
[Physics::Module] Id: 0xf2b8ea05
[Physics::Module] SDK Version: 4.1.2
[Physics::Module] Integration Version: 1.0.0
[Physics::Module] Threading Mode: Multi-Threaded
Refreshing native plugins compatible for Editor in 29.61 ms, found 10 plugins.
Preloading 0 native plugins for Editor in 0.00 ms.
Initialize engine version: 6000.1.9f1 (ed7b183fd33d)
[Subsystems] Discovering subsystems at path C:/Program Files/Unity/Hub/Editor/6000.1.9f1/Editor/Data/Resources/UnitySubsystems
[Subsystems] Discovering subsystems at path C:/Users/emilio/MR_ProjectAI2/Assets
GfxDevice: creating device client; kGfxThreadingModeNonThreaded
Direct3D:
    Version:  Direct3D 11.0 [level 11.1]
    Renderer: NVIDIA GeForce GTX 1650 (ID=0x1f91)
    Vendor:   NVIDIA
    VRAM:     3949 MB
    Driver:   31.0.15.3598
Initialize mono
Mono path[0] = 'C:/Program Files/Unity/Hub/Editor/6000.1.9f1/Editor/Data/Managed'
Mono path[1] = 'C:/Program Files/Unity/Hub/Editor/6000.1.9f1/Editor/Data/MonoBleedingEdge/lib/mono/unityjit-win32'
Mono config path = 'C:/Program Files/Unity/Hub/Editor/6000.1.9f1/Editor/Data/MonoBleedingEdge/etc'
Using monoOptions --debugger-agent=transport=dt_socket,embedding=1,server=y,suspend=n,address=127.0.0.1:56088
Begin MonoManager ReloadAssembly
Registering precompiled unity dll's ...
Register platform support module: C:/Program Files/Unity/Hub/Editor/6000.1.9f1/Editor/Data/PlaybackEngines/WebGLSupport/UnityEditor.WebGL.Extensions.dll
Register platform support module: C:/Program Files/Unity/Hub/Editor/6000.1.9f1/Editor/Data/PlaybackEngines/WindowsStandaloneSupport/UnityEditor.WindowsStandalone.Extensions.dll
Registered in 0.003410 seconds.
- Loaded All Assemblies, in  0.769 seconds
Native extension for WindowsStandalone target not found
Native extension for WebGL target not found
Mono: successfully reloaded assembly
- Finished resetting the current domain, in  0.737 seconds
Domain Reload Profiling: 1501ms
	BeginReloadAssembly (254ms)
		ExecutionOrderSort (0ms)
		DisableScriptedObjects (0ms)
		BackupInstance (0ms)
		ReleaseScriptingObjects (0ms)
		CreateAndSetChildDomain (1ms)
	RebuildCommonClasses (78ms)
	RebuildNativeTypeToScriptingClass (23ms)
	initialDomainReloadingComplete (95ms)
	LoadAllAssembliesAndSetupDomain (314ms)
		LoadAssemblies (248ms)
		RebuildTransferFunctionScriptingTraits (0ms)
		AnalyzeDomain (308ms)
			TypeCache.Refresh (306ms)
				TypeCache.ScanAssembly (282ms)
			BuildScriptInfoCaches (0ms)
			ResolveRequiredComponents (1ms)
	FinalizeReload (738ms)
		ReleaseScriptCaches (0ms)
		RebuildScriptCaches (0ms)
		SetupLoadedEditorAssemblies (641ms)
			LogAssemblyErrors (0ms)
			InitializePlatformSupportModulesInManaged (99ms)
			SetLoadedEditorAssemblies (7ms)
			BeforeProcessingInitializeOnLoad (136ms)
			ProcessInitializeOnLoadAttributes (274ms)
			ProcessInitializeOnLoadMethodAttributes (124ms)
			AfterProcessingInitializeOnLoad (0ms)
			EditorAssembliesLoaded (0ms)
		ExecutionOrderSort2 (0ms)
		AwakeInstancesAfterBackupRestoration (0ms)
========================================================================
Worker process is ready to serve import requests
Import Worker Mode flag is 0x00
Begin MonoManager ReloadAssembly
- Loaded All Assemblies, in  1.741 seconds
Refreshing native plugins compatible for Editor in 15.09 ms, found 10 plugins.
Missing types referenced from component UniversalRenderPipelineGlobalSettings on game object UniversalRenderPipelineGlobalSettings:
	UnityEngine.Rendering.RenderingDebuggerRuntimeResources, Unity.RenderPipelines.Core.Runtime (1 object)
Native extension for WindowsStandalone target not found
Native extension for WebGL target not found
Package Manager log level set to [2]
[Package Manager] Failed to launch server process. Reason: Unity was launched with the -noUpm command-line argument
[Package Manager] Unable to send message (not connected to server process).
[Package Manager] Cannot connect to Unity Package Manager local server
System.NullReferenceException: Object reference not set to an instance of an object
  at UnityEditor.XR.Interaction.Toolkit.Analytics.XRIAnalytics..cctor () [0x00000] in .\Library\PackageCache\com.unity.xr.interaction.toolkit@42ef3600567b\Editor\Analytics\XRIAnalytics.cs:32 
UnityEngine.Debug:ExtractStackTraceNoAlloc (byte*,int,string)
UnityEngine.StackTraceUtility:ExtractStackTrace ()
UnityEngine.DebugLogHandler:Internal_Log (UnityEngine.LogType,UnityEngine.LogOption,string,UnityEngine.Object)
UnityEngine.DebugLogHandler:LogFormat (UnityEngine.LogType,UnityEngine.Object,string,object[])
UnityEngine.Logger:Log (UnityEngine.LogType,object)
UnityEngine.Debug:LogError (object)
UnityEditor.EditorAssemblies:ProcessInitializeOnLoadAttributes (System.Type[])

[MODES] ModeService[none].Initialize
[MODES] ModeService[none].LoadModes
[MODES] Loading mode Default (0) for mode-current-id-MR_ProjectAI2
Mono: successfully reloaded assembly
[Package Manager] Failed to launch server process. Reason: Unity was launched with the -noUpm command-line argument
[Package Manager] Unable to send message (not connected to server process).
[Package Manager] Cannot connect to Unity Package Manager local server
[Package Manager] Failed to launch server process. Reason: Unity was launched with the -noUpm command-line argument
[Package Manager] Unable to send message (not connected to server process).
[Package Manager] Cannot connect to Unity Package Manager local server
- Finished resetting the current domain, in  1.895 seconds
Domain Reload Profiling: 3623ms
	BeginReloadAssembly (363ms)
		ExecutionOrderSort (0ms)
		DisableScriptedObjects (13ms)
		BackupInstance (0ms)
		ReleaseScriptingObjects (0ms)
		CreateAndSetChildDomain (55ms)
	RebuildCommonClasses (76ms)
	RebuildNativeTypeToScriptingClass (29ms)
	initialDomainReloadingComplete (78ms)
	LoadAllAssembliesAndSetupDomain (1180ms)
		LoadAssemblies (768ms)
		RebuildTransferFunctionScriptingTraits (0ms)
		AnalyzeDomain (610ms)
			TypeCache.Refresh (441ms)
				TypeCache.ScanAssembly (406ms)
			BuildScriptInfoCaches (134ms)
			ResolveRequiredComponents (29ms)
	FinalizeReload (1896ms)
		ReleaseScriptCaches (0ms)
		RebuildScriptCaches (0ms)
		SetupLoadedEditorAssemblies (1435ms)
			LogAssemblyErrors (0ms)
			InitializePlatformSupportModulesInManaged (4ms)
			SetLoadedEditorAssemblies (10ms)
			BeforeProcessingInitializeOnLoad (302ms)
			ProcessInitializeOnLoadAttributes (818ms)
			ProcessInitializeOnLoadMethodAttributes (289ms)
			AfterProcessingInitializeOnLoad (11ms)
			EditorAssembliesLoaded (0ms)
		ExecutionOrderSort2 (0ms)
		AwakeInstancesAfterBackupRestoration (17ms)
Launched and connected shader compiler UnityShaderCompiler.exe after 0.02 seconds
Refreshing native plugins compatible for Editor in 24.81 ms, found 10 plugins.
Preloading 0 native plugins for Editor in 0.00 ms.
Unloading 256 Unused Serialized files (Serialized files now loaded: 0)
Unloading 7537 unused Assets / (5.6 MB). Loaded Objects now: 8248.
Memory consumption went from 182.4 MB to 176.8 MB.
Total: 23.162400 ms (FindLiveObjects: 1.529400 ms CreateObjectMapping: 3.825200 ms MarkObjects: 11.731000 ms  DeleteObjects: 6.075100 ms)

========================================================================
Received Import Request.
  Time since last request: 2036.021653 seconds.
  path: Packages/com.weart.sdk/Runtime/Prefabs/WEARTLeftHand.prefab
  artifactKey: Guid(d96bc87e105609845a567ed410265443) Importer(815301076,1909f56bfc062723c751e8b465ee728b)
Start importing Packages/com.weart.sdk/Runtime/Prefabs/WEARTLeftHand.prefab using Guid(d96bc87e105609845a567ed410265443) Importer(815301076,1909f56bfc062723c751e8b465ee728b) (PreviewImporter) -> (artifact id: 'ba5989956e85c807af0083c63cfbe577') in 1.1836034 seconds
Number of updated asset objects reloaded before import = 0Number of asset objects unloaded after import = 342

========================================================================
Received Prepare
Begin MonoManager ReloadAssembly
- Loaded All Assemblies, in  2.195 seconds
Refreshing native plugins compatible for Editor in 21.73 ms, found 10 plugins.
Missing types referenced from component UniversalRenderPipelineGlobalSettings on game object UniversalRenderPipelineGlobalSettings:
	UnityEngine.Rendering.RenderingDebuggerRuntimeResources, Unity.RenderPipelines.Core.Runtime (1 object)
Native extension for WindowsStandalone target not found
Native extension for WebGL target not found
[Package Manager] Failed to launch server process. Reason: Unity was launched with the -noUpm command-line argument
[Package Manager] Unable to send message (not connected to server process).
[Package Manager] Cannot connect to Unity Package Manager local server
System.NullReferenceException: Object reference not set to an instance of an object
  at UnityEditor.XR.Interaction.Toolkit.Analytics.XRIAnalytics..cctor () [0x00000] in .\Library\PackageCache\com.unity.xr.interaction.toolkit@42ef3600567b\Editor\Analytics\XRIAnalytics.cs:32 
UnityEngine.Debug:ExtractStackTraceNoAlloc (byte*,int,string)
UnityEngine.StackTraceUtility:ExtractStackTrace ()
UnityEngine.DebugLogHandler:Internal_Log (UnityEngine.LogType,UnityEngine.LogOption,string,UnityEngine.Object)
UnityEngine.DebugLogHandler:LogFormat (UnityEngine.LogType,UnityEngine.Object,string,object[])
UnityEngine.Logger:Log (UnityEngine.LogType,object)
UnityEngine.Debug:LogError (object)
UnityEditor.EditorAssemblies:ProcessInitializeOnLoadAttributes (System.Type[])

[MODES] ModeService[none].Initialize
[MODES] ModeService[none].LoadModes
Mono: successfully reloaded assembly
[Package Manager] Failed to launch server process. Reason: Unity was launched with the -noUpm command-line argument
[Package Manager] Unable to send message (not connected to server process).
[Package Manager] Cannot connect to Unity Package Manager local server
- Finished resetting the current domain, in  2.482 seconds
Domain Reload Profiling: 4667ms
	BeginReloadAssembly (579ms)
		ExecutionOrderSort (0ms)
		DisableScriptedObjects (51ms)
		BackupInstance (0ms)
		ReleaseScriptingObjects (1ms)
		CreateAndSetChildDomain (143ms)
	RebuildCommonClasses (97ms)
	RebuildNativeTypeToScriptingClass (41ms)
	initialDomainReloadingComplete (102ms)
	LoadAllAssembliesAndSetupDomain (1364ms)
		LoadAssemblies (1053ms)
		RebuildTransferFunctionScriptingTraits (0ms)
		AnalyzeDomain (550ms)
			TypeCache.Refresh (20ms)
				TypeCache.ScanAssembly (0ms)
			BuildScriptInfoCaches (477ms)
			ResolveRequiredComponents (43ms)
	FinalizeReload (2483ms)
		ReleaseScriptCaches (0ms)
		RebuildScriptCaches (0ms)
		SetupLoadedEditorAssemblies (1931ms)
			LogAssemblyErrors (0ms)
			InitializePlatformSupportModulesInManaged (6ms)
			SetLoadedEditorAssemblies (11ms)
			BeforeProcessingInitializeOnLoad (410ms)
			ProcessInitializeOnLoadAttributes (1084ms)
			ProcessInitializeOnLoadMethodAttributes (402ms)
			AfterProcessingInitializeOnLoad (17ms)
			EditorAssembliesLoaded (1ms)
		ExecutionOrderSort2 (0ms)
		AwakeInstancesAfterBackupRestoration (41ms)
Refreshing native plugins compatible for Editor in 25.75 ms, found 10 plugins.
Preloading 0 native plugins for Editor in 0.00 ms.
Unloading 35 Unused Serialized files (Serialized files now loaded: 0)
Unloading 7540 unused Assets / (5.4 MB). Loaded Objects now: 8298.
Memory consumption went from 194.6 MB to 189.2 MB.
Total: 24.798600 ms (FindLiveObjects: 1.580100 ms CreateObjectMapping: 2.318600 ms MarkObjects: 12.456700 ms  DeleteObjects: 8.440600 ms)

Prepare: number of updated asset objects reloaded= 0
========================================================================
Received Prepare
Begin MonoManager ReloadAssembly
- Loaded All Assemblies, in  1.939 seconds
Refreshing native plugins compatible for Editor in 25.92 ms, found 10 plugins.
Missing types referenced from component UniversalRenderPipelineGlobalSettings on game object UniversalRenderPipelineGlobalSettings:
	UnityEngine.Rendering.RenderingDebuggerRuntimeResources, Unity.RenderPipelines.Core.Runtime (1 object)
Native extension for WindowsStandalone target not found
Native extension for WebGL target not found
[Package Manager] Failed to launch server process. Reason: Unity was launched with the -noUpm command-line argument
[Package Manager] Unable to send message (not connected to server process).
[Package Manager] Cannot connect to Unity Package Manager local server
System.NullReferenceException: Object reference not set to an instance of an object
  at UnityEditor.XR.Interaction.Toolkit.Analytics.XRIAnalytics..cctor () [0x00000] in .\Library\PackageCache\com.unity.xr.interaction.toolkit@42ef3600567b\Editor\Analytics\XRIAnalytics.cs:32 
UnityEngine.Debug:ExtractStackTraceNoAlloc (byte*,int,string)
UnityEngine.StackTraceUtility:ExtractStackTrace ()
UnityEngine.DebugLogHandler:Internal_Log (UnityEngine.LogType,UnityEngine.LogOption,string,UnityEngine.Object)
UnityEngine.DebugLogHandler:LogFormat (UnityEngine.LogType,UnityEngine.Object,string,object[])
UnityEngine.Logger:Log (UnityEngine.LogType,object)
UnityEngine.Debug:LogError (object)
UnityEditor.EditorAssemblies:ProcessInitializeOnLoadAttributes (System.Type[])

[MODES] ModeService[none].Initialize
[MODES] ModeService[none].LoadModes
Mono: successfully reloaded assembly
[Package Manager] Failed to launch server process. Reason: Unity was launched with the -noUpm command-line argument
[Package Manager] Unable to send message (not connected to server process).
[Package Manager] Cannot connect to Unity Package Manager local server
- Finished resetting the current domain, in  2.604 seconds
Domain Reload Profiling: 4537ms
	BeginReloadAssembly (488ms)
		ExecutionOrderSort (0ms)
		DisableScriptedObjects (15ms)
		BackupInstance (0ms)
		ReleaseScriptingObjects (0ms)
		CreateAndSetChildDomain (121ms)
	RebuildCommonClasses (87ms)
	RebuildNativeTypeToScriptingClass (38ms)
	initialDomainReloadingComplete (75ms)
	LoadAllAssembliesAndSetupDomain (1243ms)
		LoadAssemblies (921ms)
		RebuildTransferFunctionScriptingTraits (0ms)
		AnalyzeDomain (537ms)
			TypeCache.Refresh (19ms)
				TypeCache.ScanAssembly (0ms)
			BuildScriptInfoCaches (470ms)
			ResolveRequiredComponents (40ms)
	FinalizeReload (2605ms)
		ReleaseScriptCaches (0ms)
		RebuildScriptCaches (0ms)
		SetupLoadedEditorAssemblies (2009ms)
			LogAssemblyErrors (0ms)
			InitializePlatformSupportModulesInManaged (5ms)
			SetLoadedEditorAssemblies (12ms)
			BeforeProcessingInitializeOnLoad (431ms)
			ProcessInitializeOnLoadAttributes (1152ms)
			ProcessInitializeOnLoadMethodAttributes (396ms)
			AfterProcessingInitializeOnLoad (13ms)
			EditorAssembliesLoaded (1ms)
		ExecutionOrderSort2 (0ms)
		AwakeInstancesAfterBackupRestoration (49ms)
Refreshing native plugins compatible for Editor in 29.93 ms, found 10 plugins.
Preloading 0 native plugins for Editor in 0.00 ms.
Unloading 26 Unused Serialized files (Serialized files now loaded: 0)
Unloading 7535 unused Assets / (6.1 MB). Loaded Objects now: 8300.
Memory consumption went from 192.9 MB to 186.8 MB.
Total: 28.459800 ms (FindLiveObjects: 1.654700 ms CreateObjectMapping: 2.341500 ms MarkObjects: 14.340900 ms  DeleteObjects: 10.119700 ms)

Prepare: number of updated asset objects reloaded= 0
========================================================================
Received Prepare
Begin MonoManager ReloadAssembly
- Loaded All Assemblies, in  2.004 seconds
Refreshing native plugins compatible for Editor in 30.40 ms, found 10 plugins.
Missing types referenced from component UniversalRenderPipelineGlobalSettings on game object UniversalRenderPipelineGlobalSettings:
	UnityEngine.Rendering.RenderingDebuggerRuntimeResources, Unity.RenderPipelines.Core.Runtime (1 object)
Native extension for WindowsStandalone target not found
Native extension for WebGL target not found
[Package Manager] Failed to launch server process. Reason: Unity was launched with the -noUpm command-line argument
[Package Manager] Unable to send message (not connected to server process).
[Package Manager] Cannot connect to Unity Package Manager local server
System.NullReferenceException: Object reference not set to an instance of an object
  at UnityEditor.XR.Interaction.Toolkit.Analytics.XRIAnalytics..cctor () [0x00000] in .\Library\PackageCache\com.unity.xr.interaction.toolkit@42ef3600567b\Editor\Analytics\XRIAnalytics.cs:32 
UnityEngine.Debug:ExtractStackTraceNoAlloc (byte*,int,string)
UnityEngine.StackTraceUtility:ExtractStackTrace ()
UnityEngine.DebugLogHandler:Internal_Log (UnityEngine.LogType,UnityEngine.LogOption,string,UnityEngine.Object)
UnityEngine.DebugLogHandler:LogFormat (UnityEngine.LogType,UnityEngine.Object,string,object[])
UnityEngine.Logger:Log (UnityEngine.LogType,object)
UnityEngine.Debug:LogError (object)
UnityEditor.EditorAssemblies:ProcessInitializeOnLoadAttributes (System.Type[])

[MODES] ModeService[none].Initialize
[MODES] ModeService[none].LoadModes
Mono: successfully reloaded assembly
[Package Manager] Failed to launch server process. Reason: Unity was launched with the -noUpm command-line argument
[Package Manager] Unable to send message (not connected to server process).
[Package Manager] Cannot connect to Unity Package Manager local server
- Finished resetting the current domain, in  2.537 seconds
Domain Reload Profiling: 4534ms
	BeginReloadAssembly (523ms)
		ExecutionOrderSort (0ms)
		DisableScriptedObjects (18ms)
		BackupInstance (0ms)
		ReleaseScriptingObjects (0ms)
		CreateAndSetChildDomain (129ms)
	RebuildCommonClasses (87ms)
	RebuildNativeTypeToScriptingClass (33ms)
	initialDomainReloadingComplete (69ms)
	LoadAllAssembliesAndSetupDomain (1284ms)
		LoadAssemblies (923ms)
		RebuildTransferFunctionScriptingTraits (0ms)
		AnalyzeDomain (585ms)
			TypeCache.Refresh (16ms)
				TypeCache.ScanAssembly (0ms)
			BuildScriptInfoCaches (514ms)
			ResolveRequiredComponents (45ms)
	FinalizeReload (2538ms)
		ReleaseScriptCaches (0ms)
		RebuildScriptCaches (0ms)
		SetupLoadedEditorAssemblies (1930ms)
			LogAssemblyErrors (0ms)
			InitializePlatformSupportModulesInManaged (5ms)
			SetLoadedEditorAssemblies (16ms)
			BeforeProcessingInitializeOnLoad (435ms)
			ProcessInitializeOnLoadAttributes (1094ms)
			ProcessInitializeOnLoadMethodAttributes (367ms)
			AfterProcessingInitializeOnLoad (13ms)
			EditorAssembliesLoaded (1ms)
		ExecutionOrderSort2 (0ms)
		AwakeInstancesAfterBackupRestoration (48ms)
Refreshing native plugins compatible for Editor in 31.84 ms, found 10 plugins.
Preloading 0 native plugins for Editor in 0.00 ms.
Unloading 26 Unused Serialized files (Serialized files now loaded: 0)
Unloading 7535 unused Assets / (6.4 MB). Loaded Objects now: 8302.
Memory consumption went from 192.9 MB to 186.5 MB.
Total: 36.504200 ms (FindLiveObjects: 1.921600 ms CreateObjectMapping: 2.737900 ms MarkObjects: 22.044100 ms  DeleteObjects: 9.797700 ms)

Prepare: number of updated asset objects reloaded= 0
========================================================================
Received Prepare
Begin MonoManager ReloadAssembly
- Loaded All Assemblies, in  2.076 seconds
Refreshing native plugins compatible for Editor in 21.88 ms, found 10 plugins.
Missing types referenced from component UniversalRenderPipelineGlobalSettings on game object UniversalRenderPipelineGlobalSettings:
	UnityEngine.Rendering.RenderingDebuggerRuntimeResources, Unity.RenderPipelines.Core.Runtime (1 object)
Native extension for WindowsStandalone target not found
Native extension for WebGL target not found
[Package Manager] Failed to launch server process. Reason: Unity was launched with the -noUpm command-line argument
[Package Manager] Unable to send message (not connected to server process).
[Package Manager] Cannot connect to Unity Package Manager local server
System.NullReferenceException: Object reference not set to an instance of an object
  at UnityEditor.XR.Interaction.Toolkit.Analytics.XRIAnalytics..cctor () [0x00000] in .\Library\PackageCache\com.unity.xr.interaction.toolkit@42ef3600567b\Editor\Analytics\XRIAnalytics.cs:32 
UnityEngine.Debug:ExtractStackTraceNoAlloc (byte*,int,string)
UnityEngine.StackTraceUtility:ExtractStackTrace ()
UnityEngine.DebugLogHandler:Internal_Log (UnityEngine.LogType,UnityEngine.LogOption,string,UnityEngine.Object)
UnityEngine.DebugLogHandler:LogFormat (UnityEngine.LogType,UnityEngine.Object,string,object[])
UnityEngine.Logger:Log (UnityEngine.LogType,object)
UnityEngine.Debug:LogError (object)
UnityEditor.EditorAssemblies:ProcessInitializeOnLoadAttributes (System.Type[])

[MODES] ModeService[none].Initialize
[MODES] ModeService[none].LoadModes
Mono: successfully reloaded assembly
[Package Manager] Failed to launch server process. Reason: Unity was launched with the -noUpm command-line argument
[Package Manager] Unable to send message (not connected to server process).
[Package Manager] Cannot connect to Unity Package Manager local server
- Finished resetting the current domain, in  2.407 seconds
Domain Reload Profiling: 4479ms
	BeginReloadAssembly (594ms)
		ExecutionOrderSort (0ms)
		DisableScriptedObjects (19ms)
		BackupInstance (0ms)
		ReleaseScriptingObjects (1ms)
		CreateAndSetChildDomain (138ms)
	RebuildCommonClasses (92ms)
	RebuildNativeTypeToScriptingClass (35ms)
	initialDomainReloadingComplete (73ms)
	LoadAllAssembliesAndSetupDomain (1277ms)
		LoadAssemblies (952ms)
		RebuildTransferFunctionScriptingTraits (0ms)
		AnalyzeDomain (575ms)
			TypeCache.Refresh (19ms)
				TypeCache.ScanAssembly (0ms)
			BuildScriptInfoCaches (506ms)
			ResolveRequiredComponents (40ms)
	FinalizeReload (2408ms)
		ReleaseScriptCaches (0ms)
		RebuildScriptCaches (0ms)
		SetupLoadedEditorAssemblies (1868ms)
			LogAssemblyErrors (0ms)
			InitializePlatformSupportModulesInManaged (6ms)
			SetLoadedEditorAssemblies (11ms)
			BeforeProcessingInitializeOnLoad (417ms)
			ProcessInitializeOnLoadAttributes (1040ms)
			ProcessInitializeOnLoadMethodAttributes (378ms)
			AfterProcessingInitializeOnLoad (16ms)
			EditorAssembliesLoaded (1ms)
		ExecutionOrderSort2 (0ms)
		AwakeInstancesAfterBackupRestoration (45ms)
Refreshing native plugins compatible for Editor in 29.26 ms, found 10 plugins.
Preloading 0 native plugins for Editor in 0.00 ms.
Unloading 26 Unused Serialized files (Serialized files now loaded: 0)
Unloading 7535 unused Assets / (5.6 MB). Loaded Objects now: 8304.
Memory consumption went from 192.9 MB to 187.3 MB.
Total: 24.483300 ms (FindLiveObjects: 1.586100 ms CreateObjectMapping: 2.216200 ms MarkObjects: 12.253000 ms  DeleteObjects: 8.425600 ms)

Prepare: number of updated asset objects reloaded= 0
========================================================================
Received Prepare
Begin MonoManager ReloadAssembly
- Loaded All Assemblies, in  2.183 seconds
Refreshing native plugins compatible for Editor in 24.27 ms, found 10 plugins.
Missing types referenced from component UniversalRenderPipelineGlobalSettings on game object UniversalRenderPipelineGlobalSettings:
	UnityEngine.Rendering.RenderingDebuggerRuntimeResources, Unity.RenderPipelines.Core.Runtime (1 object)
Native extension for WindowsStandalone target not found
Native extension for WebGL target not found
[Package Manager] Failed to launch server process. Reason: Unity was launched with the -noUpm command-line argument
[Package Manager] Unable to send message (not connected to server process).
[Package Manager] Cannot connect to Unity Package Manager local server
System.NullReferenceException: Object reference not set to an instance of an object
  at UnityEditor.XR.Interaction.Toolkit.Analytics.XRIAnalytics..cctor () [0x00000] in .\Library\PackageCache\com.unity.xr.interaction.toolkit@42ef3600567b\Editor\Analytics\XRIAnalytics.cs:32 
UnityEngine.Debug:ExtractStackTraceNoAlloc (byte*,int,string)
UnityEngine.StackTraceUtility:ExtractStackTrace ()
UnityEngine.DebugLogHandler:Internal_Log (UnityEngine.LogType,UnityEngine.LogOption,string,UnityEngine.Object)
UnityEngine.DebugLogHandler:LogFormat (UnityEngine.LogType,UnityEngine.Object,string,object[])
UnityEngine.Logger:Log (UnityEngine.LogType,object)
UnityEngine.Debug:LogError (object)
UnityEditor.EditorAssemblies:ProcessInitializeOnLoadAttributes (System.Type[])

[MODES] ModeService[none].Initialize
[MODES] ModeService[none].LoadModes
Mono: successfully reloaded assembly
[Package Manager] Failed to launch server process. Reason: Unity was launched with the -noUpm command-line argument
[Package Manager] Unable to send message (not connected to server process).
[Package Manager] Cannot connect to Unity Package Manager local server
- Finished resetting the current domain, in  2.597 seconds
Domain Reload Profiling: 4773ms
	BeginReloadAssembly (505ms)
		ExecutionOrderSort (0ms)
		DisableScriptedObjects (16ms)
		BackupInstance (0ms)
		ReleaseScriptingObjects (0ms)
		CreateAndSetChildDomain (108ms)
	RebuildCommonClasses (91ms)
	RebuildNativeTypeToScriptingClass (38ms)
	initialDomainReloadingComplete (72ms)
	LoadAllAssembliesAndSetupDomain (1469ms)
		LoadAssemblies (1094ms)
		RebuildTransferFunctionScriptingTraits (0ms)
		AnalyzeDomain (611ms)
			TypeCache.Refresh (17ms)
				TypeCache.ScanAssembly (0ms)
			BuildScriptInfoCaches (541ms)
			ResolveRequiredComponents (44ms)
	FinalizeReload (2598ms)
		ReleaseScriptCaches (0ms)
		RebuildScriptCaches (0ms)
		SetupLoadedEditorAssemblies (2020ms)
			LogAssemblyErrors (0ms)
			InitializePlatformSupportModulesInManaged (6ms)
			SetLoadedEditorAssemblies (13ms)
			BeforeProcessingInitializeOnLoad (434ms)
			ProcessInitializeOnLoadAttributes (1142ms)
			ProcessInitializeOnLoadMethodAttributes (410ms)
			AfterProcessingInitializeOnLoad (14ms)
			EditorAssembliesLoaded (1ms)
		ExecutionOrderSort2 (0ms)
		AwakeInstancesAfterBackupRestoration (50ms)
Refreshing native plugins compatible for Editor in 39.20 ms, found 10 plugins.
Preloading 0 native plugins for Editor in 0.00 ms.
Unloading 26 Unused Serialized files (Serialized files now loaded: 0)
Unloading 7535 unused Assets / (4.8 MB). Loaded Objects now: 8306.
Memory consumption went from 192.9 MB to 188.2 MB.
Total: 24.503200 ms (FindLiveObjects: 2.196100 ms CreateObjectMapping: 3.358200 ms MarkObjects: 12.826800 ms  DeleteObjects: 6.118600 ms)

Prepare: number of updated asset objects reloaded= 0
========================================================================
Received Prepare
Begin MonoManager ReloadAssembly
- Loaded All Assemblies, in  1.919 seconds
Refreshing native plugins compatible for Editor in 24.01 ms, found 10 plugins.
Missing types referenced from component UniversalRenderPipelineGlobalSettings on game object UniversalRenderPipelineGlobalSettings:
	UnityEngine.Rendering.RenderingDebuggerRuntimeResources, Unity.RenderPipelines.Core.Runtime (1 object)
Native extension for WindowsStandalone target not found
Native extension for WebGL target not found
[Package Manager] Failed to launch server process. Reason: Unity was launched with the -noUpm command-line argument
[Package Manager] Unable to send message (not connected to server process).
[Package Manager] Cannot connect to Unity Package Manager local server
System.NullReferenceException: Object reference not set to an instance of an object
  at UnityEditor.XR.Interaction.Toolkit.Analytics.XRIAnalytics..cctor () [0x00000] in .\Library\PackageCache\com.unity.xr.interaction.toolkit@42ef3600567b\Editor\Analytics\XRIAnalytics.cs:32 
UnityEngine.Debug:ExtractStackTraceNoAlloc (byte*,int,string)
UnityEngine.StackTraceUtility:ExtractStackTrace ()
UnityEngine.DebugLogHandler:Internal_Log (UnityEngine.LogType,UnityEngine.LogOption,string,UnityEngine.Object)
UnityEngine.DebugLogHandler:LogFormat (UnityEngine.LogType,UnityEngine.Object,string,object[])
UnityEngine.Logger:Log (UnityEngine.LogType,object)
UnityEngine.Debug:LogError (object)
UnityEditor.EditorAssemblies:ProcessInitializeOnLoadAttributes (System.Type[])

[MODES] ModeService[none].Initialize
[MODES] ModeService[none].LoadModes
Mono: successfully reloaded assembly
[Package Manager] Failed to launch server process. Reason: Unity was launched with the -noUpm command-line argument
[Package Manager] Unable to send message (not connected to server process).
[Package Manager] Cannot connect to Unity Package Manager local server
- Finished resetting the current domain, in  2.355 seconds
Domain Reload Profiling: 4266ms
	BeginReloadAssembly (468ms)
		ExecutionOrderSort (0ms)
		DisableScriptedObjects (14ms)
		BackupInstance (0ms)
		ReleaseScriptingObjects (0ms)
		CreateAndSetChildDomain (110ms)
	RebuildCommonClasses (85ms)
	RebuildNativeTypeToScriptingClass (37ms)
	initialDomainReloadingComplete (75ms)
	LoadAllAssembliesAndSetupDomain (1245ms)
		LoadAssemblies (873ms)
		RebuildTransferFunctionScriptingTraits (0ms)
		AnalyzeDomain (579ms)
			TypeCache.Refresh (17ms)
				TypeCache.ScanAssembly (0ms)
			BuildScriptInfoCaches (516ms)
			ResolveRequiredComponents (37ms)
	FinalizeReload (2356ms)
		ReleaseScriptCaches (0ms)
		RebuildScriptCaches (0ms)
		SetupLoadedEditorAssemblies (1815ms)
			LogAssemblyErrors (0ms)
			InitializePlatformSupportModulesInManaged (6ms)
			SetLoadedEditorAssemblies (15ms)
			BeforeProcessingInitializeOnLoad (404ms)
			ProcessInitializeOnLoadAttributes (1018ms)
			ProcessInitializeOnLoadMethodAttributes (357ms)
			AfterProcessingInitializeOnLoad (15ms)
			EditorAssembliesLoaded (1ms)
		ExecutionOrderSort2 (0ms)
		AwakeInstancesAfterBackupRestoration (49ms)
Refreshing native plugins compatible for Editor in 30.07 ms, found 10 plugins.
Preloading 0 native plugins for Editor in 0.00 ms.
Unloading 26 Unused Serialized files (Serialized files now loaded: 0)
Unloading 7535 unused Assets / (5.0 MB). Loaded Objects now: 8308.
Memory consumption went from 192.9 MB to 187.9 MB.
Total: 31.634300 ms (FindLiveObjects: 1.848800 ms CreateObjectMapping: 2.795600 ms MarkObjects: 16.939500 ms  DeleteObjects: 10.047700 ms)

Prepare: number of updated asset objects reloaded= 0
========================================================================
Received Prepare
Begin MonoManager ReloadAssembly
- Loaded All Assemblies, in  2.007 seconds
Refreshing native plugins compatible for Editor in 24.40 ms, found 10 plugins.
Missing types referenced from component UniversalRenderPipelineGlobalSettings on game object UniversalRenderPipelineGlobalSettings:
	UnityEngine.Rendering.RenderingDebuggerRuntimeResources, Unity.RenderPipelines.Core.Runtime (1 object)
Native extension for WindowsStandalone target not found
Native extension for WebGL target not found
[Package Manager] Failed to launch server process. Reason: Unity was launched with the -noUpm command-line argument
[Package Manager] Unable to send message (not connected to server process).
[Package Manager] Cannot connect to Unity Package Manager local server
System.NullReferenceException: Object reference not set to an instance of an object
  at UnityEditor.XR.Interaction.Toolkit.Analytics.XRIAnalytics..cctor () [0x00000] in .\Library\PackageCache\com.unity.xr.interaction.toolkit@42ef3600567b\Editor\Analytics\XRIAnalytics.cs:32 
UnityEngine.Debug:ExtractStackTraceNoAlloc (byte*,int,string)
UnityEngine.StackTraceUtility:ExtractStackTrace ()
UnityEngine.DebugLogHandler:Internal_Log (UnityEngine.LogType,UnityEngine.LogOption,string,UnityEngine.Object)
UnityEngine.DebugLogHandler:LogFormat (UnityEngine.LogType,UnityEngine.Object,string,object[])
UnityEngine.Logger:Log (UnityEngine.LogType,object)
UnityEngine.Debug:LogError (object)
UnityEditor.EditorAssemblies:ProcessInitializeOnLoadAttributes (System.Type[])

[MODES] ModeService[none].Initialize
[MODES] ModeService[none].LoadModes
Mono: successfully reloaded assembly
[Package Manager] Failed to launch server process. Reason: Unity was launched with the -noUpm command-line argument
[Package Manager] Unable to send message (not connected to server process).
[Package Manager] Cannot connect to Unity Package Manager local server
- Finished resetting the current domain, in  2.397 seconds
Domain Reload Profiling: 4394ms
	BeginReloadAssembly (504ms)
		ExecutionOrderSort (0ms)
		DisableScriptedObjects (18ms)
		BackupInstance (0ms)
		ReleaseScriptingObjects (0ms)
		CreateAndSetChildDomain (107ms)
	RebuildCommonClasses (82ms)
	RebuildNativeTypeToScriptingClass (35ms)
	initialDomainReloadingComplete (79ms)
	LoadAllAssembliesAndSetupDomain (1297ms)
		LoadAssemblies (928ms)
		RebuildTransferFunctionScriptingTraits (0ms)
		AnalyzeDomain (600ms)
			TypeCache.Refresh (20ms)
				TypeCache.ScanAssembly (0ms)
			BuildScriptInfoCaches (525ms)
			ResolveRequiredComponents (44ms)
	FinalizeReload (2398ms)
		ReleaseScriptCaches (0ms)
		RebuildScriptCaches (0ms)
		SetupLoadedEditorAssemblies (1840ms)
			LogAssemblyErrors (0ms)
			InitializePlatformSupportModulesInManaged (5ms)
			SetLoadedEditorAssemblies (13ms)
			BeforeProcessingInitializeOnLoad (406ms)
			ProcessInitializeOnLoadAttributes (1043ms)
			ProcessInitializeOnLoadMethodAttributes (359ms)
			AfterProcessingInitializeOnLoad (13ms)
			EditorAssembliesLoaded (1ms)
		ExecutionOrderSort2 (0ms)
		AwakeInstancesAfterBackupRestoration (52ms)
Refreshing native plugins compatible for Editor in 32.30 ms, found 10 plugins.
Preloading 0 native plugins for Editor in 0.00 ms.
Unloading 26 Unused Serialized files (Serialized files now loaded: 0)
Unloading 7535 unused Assets / (5.3 MB). Loaded Objects now: 8310.
Memory consumption went from 192.9 MB to 187.6 MB.
Total: 25.627800 ms (FindLiveObjects: 1.968800 ms CreateObjectMapping: 3.341600 ms MarkObjects: 12.119100 ms  DeleteObjects: 8.195700 ms)

Prepare: number of updated asset objects reloaded= 0
========================================================================
Received Prepare
Begin MonoManager ReloadAssembly
- Loaded All Assemblies, in  2.349 seconds
Refreshing native plugins compatible for Editor in 29.36 ms, found 10 plugins.
Missing types referenced from component UniversalRenderPipelineGlobalSettings on game object UniversalRenderPipelineGlobalSettings:
	UnityEngine.Rendering.RenderingDebuggerRuntimeResources, Unity.RenderPipelines.Core.Runtime (1 object)
Native extension for WindowsStandalone target not found
Native extension for WebGL target not found
[Package Manager] Failed to launch server process. Reason: Unity was launched with the -noUpm command-line argument
[Package Manager] Unable to send message (not connected to server process).
[Package Manager] Cannot connect to Unity Package Manager local server
System.NullReferenceException: Object reference not set to an instance of an object
  at UnityEditor.XR.Interaction.Toolkit.Analytics.XRIAnalytics..cctor () [0x00000] in .\Library\PackageCache\com.unity.xr.interaction.toolkit@42ef3600567b\Editor\Analytics\XRIAnalytics.cs:32 
UnityEngine.Debug:ExtractStackTraceNoAlloc (byte*,int,string)
UnityEngine.StackTraceUtility:ExtractStackTrace ()
UnityEngine.DebugLogHandler:Internal_Log (UnityEngine.LogType,UnityEngine.LogOption,string,UnityEngine.Object)
UnityEngine.DebugLogHandler:LogFormat (UnityEngine.LogType,UnityEngine.Object,string,object[])
UnityEngine.Logger:Log (UnityEngine.LogType,object)
UnityEngine.Debug:LogError (object)
UnityEditor.EditorAssemblies:ProcessInitializeOnLoadAttributes (System.Type[])

[MODES] ModeService[none].Initialize
[MODES] ModeService[none].LoadModes
Mono: successfully reloaded assembly
[Package Manager] Failed to launch server process. Reason: Unity was launched with the -noUpm command-line argument
[Package Manager] Unable to send message (not connected to server process).
[Package Manager] Cannot connect to Unity Package Manager local server
- Finished resetting the current domain, in  2.704 seconds
Domain Reload Profiling: 5041ms
	BeginReloadAssembly (530ms)
		ExecutionOrderSort (0ms)
		DisableScriptedObjects (21ms)
		BackupInstance (0ms)
		ReleaseScriptingObjects (0ms)
		CreateAndSetChildDomain (120ms)
	RebuildCommonClasses (111ms)
	RebuildNativeTypeToScriptingClass (57ms)
	initialDomainReloadingComplete (109ms)
	LoadAllAssembliesAndSetupDomain (1529ms)
		LoadAssemblies (1104ms)
		RebuildTransferFunctionScriptingTraits (0ms)
		AnalyzeDomain (663ms)
			TypeCache.Refresh (20ms)
				TypeCache.ScanAssembly (0ms)
			BuildScriptInfoCaches (585ms)
			ResolveRequiredComponents (49ms)
	FinalizeReload (2705ms)
		ReleaseScriptCaches (0ms)
		RebuildScriptCaches (0ms)
		SetupLoadedEditorAssemblies (2082ms)
			LogAssemblyErrors (0ms)
			InitializePlatformSupportModulesInManaged (5ms)
			SetLoadedEditorAssemblies (16ms)
			BeforeProcessingInitializeOnLoad (464ms)
			ProcessInitializeOnLoadAttributes (1158ms)
			ProcessInitializeOnLoadMethodAttributes (420ms)
			AfterProcessingInitializeOnLoad (17ms)
			EditorAssembliesLoaded (1ms)
		ExecutionOrderSort2 (0ms)
		AwakeInstancesAfterBackupRestoration (52ms)
Refreshing native plugins compatible for Editor in 40.06 ms, found 10 plugins.
Preloading 0 native plugins for Editor in 0.00 ms.
Unloading 26 Unused Serialized files (Serialized files now loaded: 0)
Unloading 7535 unused Assets / (5.1 MB). Loaded Objects now: 8312.
Memory consumption went from 192.9 MB to 187.8 MB.
Total: 27.080700 ms (FindLiveObjects: 1.526800 ms CreateObjectMapping: 3.525700 ms MarkObjects: 16.099700 ms  DeleteObjects: 5.925500 ms)

Prepare: number of updated asset objects reloaded= 0
========================================================================
Received Prepare
Begin MonoManager ReloadAssembly
- Loaded All Assemblies, in  2.342 seconds
Refreshing native plugins compatible for Editor in 25.56 ms, found 10 plugins.
Missing types referenced from component UniversalRenderPipelineGlobalSettings on game object UniversalRenderPipelineGlobalSettings:
	UnityEngine.Rendering.RenderingDebuggerRuntimeResources, Unity.RenderPipelines.Core.Runtime (1 object)
Native extension for WindowsStandalone target not found
Native extension for WebGL target not found
[Package Manager] Failed to launch server process. Reason: Unity was launched with the -noUpm command-line argument
[Package Manager] Unable to send message (not connected to server process).
[Package Manager] Cannot connect to Unity Package Manager local server
System.NullReferenceException: Object reference not set to an instance of an object
  at UnityEditor.XR.Interaction.Toolkit.Analytics.XRIAnalytics..cctor () [0x00000] in .\Library\PackageCache\com.unity.xr.interaction.toolkit@42ef3600567b\Editor\Analytics\XRIAnalytics.cs:32 
UnityEngine.Debug:ExtractStackTraceNoAlloc (byte*,int,string)
UnityEngine.StackTraceUtility:ExtractStackTrace ()
UnityEngine.DebugLogHandler:Internal_Log (UnityEngine.LogType,UnityEngine.LogOption,string,UnityEngine.Object)
UnityEngine.DebugLogHandler:LogFormat (UnityEngine.LogType,UnityEngine.Object,string,object[])
UnityEngine.Logger:Log (UnityEngine.LogType,object)
UnityEngine.Debug:LogError (object)
UnityEditor.EditorAssemblies:ProcessInitializeOnLoadAttributes (System.Type[])

[MODES] ModeService[none].Initialize
[MODES] ModeService[none].LoadModes
Mono: successfully reloaded assembly
[Package Manager] Failed to launch server process. Reason: Unity was launched with the -noUpm command-line argument
[Package Manager] Unable to send message (not connected to server process).
[Package Manager] Cannot connect to Unity Package Manager local server
- Finished resetting the current domain, in  2.749 seconds
Domain Reload Profiling: 5086ms
	BeginReloadAssembly (551ms)
		ExecutionOrderSort (0ms)
		DisableScriptedObjects (18ms)
		BackupInstance (0ms)
		ReleaseScriptingObjects (1ms)
		CreateAndSetChildDomain (122ms)
	RebuildCommonClasses (109ms)
	RebuildNativeTypeToScriptingClass (36ms)
	initialDomainReloadingComplete (77ms)
	LoadAllAssembliesAndSetupDomain (1564ms)
		LoadAssemblies (1174ms)
		RebuildTransferFunctionScriptingTraits (0ms)
		AnalyzeDomain (643ms)
			TypeCache.Refresh (20ms)
				TypeCache.ScanAssembly (0ms)
			BuildScriptInfoCaches (564ms)
			ResolveRequiredComponents (48ms)
	FinalizeReload (2750ms)
		ReleaseScriptCaches (0ms)
		RebuildScriptCaches (0ms)
		SetupLoadedEditorAssemblies (2149ms)
			LogAssemblyErrors (0ms)
			InitializePlatformSupportModulesInManaged (6ms)
			SetLoadedEditorAssemblies (16ms)
			BeforeProcessingInitializeOnLoad (481ms)
			ProcessInitializeOnLoadAttributes (1202ms)
			ProcessInitializeOnLoadMethodAttributes (426ms)
			AfterProcessingInitializeOnLoad (17ms)
			EditorAssembliesLoaded (1ms)
		ExecutionOrderSort2 (0ms)
		AwakeInstancesAfterBackupRestoration (54ms)
Refreshing native plugins compatible for Editor in 34.62 ms, found 10 plugins.
Preloading 0 native plugins for Editor in 0.00 ms.
Unloading 26 Unused Serialized files (Serialized files now loaded: 0)
Unloading 7535 unused Assets / (5.4 MB). Loaded Objects now: 8314.
Memory consumption went from 192.9 MB to 187.5 MB.
Total: 27.634400 ms (FindLiveObjects: 1.528200 ms CreateObjectMapping: 3.167200 ms MarkObjects: 15.314800 ms  DeleteObjects: 7.621000 ms)

Prepare: number of updated asset objects reloaded= 0
========================================================================
Received Prepare
Begin MonoManager ReloadAssembly
- Loaded All Assemblies, in  2.046 seconds
Refreshing native plugins compatible for Editor in 31.84 ms, found 10 plugins.
Missing types referenced from component UniversalRenderPipelineGlobalSettings on game object UniversalRenderPipelineGlobalSettings:
	UnityEngine.Rendering.RenderingDebuggerRuntimeResources, Unity.RenderPipelines.Core.Runtime (1 object)
Native extension for WindowsStandalone target not found
Native extension for WebGL target not found
[Package Manager] Failed to launch server process. Reason: Unity was launched with the -noUpm command-line argument
[Package Manager] Unable to send message (not connected to server process).
[Package Manager] Cannot connect to Unity Package Manager local server
System.NullReferenceException: Object reference not set to an instance of an object
  at UnityEditor.XR.Interaction.Toolkit.Analytics.XRIAnalytics..cctor () [0x00000] in .\Library\PackageCache\com.unity.xr.interaction.toolkit@42ef3600567b\Editor\Analytics\XRIAnalytics.cs:32 
UnityEngine.Debug:ExtractStackTraceNoAlloc (byte*,int,string)
UnityEngine.StackTraceUtility:ExtractStackTrace ()
UnityEngine.DebugLogHandler:Internal_Log (UnityEngine.LogType,UnityEngine.LogOption,string,UnityEngine.Object)
UnityEngine.DebugLogHandler:LogFormat (UnityEngine.LogType,UnityEngine.Object,string,object[])
UnityEngine.Logger:Log (UnityEngine.LogType,object)
UnityEngine.Debug:LogError (object)
UnityEditor.EditorAssemblies:ProcessInitializeOnLoadAttributes (System.Type[])

[MODES] ModeService[none].Initialize
[MODES] ModeService[none].LoadModes
Mono: successfully reloaded assembly
[Package Manager] Failed to launch server process. Reason: Unity was launched with the -noUpm command-line argument
[Package Manager] Unable to send message (not connected to server process).
[Package Manager] Cannot connect to Unity Package Manager local server
- Finished resetting the current domain, in  2.673 seconds
Domain Reload Profiling: 4717ms
	BeginReloadAssembly (472ms)
		ExecutionOrderSort (0ms)
		DisableScriptedObjects (15ms)
		BackupInstance (0ms)
		ReleaseScriptingObjects (0ms)
		CreateAndSetChildDomain (118ms)
	RebuildCommonClasses (84ms)
	RebuildNativeTypeToScriptingClass (31ms)
	initialDomainReloadingComplete (77ms)
	LoadAllAssembliesAndSetupDomain (1379ms)
		LoadAssemblies (928ms)
		RebuildTransferFunctionScriptingTraits (0ms)
		AnalyzeDomain (653ms)
			TypeCache.Refresh (17ms)
				TypeCache.ScanAssembly (0ms)
			BuildScriptInfoCaches (590ms)
			ResolveRequiredComponents (38ms)
	FinalizeReload (2674ms)
		ReleaseScriptCaches (0ms)
		RebuildScriptCaches (0ms)
		SetupLoadedEditorAssemblies (2101ms)
			LogAssemblyErrors (0ms)
			InitializePlatformSupportModulesInManaged (6ms)
			SetLoadedEditorAssemblies (16ms)
			BeforeProcessingInitializeOnLoad (455ms)
			ProcessInitializeOnLoadAttributes (1197ms)
			ProcessInitializeOnLoadMethodAttributes (410ms)
			AfterProcessingInitializeOnLoad (16ms)
			EditorAssembliesLoaded (1ms)
		ExecutionOrderSort2 (0ms)
		AwakeInstancesAfterBackupRestoration (47ms)
Refreshing native plugins compatible for Editor in 27.56 ms, found 10 plugins.
Preloading 0 native plugins for Editor in 0.00 ms.
Unloading 26 Unused Serialized files (Serialized files now loaded: 0)
Unloading 7535 unused Assets / (5.2 MB). Loaded Objects now: 8316.
Memory consumption went from 192.9 MB to 187.8 MB.
Total: 23.133300 ms (FindLiveObjects: 1.722900 ms CreateObjectMapping: 3.270300 ms MarkObjects: 11.908300 ms  DeleteObjects: 6.229400 ms)

Prepare: number of updated asset objects reloaded= 0
========================================================================
Received Prepare
Begin MonoManager ReloadAssembly
- Loaded All Assemblies, in  2.024 seconds
Refreshing native plugins compatible for Editor in 27.60 ms, found 10 plugins.
Missing types referenced from component UniversalRenderPipelineGlobalSettings on game object UniversalRenderPipelineGlobalSettings:
	UnityEngine.Rendering.RenderingDebuggerRuntimeResources, Unity.RenderPipelines.Core.Runtime (1 object)
Native extension for WindowsStandalone target not found
Native extension for WebGL target not found
[Package Manager] Failed to launch server process. Reason: Unity was launched with the -noUpm command-line argument
[Package Manager] Unable to send message (not connected to server process).
[Package Manager] Cannot connect to Unity Package Manager local server
System.NullReferenceException: Object reference not set to an instance of an object
  at UnityEditor.XR.Interaction.Toolkit.Analytics.XRIAnalytics..cctor () [0x00000] in .\Library\PackageCache\com.unity.xr.interaction.toolkit@42ef3600567b\Editor\Analytics\XRIAnalytics.cs:32 
UnityEngine.Debug:ExtractStackTraceNoAlloc (byte*,int,string)
UnityEngine.StackTraceUtility:ExtractStackTrace ()
UnityEngine.DebugLogHandler:Internal_Log (UnityEngine.LogType,UnityEngine.LogOption,string,UnityEngine.Object)
UnityEngine.DebugLogHandler:LogFormat (UnityEngine.LogType,UnityEngine.Object,string,object[])
UnityEngine.Logger:Log (UnityEngine.LogType,object)
UnityEngine.Debug:LogError (object)
UnityEditor.EditorAssemblies:ProcessInitializeOnLoadAttributes (System.Type[])

[MODES] ModeService[none].Initialize
[MODES] ModeService[none].LoadModes
Mono: successfully reloaded assembly
[Package Manager] Failed to launch server process. Reason: Unity was launched with the -noUpm command-line argument
[Package Manager] Unable to send message (not connected to server process).
[Package Manager] Cannot connect to Unity Package Manager local server
- Finished resetting the current domain, in  2.549 seconds
Domain Reload Profiling: 4566ms
	BeginReloadAssembly (509ms)
		ExecutionOrderSort (0ms)
		DisableScriptedObjects (15ms)
		BackupInstance (0ms)
		ReleaseScriptingObjects (0ms)
		CreateAndSetChildDomain (110ms)
	RebuildCommonClasses (101ms)
	RebuildNativeTypeToScriptingClass (33ms)
	initialDomainReloadingComplete (75ms)
	LoadAllAssembliesAndSetupDomain (1298ms)
		LoadAssemblies (965ms)
		RebuildTransferFunctionScriptingTraits (0ms)
		AnalyzeDomain (573ms)
			TypeCache.Refresh (15ms)
				TypeCache.ScanAssembly (0ms)
			BuildScriptInfoCaches (502ms)
			ResolveRequiredComponents (47ms)
	FinalizeReload (2550ms)
		ReleaseScriptCaches (0ms)
		RebuildScriptCaches (0ms)
		SetupLoadedEditorAssemblies (1959ms)
			LogAssemblyErrors (0ms)
			InitializePlatformSupportModulesInManaged (5ms)
			SetLoadedEditorAssemblies (13ms)
			BeforeProcessingInitializeOnLoad (432ms)
			ProcessInitializeOnLoadAttributes (1118ms)
			ProcessInitializeOnLoadMethodAttributes (371ms)
			AfterProcessingInitializeOnLoad (19ms)
			EditorAssembliesLoaded (1ms)
		ExecutionOrderSort2 (0ms)
		AwakeInstancesAfterBackupRestoration (46ms)
Refreshing native plugins compatible for Editor in 35.76 ms, found 10 plugins.
Preloading 0 native plugins for Editor in 0.00 ms.
Unloading 26 Unused Serialized files (Serialized files now loaded: 0)
Unloading 7535 unused Assets / (4.6 MB). Loaded Objects now: 8318.
Memory consumption went from 192.9 MB to 188.3 MB.
Total: 28.776700 ms (FindLiveObjects: 1.923600 ms CreateObjectMapping: 2.750400 ms MarkObjects: 14.817200 ms  DeleteObjects: 9.282600 ms)

Prepare: number of updated asset objects reloaded= 0
========================================================================
Received Prepare
Begin MonoManager ReloadAssembly
- Loaded All Assemblies, in  2.055 seconds
Refreshing native plugins compatible for Editor in 24.46 ms, found 10 plugins.
Missing types referenced from component UniversalRenderPipelineGlobalSettings on game object UniversalRenderPipelineGlobalSettings:
	UnityEngine.Rendering.RenderingDebuggerRuntimeResources, Unity.RenderPipelines.Core.Runtime (1 object)
Native extension for WindowsStandalone target not found
Native extension for WebGL target not found
[Package Manager] Failed to launch server process. Reason: Unity was launched with the -noUpm command-line argument
[Package Manager] Unable to send message (not connected to server process).
[Package Manager] Cannot connect to Unity Package Manager local server
System.NullReferenceException: Object reference not set to an instance of an object
  at UnityEditor.XR.Interaction.Toolkit.Analytics.XRIAnalytics..cctor () [0x00000] in .\Library\PackageCache\com.unity.xr.interaction.toolkit@42ef3600567b\Editor\Analytics\XRIAnalytics.cs:32 
UnityEngine.Debug:ExtractStackTraceNoAlloc (byte*,int,string)
UnityEngine.StackTraceUtility:ExtractStackTrace ()
UnityEngine.DebugLogHandler:Internal_Log (UnityEngine.LogType,UnityEngine.LogOption,string,UnityEngine.Object)
UnityEngine.DebugLogHandler:LogFormat (UnityEngine.LogType,UnityEngine.Object,string,object[])
UnityEngine.Logger:Log (UnityEngine.LogType,object)
UnityEngine.Debug:LogError (object)
UnityEditor.EditorAssemblies:ProcessInitializeOnLoadAttributes (System.Type[])

[MODES] ModeService[none].Initialize
[MODES] ModeService[none].LoadModes
Mono: successfully reloaded assembly
[Package Manager] Failed to launch server process. Reason: Unity was launched with the -noUpm command-line argument
[Package Manager] Unable to send message (not connected to server process).
[Package Manager] Cannot connect to Unity Package Manager local server
- Finished resetting the current domain, in  2.631 seconds
Domain Reload Profiling: 4677ms
	BeginReloadAssembly (489ms)
		ExecutionOrderSort (0ms)
		DisableScriptedObjects (16ms)
		BackupInstance (0ms)
		ReleaseScriptingObjects (0ms)
		CreateAndSetChildDomain (105ms)
	RebuildCommonClasses (100ms)
	RebuildNativeTypeToScriptingClass (38ms)
	initialDomainReloadingComplete (79ms)
	LoadAllAssembliesAndSetupDomain (1339ms)
		LoadAssemblies (925ms)
		RebuildTransferFunctionScriptingTraits (0ms)
		AnalyzeDomain (640ms)
			TypeCache.Refresh (15ms)
				TypeCache.ScanAssembly (0ms)
			BuildScriptInfoCaches (567ms)
			ResolveRequiredComponents (48ms)
	FinalizeReload (2632ms)
		ReleaseScriptCaches (0ms)
		RebuildScriptCaches (0ms)
		SetupLoadedEditorAssemblies (2027ms)
			LogAssemblyErrors (0ms)
			InitializePlatformSupportModulesInManaged (7ms)
			SetLoadedEditorAssemblies (14ms)
			BeforeProcessingInitializeOnLoad (437ms)
			ProcessInitializeOnLoadAttributes (1159ms)
			ProcessInitializeOnLoadMethodAttributes (394ms)
			AfterProcessingInitializeOnLoad (15ms)
			EditorAssembliesLoaded (1ms)
		ExecutionOrderSort2 (0ms)
		AwakeInstancesAfterBackupRestoration (46ms)
Refreshing native plugins compatible for Editor in 42.62 ms, found 10 plugins.
Preloading 0 native plugins for Editor in 0.00 ms.
Unloading 26 Unused Serialized files (Serialized files now loaded: 0)
Unloading 7535 unused Assets / (4.6 MB). Loaded Objects now: 8320.
Memory consumption went from 193.0 MB to 188.4 MB.
Total: 23.761300 ms (FindLiveObjects: 1.864600 ms CreateObjectMapping: 3.263000 ms MarkObjects: 13.032900 ms  DeleteObjects: 5.598800 ms)

Prepare: number of updated asset objects reloaded= 0
========================================================================
Received Prepare
Begin MonoManager ReloadAssembly
- Loaded All Assemblies, in  2.096 seconds
Refreshing native plugins compatible for Editor in 26.33 ms, found 10 plugins.
Missing types referenced from component UniversalRenderPipelineGlobalSettings on game object UniversalRenderPipelineGlobalSettings:
	UnityEngine.Rendering.RenderingDebuggerRuntimeResources, Unity.RenderPipelines.Core.Runtime (1 object)
Native extension for WindowsStandalone target not found
Native extension for WebGL target not found
[Package Manager] Failed to launch server process. Reason: Unity was launched with the -noUpm command-line argument
[Package Manager] Unable to send message (not connected to server process).
[Package Manager] Cannot connect to Unity Package Manager local server
System.NullReferenceException: Object reference not set to an instance of an object
  at UnityEditor.XR.Interaction.Toolkit.Analytics.XRIAnalytics..cctor () [0x00000] in .\Library\PackageCache\com.unity.xr.interaction.toolkit@42ef3600567b\Editor\Analytics\XRIAnalytics.cs:32 
UnityEngine.Debug:ExtractStackTraceNoAlloc (byte*,int,string)
UnityEngine.StackTraceUtility:ExtractStackTrace ()
UnityEngine.DebugLogHandler:Internal_Log (UnityEngine.LogType,UnityEngine.LogOption,string,UnityEngine.Object)
UnityEngine.DebugLogHandler:LogFormat (UnityEngine.LogType,UnityEngine.Object,string,object[])
UnityEngine.Logger:Log (UnityEngine.LogType,object)
UnityEngine.Debug:LogError (object)
UnityEditor.EditorAssemblies:ProcessInitializeOnLoadAttributes (System.Type[])

[MODES] ModeService[none].Initialize
[MODES] ModeService[none].LoadModes
Mono: successfully reloaded assembly
[Package Manager] Failed to launch server process. Reason: Unity was launched with the -noUpm command-line argument
[Package Manager] Unable to send message (not connected to server process).
[Package Manager] Cannot connect to Unity Package Manager local server
- Finished resetting the current domain, in  2.575 seconds
Domain Reload Profiling: 4663ms
	BeginReloadAssembly (468ms)
		ExecutionOrderSort (0ms)
		DisableScriptedObjects (18ms)
		BackupInstance (0ms)
		ReleaseScriptingObjects (0ms)
		CreateAndSetChildDomain (103ms)
	RebuildCommonClasses (93ms)
	RebuildNativeTypeToScriptingClass (39ms)
	initialDomainReloadingComplete (71ms)
	LoadAllAssembliesAndSetupDomain (1416ms)
		LoadAssemblies (1030ms)
		RebuildTransferFunctionScriptingTraits (0ms)
		AnalyzeDomain (598ms)
			TypeCache.Refresh (17ms)
				TypeCache.ScanAssembly (0ms)
			BuildScriptInfoCaches (530ms)
			ResolveRequiredComponents (42ms)
	FinalizeReload (2575ms)
		ReleaseScriptCaches (0ms)
		RebuildScriptCaches (0ms)
		SetupLoadedEditorAssemblies (1987ms)
			LogAssemblyErrors (0ms)
			InitializePlatformSupportModulesInManaged (5ms)
			SetLoadedEditorAssemblies (15ms)
			BeforeProcessingInitializeOnLoad (434ms)
			ProcessInitializeOnLoadAttributes (1118ms)
			ProcessInitializeOnLoadMethodAttributes (398ms)
			AfterProcessingInitializeOnLoad (16ms)
			EditorAssembliesLoaded (1ms)
		ExecutionOrderSort2 (0ms)
		AwakeInstancesAfterBackupRestoration (49ms)
Refreshing native plugins compatible for Editor in 32.27 ms, found 10 plugins.
Preloading 0 native plugins for Editor in 0.00 ms.
Unloading 26 Unused Serialized files (Serialized files now loaded: 0)
Unloading 7535 unused Assets / (5.6 MB). Loaded Objects now: 8322.
Memory consumption went from 193.0 MB to 187.3 MB.
Total: 27.076600 ms (FindLiveObjects: 1.521100 ms CreateObjectMapping: 2.684300 ms MarkObjects: 14.248500 ms  DeleteObjects: 8.619900 ms)

Prepare: number of updated asset objects reloaded= 0
========================================================================
Received Prepare
Begin MonoManager ReloadAssembly
- Loaded All Assemblies, in  2.135 seconds
Refreshing native plugins compatible for Editor in 31.53 ms, found 10 plugins.
Missing types referenced from component UniversalRenderPipelineGlobalSettings on game object UniversalRenderPipelineGlobalSettings:
	UnityEngine.Rendering.RenderingDebuggerRuntimeResources, Unity.RenderPipelines.Core.Runtime (1 object)
Native extension for WindowsStandalone target not found
Native extension for WebGL target not found
[Package Manager] Failed to launch server process. Reason: Unity was launched with the -noUpm command-line argument
[Package Manager] Unable to send message (not connected to server process).
[Package Manager] Cannot connect to Unity Package Manager local server
System.NullReferenceException: Object reference not set to an instance of an object
  at UnityEditor.XR.Interaction.Toolkit.Analytics.XRIAnalytics..cctor () [0x00000] in .\Library\PackageCache\com.unity.xr.interaction.toolkit@42ef3600567b\Editor\Analytics\XRIAnalytics.cs:32 
UnityEngine.Debug:ExtractStackTraceNoAlloc (byte*,int,string)
UnityEngine.StackTraceUtility:ExtractStackTrace ()
UnityEngine.DebugLogHandler:Internal_Log (UnityEngine.LogType,UnityEngine.LogOption,string,UnityEngine.Object)
UnityEngine.DebugLogHandler:LogFormat (UnityEngine.LogType,UnityEngine.Object,string,object[])
UnityEngine.Logger:Log (UnityEngine.LogType,object)
UnityEngine.Debug:LogError (object)
UnityEditor.EditorAssemblies:ProcessInitializeOnLoadAttributes (System.Type[])

[MODES] ModeService[none].Initialize
[MODES] ModeService[none].LoadModes
Mono: successfully reloaded assembly
[Package Manager] Failed to launch server process. Reason: Unity was launched with the -noUpm command-line argument
[Package Manager] Unable to send message (not connected to server process).
[Package Manager] Cannot connect to Unity Package Manager local server
- Finished resetting the current domain, in  2.833 seconds
Domain Reload Profiling: 4960ms
	BeginReloadAssembly (515ms)
		ExecutionOrderSort (0ms)
		DisableScriptedObjects (17ms)
		BackupInstance (0ms)
		ReleaseScriptingObjects (0ms)
		CreateAndSetChildDomain (110ms)
	RebuildCommonClasses (94ms)
	RebuildNativeTypeToScriptingClass (34ms)
	initialDomainReloadingComplete (77ms)
	LoadAllAssembliesAndSetupDomain (1406ms)
		LoadAssemblies (999ms)
		RebuildTransferFunctionScriptingTraits (0ms)
		AnalyzeDomain (649ms)
			TypeCache.Refresh (20ms)
				TypeCache.ScanAssembly (0ms)
			BuildScriptInfoCaches (583ms)
			ResolveRequiredComponents (36ms)
	FinalizeReload (2834ms)
		ReleaseScriptCaches (0ms)
		RebuildScriptCaches (0ms)
		SetupLoadedEditorAssemblies (2203ms)
			LogAssemblyErrors (0ms)
			InitializePlatformSupportModulesInManaged (8ms)
			SetLoadedEditorAssemblies (16ms)
			BeforeProcessingInitializeOnLoad (471ms)
			ProcessInitializeOnLoadAttributes (1261ms)
			ProcessInitializeOnLoadMethodAttributes (431ms)
			AfterProcessingInitializeOnLoad (16ms)
			EditorAssembliesLoaded (1ms)
		ExecutionOrderSort2 (0ms)
		AwakeInstancesAfterBackupRestoration (48ms)
Refreshing native plugins compatible for Editor in 31.06 ms, found 10 plugins.
Preloading 0 native plugins for Editor in 0.00 ms.
Unloading 26 Unused Serialized files (Serialized files now loaded: 0)
Unloading 7535 unused Assets / (5.0 MB). Loaded Objects now: 8324.
Memory consumption went from 216.2 MB to 211.2 MB.
Total: 25.954800 ms (FindLiveObjects: 2.125100 ms CreateObjectMapping: 3.319200 ms MarkObjects: 13.293000 ms  DeleteObjects: 7.214300 ms)

Prepare: number of updated asset objects reloaded= 0
========================================================================
Received Prepare
Begin MonoManager ReloadAssembly
- Loaded All Assemblies, in  2.252 seconds
Refreshing native plugins compatible for Editor in 31.44 ms, found 10 plugins.
Missing types referenced from component UniversalRenderPipelineGlobalSettings on game object UniversalRenderPipelineGlobalSettings:
	UnityEngine.Rendering.RenderingDebuggerRuntimeResources, Unity.RenderPipelines.Core.Runtime (1 object)
Native extension for WindowsStandalone target not found
Native extension for WebGL target not found
[Package Manager] Failed to launch server process. Reason: Unity was launched with the -noUpm command-line argument
[Package Manager] Unable to send message (not connected to server process).
[Package Manager] Cannot connect to Unity Package Manager local server
System.NullReferenceException: Object reference not set to an instance of an object
  at UnityEditor.XR.Interaction.Toolkit.Analytics.XRIAnalytics..cctor () [0x00000] in .\Library\PackageCache\com.unity.xr.interaction.toolkit@42ef3600567b\Editor\Analytics\XRIAnalytics.cs:32 
UnityEngine.Debug:ExtractStackTraceNoAlloc (byte*,int,string)
UnityEngine.StackTraceUtility:ExtractStackTrace ()
UnityEngine.DebugLogHandler:Internal_Log (UnityEngine.LogType,UnityEngine.LogOption,string,UnityEngine.Object)
UnityEngine.DebugLogHandler:LogFormat (UnityEngine.LogType,UnityEngine.Object,string,object[])
UnityEngine.Logger:Log (UnityEngine.LogType,object)
UnityEngine.Debug:LogError (object)
UnityEditor.EditorAssemblies:ProcessInitializeOnLoadAttributes (System.Type[])

[MODES] ModeService[none].Initialize
[MODES] ModeService[none].LoadModes
Mono: successfully reloaded assembly
[Package Manager] Failed to launch server process. Reason: Unity was launched with the -noUpm command-line argument
[Package Manager] Unable to send message (not connected to server process).
[Package Manager] Cannot connect to Unity Package Manager local server
- Finished resetting the current domain, in  2.760 seconds
Domain Reload Profiling: 5009ms
	BeginReloadAssembly (526ms)
		ExecutionOrderSort (0ms)
		DisableScriptedObjects (16ms)
		BackupInstance (0ms)
		ReleaseScriptingObjects (0ms)
		CreateAndSetChildDomain (116ms)
	RebuildCommonClasses (88ms)
	RebuildNativeTypeToScriptingClass (35ms)
	initialDomainReloadingComplete (70ms)
	LoadAllAssembliesAndSetupDomain (1528ms)
		LoadAssemblies (1128ms)
		RebuildTransferFunctionScriptingTraits (0ms)
		AnalyzeDomain (641ms)
			TypeCache.Refresh (18ms)
				TypeCache.ScanAssembly (0ms)
			BuildScriptInfoCaches (569ms)
			ResolveRequiredComponents (44ms)
	FinalizeReload (2762ms)
		ReleaseScriptCaches (0ms)
		RebuildScriptCaches (0ms)
		SetupLoadedEditorAssemblies (2131ms)
			LogAssemblyErrors (0ms)
			InitializePlatformSupportModulesInManaged (7ms)
			SetLoadedEditorAssemblies (17ms)
			BeforeProcessingInitializeOnLoad (460ms)
			ProcessInitializeOnLoadAttributes (1200ms)
			ProcessInitializeOnLoadMethodAttributes (431ms)
			AfterProcessingInitializeOnLoad (15ms)
			EditorAssembliesLoaded (1ms)
		ExecutionOrderSort2 (0ms)
		AwakeInstancesAfterBackupRestoration (54ms)
Refreshing native plugins compatible for Editor in 31.17 ms, found 10 plugins.
Preloading 0 native plugins for Editor in 0.00 ms.
Unloading 26 Unused Serialized files (Serialized files now loaded: 0)
Unloading 7535 unused Assets / (5.3 MB). Loaded Objects now: 8326.
Memory consumption went from 193.0 MB to 187.6 MB.
Total: 23.250500 ms (FindLiveObjects: 1.518100 ms CreateObjectMapping: 2.656900 ms MarkObjects: 11.506100 ms  DeleteObjects: 7.567100 ms)

Prepare: number of updated asset objects reloaded= 0
========================================================================
Received Prepare
Begin MonoManager ReloadAssembly
- Loaded All Assemblies, in  2.063 seconds
Refreshing native plugins compatible for Editor in 35.87 ms, found 10 plugins.
Missing types referenced from component UniversalRenderPipelineGlobalSettings on game object UniversalRenderPipelineGlobalSettings:
	UnityEngine.Rendering.RenderingDebuggerRuntimeResources, Unity.RenderPipelines.Core.Runtime (1 object)
Native extension for WindowsStandalone target not found
Native extension for WebGL target not found
[Package Manager] Failed to launch server process. Reason: Unity was launched with the -noUpm command-line argument
[Package Manager] Unable to send message (not connected to server process).
[Package Manager] Cannot connect to Unity Package Manager local server
System.NullReferenceException: Object reference not set to an instance of an object
  at UnityEditor.XR.Interaction.Toolkit.Analytics.XRIAnalytics..cctor () [0x00000] in .\Library\PackageCache\com.unity.xr.interaction.toolkit@42ef3600567b\Editor\Analytics\XRIAnalytics.cs:32 
UnityEngine.Debug:ExtractStackTraceNoAlloc (byte*,int,string)
UnityEngine.StackTraceUtility:ExtractStackTrace ()
UnityEngine.DebugLogHandler:Internal_Log (UnityEngine.LogType,UnityEngine.LogOption,string,UnityEngine.Object)
UnityEngine.DebugLogHandler:LogFormat (UnityEngine.LogType,UnityEngine.Object,string,object[])
UnityEngine.Logger:Log (UnityEngine.LogType,object)
UnityEngine.Debug:LogError (object)
UnityEditor.EditorAssemblies:ProcessInitializeOnLoadAttributes (System.Type[])

[MODES] ModeService[none].Initialize
[MODES] ModeService[none].LoadModes
Mono: successfully reloaded assembly
[Package Manager] Failed to launch server process. Reason: Unity was launched with the -noUpm command-line argument
[Package Manager] Unable to send message (not connected to server process).
[Package Manager] Cannot connect to Unity Package Manager local server
- Finished resetting the current domain, in  2.564 seconds
Domain Reload Profiling: 4620ms
	BeginReloadAssembly (491ms)
		ExecutionOrderSort (0ms)
		DisableScriptedObjects (20ms)
		BackupInstance (0ms)
		ReleaseScriptingObjects (0ms)
		CreateAndSetChildDomain (106ms)
	RebuildCommonClasses (95ms)
	RebuildNativeTypeToScriptingClass (40ms)
	initialDomainReloadingComplete (71ms)
	LoadAllAssembliesAndSetupDomain (1359ms)
		LoadAssemblies (933ms)
		RebuildTransferFunctionScriptingTraits (0ms)
		AnalyzeDomain (646ms)
			TypeCache.Refresh (16ms)
				TypeCache.ScanAssembly (0ms)
			BuildScriptInfoCaches (578ms)
			ResolveRequiredComponents (43ms)
	FinalizeReload (2565ms)
		ReleaseScriptCaches (0ms)
		RebuildScriptCaches (0ms)
		SetupLoadedEditorAssemblies (1918ms)
			LogAssemblyErrors (0ms)
			InitializePlatformSupportModulesInManaged (6ms)
			SetLoadedEditorAssemblies (18ms)
			BeforeProcessingInitializeOnLoad (433ms)
			ProcessInitializeOnLoadAttributes (1068ms)
			ProcessInitializeOnLoadMethodAttributes (378ms)
			AfterProcessingInitializeOnLoad (15ms)
			EditorAssembliesLoaded (1ms)
		ExecutionOrderSort2 (0ms)
		AwakeInstancesAfterBackupRestoration (43ms)
Refreshing native plugins compatible for Editor in 26.74 ms, found 10 plugins.
Preloading 0 native plugins for Editor in 0.00 ms.
Unloading 26 Unused Serialized files (Serialized files now loaded: 0)
Unloading 7535 unused Assets / (4.9 MB). Loaded Objects now: 8328.
Memory consumption went from 193.0 MB to 188.0 MB.
Total: 24.011900 ms (FindLiveObjects: 1.690900 ms CreateObjectMapping: 2.914800 ms MarkObjects: 13.502800 ms  DeleteObjects: 5.901500 ms)

Prepare: number of updated asset objects reloaded= 0
========================================================================
Received Prepare
Begin MonoManager ReloadAssembly
- Loaded All Assemblies, in  2.055 seconds
Refreshing native plugins compatible for Editor in 20.85 ms, found 10 plugins.
Missing types referenced from component UniversalRenderPipelineGlobalSettings on game object UniversalRenderPipelineGlobalSettings:
	UnityEngine.Rendering.RenderingDebuggerRuntimeResources, Unity.RenderPipelines.Core.Runtime (1 object)
Native extension for WindowsStandalone target not found
Native extension for WebGL target not found
[Package Manager] Failed to launch server process. Reason: Unity was launched with the -noUpm command-line argument
[Package Manager] Unable to send message (not connected to server process).
[Package Manager] Cannot connect to Unity Package Manager local server
System.NullReferenceException: Object reference not set to an instance of an object
  at UnityEditor.XR.Interaction.Toolkit.Analytics.XRIAnalytics..cctor () [0x00000] in .\Library\PackageCache\com.unity.xr.interaction.toolkit@42ef3600567b\Editor\Analytics\XRIAnalytics.cs:32 
UnityEngine.Debug:ExtractStackTraceNoAlloc (byte*,int,string)
UnityEngine.StackTraceUtility:ExtractStackTrace ()
UnityEngine.DebugLogHandler:Internal_Log (UnityEngine.LogType,UnityEngine.LogOption,string,UnityEngine.Object)
UnityEngine.DebugLogHandler:LogFormat (UnityEngine.LogType,UnityEngine.Object,string,object[])
UnityEngine.Logger:Log (UnityEngine.LogType,object)
UnityEngine.Debug:LogError (object)
UnityEditor.EditorAssemblies:ProcessInitializeOnLoadAttributes (System.Type[])

[MODES] ModeService[none].Initialize
[MODES] ModeService[none].LoadModes
Mono: successfully reloaded assembly
[Package Manager] Failed to launch server process. Reason: Unity was launched with the -noUpm command-line argument
[Package Manager] Unable to send message (not connected to server process).
[Package Manager] Cannot connect to Unity Package Manager local server
- Finished resetting the current domain, in  2.472 seconds
Domain Reload Profiling: 4518ms
	BeginReloadAssembly (489ms)
		ExecutionOrderSort (0ms)
		DisableScriptedObjects (14ms)
		BackupInstance (0ms)
		ReleaseScriptingObjects (0ms)
		CreateAndSetChildDomain (98ms)
	RebuildCommonClasses (111ms)
	RebuildNativeTypeToScriptingClass (44ms)
	initialDomainReloadingComplete (79ms)
	LoadAllAssembliesAndSetupDomain (1322ms)
		LoadAssemblies (982ms)
		RebuildTransferFunctionScriptingTraits (0ms)
		AnalyzeDomain (574ms)
			TypeCache.Refresh (16ms)
				TypeCache.ScanAssembly (0ms)
			BuildScriptInfoCaches (512ms)
			ResolveRequiredComponents (38ms)
	FinalizeReload (2473ms)
		ReleaseScriptCaches (0ms)
		RebuildScriptCaches (0ms)
		SetupLoadedEditorAssemblies (1913ms)
			LogAssemblyErrors (0ms)
			InitializePlatformSupportModulesInManaged (5ms)
			SetLoadedEditorAssemblies (12ms)
			BeforeProcessingInitializeOnLoad (415ms)
			ProcessInitializeOnLoadAttributes (1068ms)
			ProcessInitializeOnLoadMethodAttributes (399ms)
			AfterProcessingInitializeOnLoad (14ms)
			EditorAssembliesLoaded (1ms)
		ExecutionOrderSort2 (0ms)
		AwakeInstancesAfterBackupRestoration (40ms)
Refreshing native plugins compatible for Editor in 24.33 ms, found 10 plugins.
Preloading 0 native plugins for Editor in 0.00 ms.
Unloading 26 Unused Serialized files (Serialized files now loaded: 0)
Unloading 7535 unused Assets / (4.8 MB). Loaded Objects now: 8330.
Memory consumption went from 193.0 MB to 188.2 MB.
Total: 23.041400 ms (FindLiveObjects: 1.540000 ms CreateObjectMapping: 2.343000 ms MarkObjects: 12.861800 ms  DeleteObjects: 6.294500 ms)

Prepare: number of updated asset objects reloaded= 0
========================================================================
Received Import Request.
  Time since last request: 6371.829827 seconds.
  path: Packages/com.weart.sdk/Runtime/Prefabs/New Actions.inputactions
  artifactKey: Guid(04d95cf5e95dc6f44bba4d3a51c18b9c) Importer(815301076,1909f56bfc062723c751e8b465ee728b)
Start importing Packages/com.weart.sdk/Runtime/Prefabs/New Actions.inputactions using Guid(04d95cf5e95dc6f44bba4d3a51c18b9c) Importer(815301076,1909f56bfc062723c751e8b465ee728b) (PreviewImporter) -> (artifact id: '7ff984cdddbd0e6696ab45f88584ad9f') in 1.4542248 seconds
Number of updated asset objects reloaded before import = 0Number of asset objects unloaded after import = 1

========================================================================
Received Import Request.
  Time since last request: 70.126928 seconds.
  path: Packages/com.weart.sdk/Runtime/Prefabs/New Actions 1.inputactions
  artifactKey: Guid(f513abca66264fb4392127276d03397b) Importer(815301076,1909f56bfc062723c751e8b465ee728b)
Start importing Packages/com.weart.sdk/Runtime/Prefabs/New Actions 1.inputactions using Guid(f513abca66264fb4392127276d03397b) Importer(815301076,1909f56bfc062723c751e8b465ee728b) (PreviewImporter) -> (artifact id: '72a7ed70d3f485851af38449797c77e2') in 0.0027678 seconds
Number of updated asset objects reloaded before import = 0Number of asset objects unloaded after import = 1

========================================================================
Received Import Request.
  Time since last request: 273.252785 seconds.
  path: Assets/progetto.unity
  artifactKey: Guid(1f8ece96300d240459187ec68d2a417a) Importer(815301076,1909f56bfc062723c751e8b465ee728b)
Start importing Assets/progetto.unity using Guid(1f8ece96300d240459187ec68d2a417a) Importer(815301076,1909f56bfc062723c751e8b465ee728b) (PreviewImporter) -> (artifact id: 'd7ff023cb75d1644fcbceb3be3699a38') in 0.00183 seconds
Number of updated asset objects reloaded before import = 0Number of asset objects unloaded after import = 0

========================================================================
Received Import Request.
  Time since last request: 0.595176 seconds.
  path: Assets/MuscleMenuTrigger.cs
  artifactKey: Guid(c879febc9ac8f8a49b25a024423d7a91) Importer(815301076,1909f56bfc062723c751e8b465ee728b)
Start importing Assets/MuscleMenuTrigger.cs using Guid(c879febc9ac8f8a49b25a024423d7a91) Importer(815301076,1909f56bfc062723c751e8b465ee728b) (PreviewImporter) -> (artifact id: '70c6b16ef6b8782263d5e1e78d6087bc') in 0.0009134 seconds
Number of updated asset objects reloaded before import = 0Number of asset objects unloaded after import = 0

========================================================================
Received Import Request.
  Time since last request: 6.089031 seconds.
  path: Assets/Settings
  artifactKey: Guid(709f11a7f3c4041caa4ef136ea32d874) Importer(815301076,1909f56bfc062723c751e8b465ee728b)
Start importing Assets/Settings using Guid(709f11a7f3c4041caa4ef136ea32d874) Importer(815301076,1909f56bfc062723c751e8b465ee728b) (PreviewImporter) -> (artifact id: 'c4b47d252bc4e8d77fd6334abcf5e3e8') in 0.0010761 seconds
Number of updated asset objects reloaded before import = 0Number of asset objects unloaded after import = 0

========================================================================
Received Import Request.
  Time since last request: 0.000034 seconds.
  path: Assets/Settings/DefaultVolumeProfile.asset
  artifactKey: Guid(ab09877e2e707104187f6f83e2f62510) Importer(815301076,1909f56bfc062723c751e8b465ee728b)
Start importing Assets/Settings/DefaultVolumeProfile.asset using Guid(ab09877e2e707104187f6f83e2f62510) Importer(815301076,1909f56bfc062723c751e8b465ee728b) (PreviewImporter) -> (artifact id: 'b69919a86fa1bc8d2409dcd3b2669e0b') in 0.0028412 seconds
Number of updated asset objects reloaded before import = 0Number of asset objects unloaded after import = 0

========================================================================
Received Import Request.
  Time since last request: 12.119428 seconds.
  path: Assets/New Actions.inputactions
  artifactKey: Guid(e957be11975b1714cb5be44fb0a492a2) Importer(815301076,1909f56bfc062723c751e8b465ee728b)
Start importing Assets/New Actions.inputactions using Guid(e957be11975b1714cb5be44fb0a492a2) Importer(815301076,1909f56bfc062723c751e8b465ee728b) (PreviewImporter) -> (artifact id: '9f46713366a07e6e4fdd421cff412ceb') in 0.0034017 seconds
Number of updated asset objects reloaded before import = 0Number of asset objects unloaded after import = 1

========================================================================
Received Import Request.
  Time since last request: 39.271568 seconds.
  path: Assets/InputSystem_Actions.inputactions
  artifactKey: Guid(052faaac586de48259a63d0c4782560b) Importer(815301076,1909f56bfc062723c751e8b465ee728b)
Start importing Assets/InputSystem_Actions.inputactions using Guid(052faaac586de48259a63d0c4782560b) Importer(815301076,1909f56bfc062723c751e8b465ee728b) (PreviewImporter) -> (artifact id: '39431786bdd320bbfe8080b164fc6446') in 0.0223869 seconds
Number of updated asset objects reloaded before import = 1Number of asset objects unloaded after import = 19

========================================================================
Received Import Request.
  Time since last request: 94.884732 seconds.
  path: Assets/Pippoactions.inputactions
  artifactKey: Guid(68edd58478a9f3947be9277aac13a22d) Importer(815301076,1909f56bfc062723c751e8b465ee728b)
Start importing Assets/Pippoactions.inputactions using Guid(68edd58478a9f3947be9277aac13a22d) Importer(815301076,1909f56bfc062723c751e8b465ee728b) (PreviewImporter) -> (artifact id: '28de7cc0df8f4b761726112744fe52c7') in 0.0028875 seconds
Number of updated asset objects reloaded before import = 0Number of asset objects unloaded after import = 1

========================================================================
Received Import Request.
  Time since last request: 32.793377 seconds.
  path: Assets/Pippoactions.inputactions
  artifactKey: Guid(68edd58478a9f3947be9277aac13a22d) Importer(815301076,1909f56bfc062723c751e8b465ee728b)
Start importing Assets/Pippoactions.inputactions using Guid(68edd58478a9f3947be9277aac13a22d) Importer(815301076,1909f56bfc062723c751e8b465ee728b) (PreviewImporter) -> (artifact id: '2ffc5ca61ef9fe9d676351520152bc73') in 0.0025442 seconds
Number of updated asset objects reloaded before import = 0Number of asset objects unloaded after import = 2

========================================================================
Received Import Request.
  Time since last request: 181.221566 seconds.
  path: Assets/Pippoactions.inputactions
  artifactKey: Guid(68edd58478a9f3947be9277aac13a22d) Importer(815301076,1909f56bfc062723c751e8b465ee728b)
Start importing Assets/Pippoactions.inputactions using Guid(68edd58478a9f3947be9277aac13a22d) Importer(815301076,1909f56bfc062723c751e8b465ee728b) (PreviewImporter) -> (artifact id: '16ae4bc8b85fede3719b1dfb7e9be6fd') in 0.0027709 seconds
Number of updated asset objects reloaded before import = 0Number of asset objects unloaded after import = 4

========================================================================
Received Prepare
Refreshing native plugins compatible for Editor in 20.82 ms, found 10 plugins.
Preloading 0 native plugins for Editor in 0.00 ms.
Unloading 14 Unused Serialized files (Serialized files now loaded: 0)
Unloading 7476 unused Assets / (4.9 MB). Loaded Objects now: 8323.
Memory consumption went from 163.4 MB to 158.5 MB.
Total: 30.641300 ms (FindLiveObjects: 1.269100 ms CreateObjectMapping: 1.924300 ms MarkObjects: 22.779800 ms  DeleteObjects: 4.666300 ms)

Prepare: number of updated asset objects reloaded= 0
========================================================================
Received Import Request.
  Time since last request: 390.942621 seconds.
  path: Assets/Pippoactions.inputactions
  artifactKey: Guid(68edd58478a9f3947be9277aac13a22d) Importer(815301076,1909f56bfc062723c751e8b465ee728b)
Start importing Assets/Pippoactions.inputactions using Guid(68edd58478a9f3947be9277aac13a22d) Importer(815301076,1909f56bfc062723c751e8b465ee728b) (PreviewImporter) -> (artifact id: 'ca76bcf3c49e62c07cac94c90a3e70d9') in 0.0481056 seconds
Number of updated asset objects reloaded before import = 0Number of asset objects unloaded after import = 4

========================================================================
Received Prepare
Begin MonoManager ReloadAssembly
- Loaded All Assemblies, in  1.820 seconds
Refreshing native plugins compatible for Editor in 15.19 ms, found 10 plugins.
Missing types referenced from component UniversalRenderPipelineGlobalSettings on game object UniversalRenderPipelineGlobalSettings:
	UnityEngine.Rendering.RenderingDebuggerRuntimeResources, Unity.RenderPipelines.Core.Runtime (1 object)
Native extension for WindowsStandalone target not found
Native extension for WebGL target not found
[Package Manager] Failed to launch server process. Reason: Unity was launched with the -noUpm command-line argument
[Package Manager] Unable to send message (not connected to server process).
[Package Manager] Cannot connect to Unity Package Manager local server
System.NullReferenceException: Object reference not set to an instance of an object
  at UnityEditor.XR.Interaction.Toolkit.Analytics.XRIAnalytics..cctor () [0x00000] in .\Library\PackageCache\com.unity.xr.interaction.toolkit@42ef3600567b\Editor\Analytics\XRIAnalytics.cs:32 
UnityEngine.Debug:ExtractStackTraceNoAlloc (byte*,int,string)
UnityEngine.StackTraceUtility:ExtractStackTrace ()
UnityEngine.DebugLogHandler:Internal_Log (UnityEngine.LogType,UnityEngine.LogOption,string,UnityEngine.Object)
UnityEngine.DebugLogHandler:LogFormat (UnityEngine.LogType,UnityEngine.Object,string,object[])
UnityEngine.Logger:Log (UnityEngine.LogType,object)
UnityEngine.Debug:LogError (object)
UnityEditor.EditorAssemblies:ProcessInitializeOnLoadAttributes (System.Type[])

[MODES] ModeService[none].Initialize
[MODES] ModeService[none].LoadModes
Mono: successfully reloaded assembly
[Package Manager] Failed to launch server process. Reason: Unity was launched with the -noUpm command-line argument
[Package Manager] Unable to send message (not connected to server process).
[Package Manager] Cannot connect to Unity Package Manager local server
- Finished resetting the current domain, in  1.701 seconds
Domain Reload Profiling: 3517ms
	BeginReloadAssembly (488ms)
		ExecutionOrderSort (0ms)
		DisableScriptedObjects (14ms)
		BackupInstance (0ms)
		ReleaseScriptingObjects (0ms)
		CreateAndSetChildDomain (153ms)
	RebuildCommonClasses (80ms)
	RebuildNativeTypeToScriptingClass (24ms)
	initialDomainReloadingComplete (59ms)
	LoadAllAssembliesAndSetupDomain (1164ms)
		LoadAssemblies (943ms)
		RebuildTransferFunctionScriptingTraits (0ms)
		AnalyzeDomain (422ms)
			TypeCache.Refresh (22ms)
				TypeCache.ScanAssembly (2ms)
			BuildScriptInfoCaches (363ms)
			ResolveRequiredComponents (31ms)
	FinalizeReload (1701ms)
		ReleaseScriptCaches (0ms)
		RebuildScriptCaches (0ms)
		SetupLoadedEditorAssemblies (1311ms)
			LogAssemblyErrors (0ms)
			InitializePlatformSupportModulesInManaged (4ms)
			SetLoadedEditorAssemblies (8ms)
			BeforeProcessingInitializeOnLoad (247ms)
			ProcessInitializeOnLoadAttributes (741ms)
			ProcessInitializeOnLoadMethodAttributes (300ms)
			AfterProcessingInitializeOnLoad (10ms)
			EditorAssembliesLoaded (1ms)
		ExecutionOrderSort2 (0ms)
		AwakeInstancesAfterBackupRestoration (38ms)
Refreshing native plugins compatible for Editor in 23.33 ms, found 10 plugins.
Preloading 0 native plugins for Editor in 0.00 ms.
Unloading 27 Unused Serialized files (Serialized files now loaded: 0)
Unloading 7536 unused Assets / (5.5 MB). Loaded Objects now: 8333.
Memory consumption went from 194.1 MB to 188.6 MB.
Total: 30.792600 ms (FindLiveObjects: 1.519500 ms CreateObjectMapping: 2.949900 ms MarkObjects: 18.989400 ms  DeleteObjects: 7.331800 ms)

Prepare: number of updated asset objects reloaded= 0
========================================================================
Received Import Request.
  Time since last request: 333.892478 seconds.
  path: Assets/ChoiceTotalRemova.cs
  artifactKey: Guid(f3c2a9e3fd98d2f4ea46c8d8fa453ad8) Importer(2089858483,192608db42251d675da83286b1cce702)
Start importing Assets/ChoiceTotalRemova.cs using Guid(f3c2a9e3fd98d2f4ea46c8d8fa453ad8) Importer(2089858483,192608db42251d675da83286b1cce702) (ScriptedImporter) -> (artifact id: 'd9c35cbedffffb7ac4a17583c103ad3a') in 0.3958975 seconds
Number of updated asset objects reloaded before import = 0Number of asset objects unloaded after import = 0

========================================================================
Received Import Request.
  Time since last request: 0.000028 seconds.
  path: Assets/TextMesh Pro/Shaders/TMPro_Surface.cginc
  artifactKey: Guid(d930090c0cd643c7b55f19a38538c162) Importer(2089858483,192608db42251d675da83286b1cce702)
Start importing Assets/TextMesh Pro/Shaders/TMPro_Surface.cginc using Guid(d930090c0cd643c7b55f19a38538c162) Importer(2089858483,192608db42251d675da83286b1cce702) (ScriptedImporter) -> (artifact id: '8bf0715fef489f982e54b61d2ce9cdeb') in 0.0303036 seconds
Number of updated asset objects reloaded before import = 0Number of asset objects unloaded after import = 1

========================================================================
Received Import Request.
  Time since last request: 0.000034 seconds.
  path: Assets/Scenes/MainScene.unity
  artifactKey: Guid(98a5accb4e37f404da77ff1faae93f34) Importer(2089858483,192608db42251d675da83286b1cce702)
Start importing Assets/Scenes/MainScene.unity using Guid(98a5accb4e37f404da77ff1faae93f34) Importer(2089858483,192608db42251d675da83286b1cce702) (ScriptedImporter) -> (artifact id: 'b8250506f5096df2532ef7b0431d0b4f') in 0.0342092 seconds
Number of updated asset objects reloaded before import = 0Number of asset objects unloaded after import = 1

========================================================================
Received Import Request.
  Time since last request: 0.000022 seconds.
  path: Assets/TextMesh Pro/Shaders/TMP_Bitmap.shader
  artifactKey: Guid(128e987d567d4e2c824d754223b3f3b0) Importer(2089858483,192608db42251d675da83286b1cce702)
Start importing Assets/TextMesh Pro/Shaders/TMP_Bitmap.shader using Guid(128e987d567d4e2c824d754223b3f3b0) Importer(2089858483,192608db42251d675da83286b1cce702) (ScriptedImporter) -> (artifact id: 'e5c12d65c56f9f2ac0fc52217596133e') in 0.0294608 seconds
Number of updated asset objects reloaded before import = 0Number of asset objects unloaded after import = 1

========================================================================
Received Import Request.
  Time since last request: 0.000022 seconds.
  path: Assets/MouseInteractionManager.cs
  artifactKey: Guid(07f3d49c2e610aa42be982fb2fa6b1c4) Importer(2089858483,192608db42251d675da83286b1cce702)
Start importing Assets/MouseInteractionManager.cs using Guid(07f3d49c2e610aa42be982fb2fa6b1c4) Importer(2089858483,192608db42251d675da83286b1cce702) (ScriptedImporter) -> (artifact id: '1cacab3ec32c57c13f0a88ba27710646') in 0.0179994 seconds
Number of updated asset objects reloaded before import = 0Number of asset objects unloaded after import = 0

========================================================================
Received Import Request.
  Time since last request: 0.000027 seconds.
  path: Assets/TextMesh Pro/Shaders/TMP_SDF Overlay.shader
  artifactKey: Guid(dd89cf5b9246416f84610a006f916af7) Importer(2089858483,192608db42251d675da83286b1cce702)
Start importing Assets/TextMesh Pro/Shaders/TMP_SDF Overlay.shader using Guid(dd89cf5b9246416f84610a006f916af7) Importer(2089858483,192608db42251d675da83286b1cce702) (ScriptedImporter) -> (artifact id: 'c0551cd335f9a9308ce5aa6b50e8b28d') in 0.0191498 seconds
Number of updated asset objects reloaded before import = 0Number of asset objects unloaded after import = 1

========================================================================
Received Import Request.
  Time since last request: 0.000033 seconds.
  path: Assets/TextMesh Pro/Shaders/TMP_SDF SSD.shader
  artifactKey: Guid(14eb328de4b8eb245bb7cea29e4ac00b) Importer(2089858483,192608db42251d675da83286b1cce702)
Start importing Assets/TextMesh Pro/Shaders/TMP_SDF SSD.shader using Guid(14eb328de4b8eb245bb7cea29e4ac00b) Importer(2089858483,192608db42251d675da83286b1cce702) (ScriptedImporter) -> (artifact id: '909dd2fd2bc8c44751d946e9dfcb7594') in 0.0214343 seconds
Number of updated asset objects reloaded before import = 0Number of asset objects unloaded after import = 1

========================================================================
Received Import Request.
  Time since last request: 0.000026 seconds.
  path: Assets/TreatmentSetup.cs
  artifactKey: Guid(2b64299b6f330c6459298593d22dedc7) Importer(2089858483,192608db42251d675da83286b1cce702)
Start importing Assets/TreatmentSetup.cs using Guid(2b64299b6f330c6459298593d22dedc7) Importer(2089858483,192608db42251d675da83286b1cce702) (ScriptedImporter) -> (artifact id: '73971f4344aa95973d816978c7405e46') in 0.0185787 seconds
Number of updated asset objects reloaded before import = 0Number of asset objects unloaded after import = 0

========================================================================
Received Import Request.
  Time since last request: 0.000025 seconds.
  path: Assets/Untitled.fbx
  artifactKey: Guid(cc2bd507364024b4b90d5d56d02b6224) Importer(2089858483,192608db42251d675da83286b1cce702)
Start importing Assets/Untitled.fbx using Guid(cc2bd507364024b4b90d5d56d02b6224) Importer(2089858483,192608db42251d675da83286b1cce702) (ScriptedImporter) -> (artifact id: 'c4ad5e8d2d47e8e60850cd331b6a3ba6') in 0.6361605 seconds
Number of updated asset objects reloaded before import = 0Number of asset objects unloaded after import = 222

========================================================================
Received Import Request.
  Time since last request: 0.000034 seconds.
  path: Assets/TutorialInfo/Icons/URP.png
  artifactKey: Guid(727a75301c3d24613a3ebcec4a24c2c8) Importer(2089858483,192608db42251d675da83286b1cce702)
Start importing Assets/TutorialInfo/Icons/URP.png using Guid(727a75301c3d24613a3ebcec4a24c2c8) Importer(2089858483,192608db42251d675da83286b1cce702) (ScriptedImporter) -> (artifact id: '8e3b5ae6f71ae8fc86aad17561d3aa18') in 0.1219529 seconds
Number of updated asset objects reloaded before import = 0Number of asset objects unloaded after import = 1

========================================================================
Received Import Request.
  Time since last request: 0.000030 seconds.
  path: Assets/materials/laringe trahce.mat
  artifactKey: Guid(987b15c4002a7ae4aafb79526f6ba50b) Importer(2089858483,192608db42251d675da83286b1cce702)
Start importing Assets/materials/laringe trahce.mat using Guid(987b15c4002a7ae4aafb79526f6ba50b) Importer(2089858483,192608db42251d675da83286b1cce702) (ScriptedImporter) -> (artifact id: '49b6937fbc134ec526ac8196f5ec4adb') in 0.0611074 seconds
Number of updated asset objects reloaded before import = 0Number of asset objects unloaded after import = 1

========================================================================
Received Import Request.
  Time since last request: 0.000020 seconds.
  path: Assets/materials/tiroide.mat
  artifactKey: Guid(974d9f5744b6cda42aa30af4fb02ce81) Importer(2089858483,192608db42251d675da83286b1cce702)
Start importing Assets/materials/tiroide.mat using Guid(974d9f5744b6cda42aa30af4fb02ce81) Importer(2089858483,192608db42251d675da83286b1cce702) (ScriptedImporter) -> (artifact id: '6214db45bef7d56e5804eda9f900d421') in 0.0191343 seconds
Number of updated asset objects reloaded before import = 0Number of asset objects unloaded after import = 1

========================================================================
Received Import Request.
  Time since last request: 0.000033 seconds.
  path: Assets/MuscleMenuTrigger.cs
  artifactKey: Guid(c879febc9ac8f8a49b25a024423d7a91) Importer(2089858483,192608db42251d675da83286b1cce702)
Start importing Assets/MuscleMenuTrigger.cs using Guid(c879febc9ac8f8a49b25a024423d7a91) Importer(2089858483,192608db42251d675da83286b1cce702) (ScriptedImporter) -> (artifact id: '4555e407b87d162d331c5dfcb65d97b4') in 0.0154564 seconds
Number of updated asset objects reloaded before import = 0Number of asset objects unloaded after import = 0

========================================================================
Received Import Request.
  Time since last request: 0.000032 seconds.
  path: Assets/TutorialInfo/Scripts/Readme.cs
  artifactKey: Guid(fcf7219bab7fe46a1ad266029b2fee19) Importer(2089858483,192608db42251d675da83286b1cce702)
Start importing Assets/TutorialInfo/Scripts/Readme.cs using Guid(fcf7219bab7fe46a1ad266029b2fee19) Importer(2089858483,192608db42251d675da83286b1cce702) (ScriptedImporter) -> (artifact id: '23d071ec7978d1ddea1c32430f6b211e') in 0.0161475 seconds
Number of updated asset objects reloaded before import = 0Number of asset objects unloaded after import = 0

========================================================================
Received Import Request.
  Time since last request: 0.000049 seconds.
  path: Assets/TextMesh Pro/Examples & Extras/Prefabs/Text Popup.prefab
  artifactKey: Guid(b06f0e6c1dfa4356ac918da1bb32c603) Importer(2089858483,192608db42251d675da83286b1cce702)
Start importing Assets/TextMesh Pro/Examples & Extras/Prefabs/Text Popup.prefab using Guid(b06f0e6c1dfa4356ac918da1bb32c603) Importer(2089858483,192608db42251d675da83286b1cce702) (ScriptedImporter) -> (artifact id: '29b4568356652623d35bc584d009c077') in 0.1770319 seconds
Number of updated asset objects reloaded before import = 0Number of asset objects unloaded after import = 21

========================================================================
Received Import Request.
  Time since last request: 0.000030 seconds.
  path: Assets/TextMesh Pro/Examples & Extras/Fonts/Roboto-Bold - AFL.txt
  artifactKey: Guid(f28c334d44214474d9702d3ad79ecb0a) Importer(2089858483,192608db42251d675da83286b1cce702)
Start importing Assets/TextMesh Pro/Examples & Extras/Fonts/Roboto-Bold - AFL.txt using Guid(f28c334d44214474d9702d3ad79ecb0a) Importer(2089858483,192608db42251d675da83286b1cce702) (ScriptedImporter) -> (artifact id: 'd1e1c9006cef3807255cdd38b1d540d6') in 0.0356063 seconds
Number of updated asset objects reloaded before import = 0Number of asset objects unloaded after import = 1

========================================================================
Received Import Request.
  Time since last request: 0.000041 seconds.
  path: Assets/materials/M_DiscoRed.mat
  artifactKey: Guid(c1bf9d15ce950024291207cc11248255) Importer(2089858483,192608db42251d675da83286b1cce702)
Start importing Assets/materials/M_DiscoRed.mat using Guid(c1bf9d15ce950024291207cc11248255) Importer(2089858483,192608db42251d675da83286b1cce702) (ScriptedImporter) -> (artifact id: 'c7e487e52df9a2fcb6197e2392161f67') in 0.0249972 seconds
Number of updated asset objects reloaded before import = 0Number of asset objects unloaded after import = 2

========================================================================
Received Import Request.
  Time since last request: 0.000039 seconds.
  path: Assets/XR/Loaders/OculusLoader.asset
  artifactKey: Guid(030fd91b0445d384ba10bf674d6f6258) Importer(2089858483,192608db42251d675da83286b1cce702)
Start importing Assets/XR/Loaders/OculusLoader.asset using Guid(030fd91b0445d384ba10bf674d6f6258) Importer(2089858483,192608db42251d675da83286b1cce702) (ScriptedImporter) -> (artifact id: 'fe319e14cb0b9b052034653a9b845a96') in 0.0202834 seconds
Number of updated asset objects reloaded before import = 0Number of asset objects unloaded after import = 1

========================================================================
Received Import Request.
  Time since last request: 0.000027 seconds.
  path: Assets/TextMesh Pro/Examples & Extras/Scenes/10 - Bullets & Numbered List Example.unity
  artifactKey: Guid(c3f814e1d12c45568daf3dd9a86a0e61) Importer(2089858483,192608db42251d675da83286b1cce702)
Start importing Assets/TextMesh Pro/Examples & Extras/Scenes/10 - Bullets & Numbered List Example.unity using Guid(c3f814e1d12c45568daf3dd9a86a0e61) Importer(2089858483,192608db42251d675da83286b1cce702) (ScriptedImporter) -> (artifact id: 'f91bf411ba75fcd0568cca6094d728a1') in 0.040895 seconds
Number of updated asset objects reloaded before import = 0Number of asset objects unloaded after import = 1

========================================================================
Received Import Request.
  Time since last request: 0.000172 seconds.
  path: Assets/Isolation_musculi_longus.cs
  artifactKey: Guid(002189644064cd341b689f8648561222) Importer(2089858483,192608db42251d675da83286b1cce702)
Start importing Assets/Isolation_musculi_longus.cs using Guid(002189644064cd341b689f8648561222) Importer(2089858483,192608db42251d675da83286b1cce702) (ScriptedImporter) -> (artifact id: 'd130fc16f66b8f18bab20d8ca719e1c2') in 0.0192729 seconds
Number of updated asset objects reloaded before import = 0Number of asset objects unloaded after import = 0

========================================================================
Received Import Request.
  Time since last request: 0.000022 seconds.
  path: Assets/TextMesh Pro/Examples & Extras/Materials/Crate - URP.mat
  artifactKey: Guid(3b5cc91c3bf8cf74391252247f52fb59) Importer(2089858483,192608db42251d675da83286b1cce702)
Start importing Assets/TextMesh Pro/Examples & Extras/Materials/Crate - URP.mat using Guid(3b5cc91c3bf8cf74391252247f52fb59) Importer(2089858483,192608db42251d675da83286b1cce702) (ScriptedImporter) -> (artifact id: 'beacd09f28e419ffa53645060e71f233') in 0.066611 seconds
Number of updated asset objects reloaded before import = 0Number of asset objects unloaded after import = 3

========================================================================
Received Import Request.
  Time since last request: 0.000029 seconds.
  path: Assets/TextMesh Pro/Shaders/TMP_SDF-Surface.shader
  artifactKey: Guid(f7ada0af4f174f0694ca6a487b8f543d) Importer(2089858483,192608db42251d675da83286b1cce702)
Start importing Assets/TextMesh Pro/Shaders/TMP_SDF-Surface.shader using Guid(f7ada0af4f174f0694ca6a487b8f543d) Importer(2089858483,192608db42251d675da83286b1cce702) (ScriptedImporter) -> (artifact id: 'e2211fd755867893913cb26a9dcd867d') in 0.0269958 seconds
Number of updated asset objects reloaded before import = 0Number of asset objects unloaded after import = 1

========================================================================
Received Import Request.
  Time since last request: 0.000039 seconds.
  path: Assets/TextMesh Pro/Examples & Extras/Scenes/18 - ScrollRect & Masking & Layout.unity
  artifactKey: Guid(03f9d74cec8e4b94a29d2dfd177c821b) Importer(2089858483,192608db42251d675da83286b1cce702)
Start importing Assets/TextMesh Pro/Examples & Extras/Scenes/18 - ScrollRect & Masking & Layout.unity using Guid(03f9d74cec8e4b94a29d2dfd177c821b) Importer(2089858483,192608db42251d675da83286b1cce702) (ScriptedImporter) -> (artifact id: '4f40e887f93a5fbead35b0891811cdb1') in 0.038921 seconds
Number of updated asset objects reloaded before import = 0Number of asset objects unloaded after import = 1

========================================================================
Received Import Request.
  Time since last request: 0.000028 seconds.
  path: Assets/InteractableStructure.cs
  artifactKey: Guid(e2fbdcf88a29beb4c881e3e770e2c6b0) Importer(2089858483,192608db42251d675da83286b1cce702)
Start importing Assets/InteractableStructure.cs using Guid(e2fbdcf88a29beb4c881e3e770e2c6b0) Importer(2089858483,192608db42251d675da83286b1cce702) (ScriptedImporter) -> (artifact id: '7b85de8fa92c64ddd14cfb04b79eff93') in 0.0177949 seconds
Number of updated asset objects reloaded before import = 0Number of asset objects unloaded after import = 0

========================================================================
Received Import Request.
  Time since last request: 0.000057 seconds.
  path: Assets/materials/Legamento.mat
  artifactKey: Guid(ec45b3126a216b04e993c8e633e1e6cf) Importer(2089858483,192608db42251d675da83286b1cce702)
Start importing Assets/materials/Legamento.mat using Guid(ec45b3126a216b04e993c8e633e1e6cf) Importer(2089858483,192608db42251d675da83286b1cce702) (ScriptedImporter) -> (artifact id: '13b8d10295a5e95db46b88ed03fc3954') in 0.0227007 seconds
Number of updated asset objects reloaded before import = 0Number of asset objects unloaded after import = 1

========================================================================
Received Import Request.
  Time since last request: 0.000042 seconds.
  path: Assets/TextMesh Pro/Fonts/LiberationSans - OFL.txt
  artifactKey: Guid(6e59c59b81ab47f9b6ec5781fa725d2c) Importer(2089858483,192608db42251d675da83286b1cce702)
Start importing Assets/TextMesh Pro/Fonts/LiberationSans - OFL.txt using Guid(6e59c59b81ab47f9b6ec5781fa725d2c) Importer(2089858483,192608db42251d675da83286b1cce702) (ScriptedImporter) -> (artifact id: 'e3e534e0df58afa1a8b315a43e2d7d71') in 0.0282626 seconds
Number of updated asset objects reloaded before import = 0Number of asset objects unloaded after import = 1

========================================================================
Received Import Request.
  Time since last request: 0.000039 seconds.
  path: Assets/TextMesh Pro/Examples & Extras/Scenes/04 - Word Wrapping.unity
  artifactKey: Guid(8f7137eacd7042d5b17ef0efe5e744f5) Importer(2089858483,192608db42251d675da83286b1cce702)
Start importing Assets/TextMesh Pro/Examples & Extras/Scenes/04 - Word Wrapping.unity using Guid(8f7137eacd7042d5b17ef0efe5e744f5) Importer(2089858483,192608db42251d675da83286b1cce702) (ScriptedImporter) -> (artifact id: 'f4314b0f1a31e74d6c54b23db71a07a7') in 0.0337785 seconds
Number of updated asset objects reloaded before import = 0Number of asset objects unloaded after import = 1

========================================================================
Received Import Request.
  Time since last request: 0.000027 seconds.
  path: Assets/TextMesh Pro/Examples & Extras/Scenes/16 - Linked text overflow mode example.unity
  artifactKey: Guid(9442cda25baa4a0bb544c4d095b00caa) Importer(2089858483,192608db42251d675da83286b1cce702)
Start importing Assets/TextMesh Pro/Examples & Extras/Scenes/16 - Linked text overflow mode example.unity using Guid(9442cda25baa4a0bb544c4d095b00caa) Importer(2089858483,192608db42251d675da83286b1cce702) (ScriptedImporter) -> (artifact id: 'bcb1fbe811f20e701462326cb5daa2e9') in 0.0401531 seconds
Number of updated asset objects reloaded before import = 0Number of asset objects unloaded after import = 1

========================================================================
Received Import Request.
  Time since last request: 0.000040 seconds.
  path: Assets/TextMesh Pro/Examples & Extras/Scenes/24 - Surface Shader Example.unity
  artifactKey: Guid(8c4969fd8ba94a68b07cf11f3e7a5137) Importer(2089858483,192608db42251d675da83286b1cce702)
Start importing Assets/TextMesh Pro/Examples & Extras/Scenes/24 - Surface Shader Example.unity using Guid(8c4969fd8ba94a68b07cf11f3e7a5137) Importer(2089858483,192608db42251d675da83286b1cce702) (ScriptedImporter) -> (artifact id: '6b4be83f166515e0c91602c8949de961') in 0.0380152 seconds
Number of updated asset objects reloaded before import = 0Number of asset objects unloaded after import = 1

========================================================================
Received Import Request.
  Time since last request: 0.000023 seconds.
  path: Assets/TextMesh Pro/Examples & Extras/Scenes/27 - Double Pass Shader Example.unity
  artifactKey: Guid(3b38a6ba32b869f48812e595baf39746) Importer(2089858483,192608db42251d675da83286b1cce702)
Start importing Assets/TextMesh Pro/Examples & Extras/Scenes/27 - Double Pass Shader Example.unity using Guid(3b38a6ba32b869f48812e595baf39746) Importer(2089858483,192608db42251d675da83286b1cce702) (ScriptedImporter) -> (artifact id: 'a25275996e9d242c408f36febce20019') in 0.038026 seconds
Number of updated asset objects reloaded before import = 0Number of asset objects unloaded after import = 1

========================================================================
Received Import Request.
  Time since last request: 0.000033 seconds.
  path: Assets/Settings/DefaultVolumeProfile.asset
  artifactKey: Guid(ab09877e2e707104187f6f83e2f62510) Importer(2089858483,192608db42251d675da83286b1cce702)
Start importing Assets/Settings/DefaultVolumeProfile.asset using Guid(ab09877e2e707104187f6f83e2f62510) Importer(2089858483,192608db42251d675da83286b1cce702) (ScriptedImporter) -> (artifact id: '2450a991d683f8886453ce78c900ef71') in 0.0298109 seconds
Number of updated asset objects reloaded before import = 0Number of asset objects unloaded after import = 0

========================================================================
Received Import Request.
  Time since last request: 0.000036 seconds.
  path: Assets/SurgicalInstruments/retractor v1/retractor normal.jpg
  artifactKey: Guid(06842d2297874be4fb595fc67aee6efb) Importer(2089858483,192608db42251d675da83286b1cce702)
Start importing Assets/SurgicalInstruments/retractor v1/retractor normal.jpg using Guid(06842d2297874be4fb595fc67aee6efb) Importer(2089858483,192608db42251d675da83286b1cce702) (ScriptedImporter) -> (artifact id: '05f163310a808915b1e0bcd7a4ada158') in 0.0546736 seconds
Number of updated asset objects reloaded before import = 0Number of asset objects unloaded after import = 1

========================================================================
Received Import Request.
  Time since last request: 0.000025 seconds.
  path: Assets/TextMesh Pro/Examples & Extras/Scripts/EnvMapAnimator.cs
  artifactKey: Guid(a4b6f99e8bc54541bbd149b014ff441c) Importer(2089858483,192608db42251d675da83286b1cce702)
Start importing Assets/TextMesh Pro/Examples & Extras/Scripts/EnvMapAnimator.cs using Guid(a4b6f99e8bc54541bbd149b014ff441c) Importer(2089858483,192608db42251d675da83286b1cce702) (ScriptedImporter) -> (artifact id: 'f03974f0b6e77880990bacdcecbc8dd8') in 0.0201208 seconds
Number of updated asset objects reloaded before import = 0Number of asset objects unloaded after import = 0

========================================================================
Received Import Request.
  Time since last request: 0.000024 seconds.
  path: Assets/TextMesh Pro/Examples & Extras/Scripts/ChatController.cs
  artifactKey: Guid(53d91f98a2664f5cb9af11de72ac54ec) Importer(2089858483,192608db42251d675da83286b1cce702)
Start importing Assets/TextMesh Pro/Examples & Extras/Scripts/ChatController.cs using Guid(53d91f98a2664f5cb9af11de72ac54ec) Importer(2089858483,192608db42251d675da83286b1cce702) (ScriptedImporter) -> (artifact id: 'aa842ec2bfac94dd782227b716a57fe5') in 0.0217974 seconds
Number of updated asset objects reloaded before import = 0Number of asset objects unloaded after import = 0

========================================================================
Received Import Request.
  Time since last request: 0.000138 seconds.
  path: Assets/materials/InnestoOsseo.mat
  artifactKey: Guid(94e5460b3d4c9ec4e9ad86ddb31d9afe) Importer(2089858483,192608db42251d675da83286b1cce702)
Start importing Assets/materials/InnestoOsseo.mat using Guid(94e5460b3d4c9ec4e9ad86ddb31d9afe) Importer(2089858483,192608db42251d675da83286b1cce702) (ScriptedImporter) -> (artifact id: '0f939f21b3bf3cadb5695fd8f302949c') in 0.0213383 seconds
Number of updated asset objects reloaded before import = 0Number of asset objects unloaded after import = 1

========================================================================
Received Import Request.
  Time since last request: 0.000021 seconds.
  path: Assets/TextMesh Pro/Shaders/TMP_SDF-Surface-Mobile.shader
  artifactKey: Guid(85187c2149c549c5b33f0cdb02836b17) Importer(2089858483,192608db42251d675da83286b1cce702)
Start importing Assets/TextMesh Pro/Shaders/TMP_SDF-Surface-Mobile.shader using Guid(85187c2149c549c5b33f0cdb02836b17) Importer(2089858483,192608db42251d675da83286b1cce702) (ScriptedImporter) -> (artifact id: '8c0678f4640054bcf15f6f815e80793e') in 0.0200958 seconds
Number of updated asset objects reloaded before import = 0Number of asset objects unloaded after import = 1

========================================================================
Received Import Request.
  Time since last request: 0.000023 seconds.
  path: Assets/Settings/UniversalRenderPipelineGlobalSettings.asset
  artifactKey: Guid(18dc0cd2c080841dea60987a38ce93fa) Importer(2089858483,192608db42251d675da83286b1cce702)
Start importing Assets/Settings/UniversalRenderPipelineGlobalSettings.asset using Guid(18dc0cd2c080841dea60987a38ce93fa) Importer(2089858483,192608db42251d675da83286b1cce702) (ScriptedImporter) -> (artifact id: '9ddaa5f915e1cd2c5d75122073c1e98c') in 0.0719997 seconds
Number of updated asset objects reloaded before import = 0Number of asset objects unloaded after import = 0

========================================================================
Received Import Request.
  Time since last request: 0.000027 seconds.
  path: Assets/TextMesh Pro/Examples & Extras/Scripts/TMPro_InstructionOverlay.cs
  artifactKey: Guid(c3c1afeda5e545e0b19add5373896d2e) Importer(2089858483,192608db42251d675da83286b1cce702)
Start importing Assets/TextMesh Pro/Examples & Extras/Scripts/TMPro_InstructionOverlay.cs using Guid(c3c1afeda5e545e0b19add5373896d2e) Importer(2089858483,192608db42251d675da83286b1cce702) (ScriptedImporter) -> (artifact id: 'fc526c2b89d6f817241d9e8cdeff3780') in 0.0222481 seconds
Number of updated asset objects reloaded before import = 0Number of asset objects unloaded after import = 0

========================================================================
Received Import Request.
  Time since last request: 0.000035 seconds.
  path: Assets/TextMesh Pro/Examples & Extras/Scripts/SkewTextExample.cs
  artifactKey: Guid(d412675cfb3441efa3bf8dcd9b7624dc) Importer(2089858483,192608db42251d675da83286b1cce702)
Start importing Assets/TextMesh Pro/Examples & Extras/Scripts/SkewTextExample.cs using Guid(d412675cfb3441efa3bf8dcd9b7624dc) Importer(2089858483,192608db42251d675da83286b1cce702) (ScriptedImporter) -> (artifact id: '524b24b42d5fca1710f15b6d2958e6e5') in 0.0196656 seconds
Number of updated asset objects reloaded before import = 0Number of asset objects unloaded after import = 0

========================================================================
Received Import Request.
  Time since last request: 0.000031 seconds.
  path: Assets/TextMesh Pro/Examples & Extras/Fonts/Oswald-Bold - OFL.txt
  artifactKey: Guid(d2cf87a8a7a94aa8b80dff1c807c1178) Importer(2089858483,192608db42251d675da83286b1cce702)
Start importing Assets/TextMesh Pro/Examples & Extras/Fonts/Oswald-Bold - OFL.txt using Guid(d2cf87a8a7a94aa8b80dff1c807c1178) Importer(2089858483,192608db42251d675da83286b1cce702) (ScriptedImporter) -> (artifact id: 'dbcb60c0df8b4308ef59c12b8e87dce2') in 0.0304874 seconds
Number of updated asset objects reloaded before import = 0Number of asset objects unloaded after import = 1

========================================================================
Received Import Request.
  Time since last request: 0.000024 seconds.
  path: Assets/LegamentoHover.cs
  artifactKey: Guid(526c3faa83d926340999fbcabdecda94) Importer(2089858483,192608db42251d675da83286b1cce702)
Start importing Assets/LegamentoHover.cs using Guid(526c3faa83d926340999fbcabdecda94) Importer(2089858483,192608db42251d675da83286b1cce702) (ScriptedImporter) -> (artifact id: 'ca75851fc73544592e20b99a042ee3e2') in 0.0200479 seconds
Number of updated asset objects reloaded before import = 0Number of asset objects unloaded after import = 0

========================================================================
Received Import Request.
  Time since last request: 0.000059 seconds.
  path: Assets/progetto.unity
  artifactKey: Guid(1f8ece96300d240459187ec68d2a417a) Importer(2089858483,192608db42251d675da83286b1cce702)
Start importing Assets/progetto.unity using Guid(1f8ece96300d240459187ec68d2a417a) Importer(2089858483,192608db42251d675da83286b1cce702) (ScriptedImporter) -> (artifact id: 'e6560fe7a59bd107c34532e3c9f9fbd8') in 0.035333 seconds
Number of updated asset objects reloaded before import = 0Number of asset objects unloaded after import = 1

========================================================================
Received Import Request.
  Time since last request: 0.000034 seconds.
  path: Assets/TextMesh Pro/Examples & Extras/Scripts/VertexColorCycler.cs
  artifactKey: Guid(91b8ba3d52e041fab2d0e0f169855539) Importer(2089858483,192608db42251d675da83286b1cce702)
Start importing Assets/TextMesh Pro/Examples & Extras/Scripts/VertexColorCycler.cs using Guid(91b8ba3d52e041fab2d0e0f169855539) Importer(2089858483,192608db42251d675da83286b1cce702) (ScriptedImporter) -> (artifact id: '53d1f3b3264751c03c0ff2214998e149') in 0.0200343 seconds
Number of updated asset objects reloaded before import = 0Number of asset objects unloaded after import = 0

========================================================================
Received Import Request.
  Time since last request: 0.000029 seconds.
  path: Assets/TextMesh Pro/Shaders/TMPro_Mobile.cginc
  artifactKey: Guid(c334973cef89a9840b0b0c507e0377ab) Importer(2089858483,192608db42251d675da83286b1cce702)
Start importing Assets/TextMesh Pro/Shaders/TMPro_Mobile.cginc using Guid(c334973cef89a9840b0b0c507e0377ab) Importer(2089858483,192608db42251d675da83286b1cce702) (ScriptedImporter) -> (artifact id: '49d14c0b7e8ae338133d63facedb26c0') in 0.0342356 seconds
Number of updated asset objects reloaded before import = 0Number of asset objects unloaded after import = 1

========================================================================
Received Import Request.
  Time since last request: 0.000038 seconds.
  path: Assets/TextMesh Pro/Examples & Extras/Scenes/24 - Surface Shader Example URP.unity
  artifactKey: Guid(57694ed9d1cd1e340a4924c0f2eac8e3) Importer(2089858483,192608db42251d675da83286b1cce702)
Start importing Assets/TextMesh Pro/Examples & Extras/Scenes/24 - Surface Shader Example URP.unity using Guid(57694ed9d1cd1e340a4924c0f2eac8e3) Importer(2089858483,192608db42251d675da83286b1cce702) (ScriptedImporter) -> (artifact id: '2d32729866495d423fddf55d3461f637') in 0.0390243 seconds
Number of updated asset objects reloaded before import = 0Number of asset objects unloaded after import = 1

========================================================================
Received Import Request.
  Time since last request: 0.000026 seconds.
  path: Assets/MuscleHandleDrag.cs
  artifactKey: Guid(7b846e201e897d743b184a440d6788f2) Importer(2089858483,192608db42251d675da83286b1cce702)
Start importing Assets/MuscleHandleDrag.cs using Guid(7b846e201e897d743b184a440d6788f2) Importer(2089858483,192608db42251d675da83286b1cce702) (ScriptedImporter) -> (artifact id: '67b1e3940a92952419e730ad81fe25e7') in 0.0246284 seconds
Number of updated asset objects reloaded before import = 0Number of asset objects unloaded after import = 0

========================================================================
Received Import Request.
  Time since last request: 0.000026 seconds.
  path: Assets/TextMesh Pro/Shaders/TMPro.cginc
  artifactKey: Guid(407bc68d299748449bbf7f48ee690f8d) Importer(2089858483,192608db42251d675da83286b1cce702)
Start importing Assets/TextMesh Pro/Shaders/TMPro.cginc using Guid(407bc68d299748449bbf7f48ee690f8d) Importer(2089858483,192608db42251d675da83286b1cce702) (ScriptedImporter) -> (artifact id: '230e52d40f0ee47920f1ba0aa7699484') in 0.0328269 seconds
Number of updated asset objects reloaded before import = 0Number of asset objects unloaded after import = 1

========================================================================
Received Import Request.
  Time since last request: 0.000043 seconds.
  path: Assets/SurgicalInstruments/ToolsChirurgici.fbx
  artifactKey: Guid(68d576d3624fcc04988ef4d494ba428d) Importer(2089858483,192608db42251d675da83286b1cce702)
Start importing Assets/SurgicalInstruments/ToolsChirurgici.fbx using Guid(68d576d3624fcc04988ef4d494ba428d) Importer(2089858483,192608db42251d675da83286b1cce702) (ScriptedImporter) -> (artifact id: '25a0839f81dcebd4229b8e087f0d8205') in 0.062055 seconds
Number of updated asset objects reloaded before import = 0Number of asset objects unloaded after import = 40

========================================================================
Received Import Request.
  Time since last request: 0.000019 seconds.
  path: Assets/TextMesh Pro/Examples & Extras/Sprites/Default Sprites.png
  artifactKey: Guid(a0fc465d6cf04254a2938578735e2383) Importer(2089858483,192608db42251d675da83286b1cce702)
Start importing Assets/TextMesh Pro/Examples & Extras/Sprites/Default Sprites.png using Guid(a0fc465d6cf04254a2938578735e2383) Importer(2089858483,192608db42251d675da83286b1cce702) (ScriptedImporter) -> (artifact id: '790846e065ceb8780b399a1cec0c8920') in 0.033508 seconds
Number of updated asset objects reloaded before import = 0Number of asset objects unloaded after import = 1

========================================================================
Received Import Request.
  Time since last request: 0.000023 seconds.
  path: Assets/TextMesh Pro/Examples & Extras/Textures/Gradient Diagonal (Color).jpg
  artifactKey: Guid(2ce5c55e85304b819a1826ecbc839aa5) Importer(2089858483,192608db42251d675da83286b1cce702)
Start importing Assets/TextMesh Pro/Examples & Extras/Textures/Gradient Diagonal (Color).jpg using Guid(2ce5c55e85304b819a1826ecbc839aa5) Importer(2089858483,192608db42251d675da83286b1cce702) (ScriptedImporter) -> (artifact id: 'b606908f50986620bb7c2ace5884e8aa') in 0.0373027 seconds
Number of updated asset objects reloaded before import = 0Number of asset objects unloaded after import = 1

========================================================================
Received Import Request.
  Time since last request: 0.000031 seconds.
  path: Assets/TextMesh Pro/Examples & Extras/Sprites/DropCap Numbers.psd
  artifactKey: Guid(fd09957580ac4326916010f1f260975b) Importer(2089858483,192608db42251d675da83286b1cce702)
Start importing Assets/TextMesh Pro/Examples & Extras/Sprites/DropCap Numbers.psd using Guid(fd09957580ac4326916010f1f260975b) Importer(2089858483,192608db42251d675da83286b1cce702) (ScriptedImporter) -> (artifact id: '536979b0b75e897cfece455e060663bb') in 0.0399187 seconds
Number of updated asset objects reloaded before import = 0Number of asset objects unloaded after import = 1

========================================================================
Received Import Request.
  Time since last request: 0.000023 seconds.
  path: Assets/TextMesh Pro/Examples & Extras/Scripts/TMP_TextSelector_A.cs
  artifactKey: Guid(103e0a6a1d404693b9fb1a5173e0e979) Importer(2089858483,192608db42251d675da83286b1cce702)
Start importing Assets/TextMesh Pro/Examples & Extras/Scripts/TMP_TextSelector_A.cs using Guid(103e0a6a1d404693b9fb1a5173e0e979) Importer(2089858483,192608db42251d675da83286b1cce702) (ScriptedImporter) -> (artifact id: 'e3b3832d9d09dcb9398d3cb379e7f309') in 0.0154108 seconds
Number of updated asset objects reloaded before import = 0Number of asset objects unloaded after import = 0

========================================================================
Received Import Request.
  Time since last request: 0.000028 seconds.
  path: Assets/TextMesh Pro/Examples & Extras/Scripts/DropdownSample.cs
  artifactKey: Guid(ac1eb05af6d391b4eb0f4c070a99f1d0) Importer(2089858483,192608db42251d675da83286b1cce702)
Start importing Assets/TextMesh Pro/Examples & Extras/Scripts/DropdownSample.cs using Guid(ac1eb05af6d391b4eb0f4c070a99f1d0) Importer(2089858483,192608db42251d675da83286b1cce702) (ScriptedImporter) -> (artifact id: '148bfb4cfbd1a620f2776098949686f5') in 0.0137265 seconds
Number of updated asset objects reloaded before import = 0Number of asset objects unloaded after import = 0

========================================================================
Received Import Request.
  Time since last request: 0.000024 seconds.
  path: Assets/TextMesh Pro/Shaders/SDFFunctions.hlsl
  artifactKey: Guid(96de908384869cd409c75efa351d5edf) Importer(2089858483,192608db42251d675da83286b1cce702)
Start importing Assets/TextMesh Pro/Shaders/SDFFunctions.hlsl using Guid(96de908384869cd409c75efa351d5edf) Importer(2089858483,192608db42251d675da83286b1cce702) (ScriptedImporter) -> (artifact id: 'd45ac3871ab5c9d2160792198f6e1f3c') in 0.0252029 seconds
Number of updated asset objects reloaded before import = 0Number of asset objects unloaded after import = 1

========================================================================
Received Import Request.
  Time since last request: 0.000032 seconds.
  path: Assets/TextMesh Pro/Examples & Extras/Scripts/VertexJitter.cs
  artifactKey: Guid(2ed57967c52645d390a89dcf8f61ba73) Importer(2089858483,192608db42251d675da83286b1cce702)
Start importing Assets/TextMesh Pro/Examples & Extras/Scripts/VertexJitter.cs using Guid(2ed57967c52645d390a89dcf8f61ba73) Importer(2089858483,192608db42251d675da83286b1cce702) (ScriptedImporter) -> (artifact id: 'd874162d36bedbe946b01ef392400de7') in 0.0187751 seconds
Number of updated asset objects reloaded before import = 0Number of asset objects unloaded after import = 0

========================================================================
Received Import Request.
  Time since last request: 0.000021 seconds.
  path: Assets/TextMesh Pro/Examples & Extras/Textures/Wipe Pattern - Diagonal.psd
  artifactKey: Guid(ed5290d8df18488780e2996b9b882f01) Importer(2089858483,192608db42251d675da83286b1cce702)
Start importing Assets/TextMesh Pro/Examples & Extras/Textures/Wipe Pattern - Diagonal.psd using Guid(ed5290d8df18488780e2996b9b882f01) Importer(2089858483,192608db42251d675da83286b1cce702) (ScriptedImporter) -> (artifact id: '23a552a2f2a34da5ad64e4eb3716796a') in 0.0454476 seconds
Number of updated asset objects reloaded before import = 0Number of asset objects unloaded after import = 1

========================================================================
Received Import Request.
  Time since last request: 0.000021 seconds.
  path: Assets/Readme.asset
  artifactKey: Guid(8105016687592461f977c054a80ce2f2) Importer(2089858483,192608db42251d675da83286b1cce702)
Start importing Assets/Readme.asset using Guid(8105016687592461f977c054a80ce2f2) Importer(2089858483,192608db42251d675da83286b1cce702) (ScriptedImporter) -> (artifact id: '9c32c7eb93820a53be8396e87bdec0ba') in 0.0190262 seconds
Number of updated asset objects reloaded before import = 0Number of asset objects unloaded after import = 2

========================================================================
Received Import Request.
  Time since last request: 0.000023 seconds.
  path: Assets/TextMesh Pro/Examples & Extras/Scenes/12 - Link Example.unity
  artifactKey: Guid(9747140c28254be2adc582210dfb89b8) Importer(2089858483,192608db42251d675da83286b1cce702)
Start importing Assets/TextMesh Pro/Examples & Extras/Scenes/12 - Link Example.unity using Guid(9747140c28254be2adc582210dfb89b8) Importer(2089858483,192608db42251d675da83286b1cce702) (ScriptedImporter) -> (artifact id: '716b7d65a095da56796cd865f579bf6b') in 0.0288255 seconds
Number of updated asset objects reloaded before import = 0Number of asset objects unloaded after import = 1

========================================================================
Received Import Request.
  Time since last request: 0.000034 seconds.
  path: Assets/TextMesh Pro/Examples & Extras/Materials/Ground - Surface Shader Scene.mat
  artifactKey: Guid(aadd5a709a48466c887296bb5b1b8110) Importer(2089858483,192608db42251d675da83286b1cce702)
Start importing Assets/TextMesh Pro/Examples & Extras/Materials/Ground - Surface Shader Scene.mat using Guid(aadd5a709a48466c887296bb5b1b8110) Importer(2089858483,192608db42251d675da83286b1cce702) (ScriptedImporter) -> (artifact id: 'd8fae4e30c1f89cf3d2367aabfd99177') in 0.0290929 seconds
Number of updated asset objects reloaded before import = 0Number of asset objects unloaded after import = 2

========================================================================
Received Import Request.
  Time since last request: 0.000026 seconds.
  path: Assets/TextMesh Pro/Examples & Extras/Scripts/TeleType.cs
  artifactKey: Guid(e32c266ee6204b21a427753cb0694c81) Importer(2089858483,192608db42251d675da83286b1cce702)
Start importing Assets/TextMesh Pro/Examples & Extras/Scripts/TeleType.cs using Guid(e32c266ee6204b21a427753cb0694c81) Importer(2089858483,192608db42251d675da83286b1cce702) (ScriptedImporter) -> (artifact id: 'bf60f004b8ece507051d73b5c97236db') in 0.0218134 seconds
Number of updated asset objects reloaded before import = 0Number of asset objects unloaded after import = 0

========================================================================
Received Import Request.
  Time since last request: 0.000037 seconds.
  path: Assets/TextMesh Pro/Examples & Extras/Textures/Wipe Pattern - Radial Quad.psd
  artifactKey: Guid(2b5e9ae96c5644d8bae932f8b4ca68a2) Importer(2089858483,192608db42251d675da83286b1cce702)
Start importing Assets/TextMesh Pro/Examples & Extras/Textures/Wipe Pattern - Radial Quad.psd using Guid(2b5e9ae96c5644d8bae932f8b4ca68a2) Importer(2089858483,192608db42251d675da83286b1cce702) (ScriptedImporter) -> (artifact id: 'c37d3e2317919de670ad84f4bef373ba') in 0.0487161 seconds
Number of updated asset objects reloaded before import = 0Number of asset objects unloaded after import = 1

========================================================================
Received Import Request.
  Time since last request: 0.000041 seconds.
  path: Assets/TextMesh Pro/Resources/Style Sheets/Default Style Sheet.asset
  artifactKey: Guid(f952c082cb03451daed3ee968ac6c63e) Importer(2089858483,192608db42251d675da83286b1cce702)
Start importing Assets/TextMesh Pro/Resources/Style Sheets/Default Style Sheet.asset using Guid(f952c082cb03451daed3ee968ac6c63e) Importer(2089858483,192608db42251d675da83286b1cce702) (ScriptedImporter) -> (artifact id: 'b484cc28f3615491772a66ac4e4f703e') in 0.0225947 seconds
Number of updated asset objects reloaded before import = 0Number of asset objects unloaded after import = 1

========================================================================
Received Import Request.
  Time since last request: 0.000036 seconds.
  path: Assets/TextMesh Pro/Resources/Fonts & Materials/LiberationSans SDF - Fallback.asset
  artifactKey: Guid(2e498d1c8094910479dc3e1b768306a4) Importer(2089858483,192608db42251d675da83286b1cce702)
Start importing Assets/TextMesh Pro/Resources/Fonts & Materials/LiberationSans SDF - Fallback.asset using Guid(2e498d1c8094910479dc3e1b768306a4) Importer(2089858483,192608db42251d675da83286b1cce702) (ScriptedImporter) -> (artifact id: '2703c970dc73680502e8767b85630108') in 0.0673499 seconds
Number of updated asset objects reloaded before import = 0Number of asset objects unloaded after import = 5

========================================================================
Received Import Request.
  Time since last request: 0.000023 seconds.
  path: Assets/TextMesh Pro/Resources/Sprite Assets/EmojiOne.asset
  artifactKey: Guid(c41005c129ba4d66911b75229fd70b45) Importer(2089858483,192608db42251d675da83286b1cce702)
Start importing Assets/TextMesh Pro/Resources/Sprite Assets/EmojiOne.asset using Guid(c41005c129ba4d66911b75229fd70b45) Importer(2089858483,192608db42251d675da83286b1cce702) (ScriptedImporter) -> (artifact id: 'fb5278f36188fe1ae37d7d61ad6142c0') in 0.0304125 seconds
Number of updated asset objects reloaded before import = 0Number of asset objects unloaded after import = 3

========================================================================
Received Import Request.
  Time since last request: 0.000034 seconds.
  path: Assets/XRI/Settings/Resources/XRDeviceSimulatorSettings.asset
  artifactKey: Guid(1d1d96a1b456fbd4c8b92d29b896bdb1) Importer(2089858483,192608db42251d675da83286b1cce702)
Start importing Assets/XRI/Settings/Resources/XRDeviceSimulatorSettings.asset using Guid(1d1d96a1b456fbd4c8b92d29b896bdb1) Importer(2089858483,192608db42251d675da83286b1cce702) (ScriptedImporter) -> (artifact id: 'c002fa6c74406e047de96cfe8549ddcd') in 0.0308425 seconds
Number of updated asset objects reloaded before import = 0Number of asset objects unloaded after import = 1

========================================================================
Received Import Request.
  Time since last request: 0.000020 seconds.
  path: Assets/Samples/XR Interaction Toolkit/3.1.2/Starter Assets/StarterAssets.asmdef
  artifactKey: Guid(8f07e33567e0ee542b40769c456c6b53) Importer(2089858483,192608db42251d675da83286b1cce702)
Start importing Assets/Samples/XR Interaction Toolkit/3.1.2/Starter Assets/StarterAssets.asmdef using Guid(8f07e33567e0ee542b40769c456c6b53) Importer(2089858483,192608db42251d675da83286b1cce702) (ScriptedImporter) -> (artifact id: '1ca49f5c8f133baea3a408255f0ac572') in 0.0279515 seconds
Number of updated asset objects reloaded before import = 0Number of asset objects unloaded after import = 1

========================================================================
Received Import Request.
  Time since last request: 0.000023 seconds.
  path: Assets/Samples/XR Interaction Toolkit/3.1.2/Starter Assets/DemoScene.unity
  artifactKey: Guid(319dafa5c80f29f428dc1e0d03f04177) Importer(2089858483,192608db42251d675da83286b1cce702)
Start importing Assets/Samples/XR Interaction Toolkit/3.1.2/Starter Assets/DemoScene.unity using Guid(319dafa5c80f29f428dc1e0d03f04177) Importer(2089858483,192608db42251d675da83286b1cce702) (ScriptedImporter) -> (artifact id: '796c59ae2ddc0e981f1eb70e567724b5') in 0.0344022 seconds
Number of updated asset objects reloaded before import = 0Number of asset objects unloaded after import = 1

========================================================================
Received Import Request.
  Time since last request: 0.000032 seconds.
  path: Assets/TextMesh Pro/Examples & Extras/Resources/Color Gradient Presets/Blue to Purple - Vertical.asset
  artifactKey: Guid(479a66fa4b094512a62b0a8e553ad95a) Importer(2089858483,192608db42251d675da83286b1cce702)
Start importing Assets/TextMesh Pro/Examples & Extras/Resources/Color Gradient Presets/Blue to Purple - Vertical.asset using Guid(479a66fa4b094512a62b0a8e553ad95a) Importer(2089858483,192608db42251d675da83286b1cce702) (ScriptedImporter) -> (artifact id: 'a7606dfb7c14734fd710e8ece39b81a0') in 0.0343332 seconds
Number of updated asset objects reloaded before import = 0Number of asset objects unloaded after import = 1

========================================================================
Received Import Request.
  Time since last request: 0.000037 seconds.
  path: Assets/Samples/XR Interaction Toolkit/3.1.2/Starter Assets/XRI Default Input Actions.inputactions
  artifactKey: Guid(c348712bda248c246b8c49b3db54643f) Importer(2089858483,192608db42251d675da83286b1cce702)
Start importing Assets/Samples/XR Interaction Toolkit/3.1.2/Starter Assets/XRI Default Input Actions.inputactions using Guid(c348712bda248c246b8c49b3db54643f) Importer(2089858483,192608db42251d675da83286b1cce702) (ScriptedImporter) -> (artifact id: 'ddf1c85deffab0a63cc936628ec28992') in 0.4845804 seconds
Number of updated asset objects reloaded before import = 0Number of asset objects unloaded after import = 95

========================================================================
Received Import Request.
  Time since last request: 0.000025 seconds.
  path: Assets/TextMesh Pro/Examples & Extras/Materials/Crate - Surface Shader Scene.mat
  artifactKey: Guid(e6b9b44320f4448d9d5e0ee634259966) Importer(2089858483,192608db42251d675da83286b1cce702)
Start importing Assets/TextMesh Pro/Examples & Extras/Materials/Crate - Surface Shader Scene.mat using Guid(e6b9b44320f4448d9d5e0ee634259966) Importer(2089858483,192608db42251d675da83286b1cce702) (ScriptedImporter) -> (artifact id: '16121947acb296e0c10467d16a99b7d3') in 0.0331366 seconds
Number of updated asset objects reloaded before import = 0Number of asset objects unloaded after import = 3

========================================================================
Received Import Request.
  Time since last request: 0.000053 seconds.
  path: Assets/TextMesh Pro/Examples & Extras/Scenes/20 - Input Field with Scrollbar.unity
  artifactKey: Guid(337f92480dd24675aae9e79210fb1ad9) Importer(2089858483,192608db42251d675da83286b1cce702)
Start importing Assets/TextMesh Pro/Examples & Extras/Scenes/20 - Input Field with Scrollbar.unity using Guid(337f92480dd24675aae9e79210fb1ad9) Importer(2089858483,192608db42251d675da83286b1cce702) (ScriptedImporter) -> (artifact id: 'c13bfd2088267388572346ed8e9f7507') in 0.0332186 seconds
Number of updated asset objects reloaded before import = 0Number of asset objects unloaded after import = 1

========================================================================
Received Import Request.
  Time since last request: 0.000028 seconds.
  path: Assets/TextMesh Pro/Examples & Extras/Resources/Color Gradient Presets/Dark to Light Green - Vertical.asset
  artifactKey: Guid(4c86a3366cd840348ebe8dc438570ee4) Importer(2089858483,192608db42251d675da83286b1cce702)
Start importing Assets/TextMesh Pro/Examples & Extras/Resources/Color Gradient Presets/Dark to Light Green - Vertical.asset using Guid(4c86a3366cd840348ebe8dc438570ee4) Importer(2089858483,192608db42251d675da83286b1cce702) (ScriptedImporter) -> (artifact id: 'aa99593b39d73aeb2a155f1dfbed25f6') in 0.034326 seconds
Number of updated asset objects reloaded before import = 0Number of asset objects unloaded after import = 1

========================================================================
Received Import Request.
  Time since last request: 0.000026 seconds.
  path: Assets/TextMesh Pro/Examples & Extras/Resources/Fonts & Materials/Oswald Bold SDF.asset
  artifactKey: Guid(0161d805a3764c089bef00bfe00793f5) Importer(2089858483,192608db42251d675da83286b1cce702)
Start importing Assets/TextMesh Pro/Examples & Extras/Resources/Fonts & Materials/Oswald Bold SDF.asset using Guid(0161d805a3764c089bef00bfe00793f5) Importer(2089858483,192608db42251d675da83286b1cce702) (ScriptedImporter) -> (artifact id: 'f838cf64f4ad09677899039665244521') in 0.089452 seconds
Number of updated asset objects reloaded before import = 0Number of asset objects unloaded after import = 5

========================================================================
Received Import Request.
  Time since last request: 0.000038 seconds.
  path: Assets/TextMesh Pro/Examples & Extras/Textures/Wipe Pattern - Circle.psd
  artifactKey: Guid(10c49fcd9c64421db7c0133e61e55f97) Importer(2089858483,192608db42251d675da83286b1cce702)
Start importing Assets/TextMesh Pro/Examples & Extras/Textures/Wipe Pattern - Circle.psd using Guid(10c49fcd9c64421db7c0133e61e55f97) Importer(2089858483,192608db42251d675da83286b1cce702) (ScriptedImporter) -> (artifact id: 'be8b6c14efa18faef1475a07d2d6fb89') in 0.038183 seconds
Number of updated asset objects reloaded before import = 0Number of asset objects unloaded after import = 1

========================================================================
Received Import Request.
  Time since last request: 0.000027 seconds.
  path: Assets/TextMesh Pro/Examples & Extras/Scenes/07 - Superscript & Subscript Example.unity
  artifactKey: Guid(03ec435d4b7140e9b2d87f79136d8374) Importer(2089858483,192608db42251d675da83286b1cce702)
Start importing Assets/TextMesh Pro/Examples & Extras/Scenes/07 - Superscript & Subscript Example.unity using Guid(03ec435d4b7140e9b2d87f79136d8374) Importer(2089858483,192608db42251d675da83286b1cce702) (ScriptedImporter) -> (artifact id: 'e05e0d41bc12c75c021471bb426cde2a') in 0.0335055 seconds
Number of updated asset objects reloaded before import = 0Number of asset objects unloaded after import = 1

========================================================================
Received Import Request.
  Time since last request: 0.000033 seconds.
  path: Assets/TextMesh Pro/Shaders/TMP_SDF-HDRP UNLIT.shadergraph
  artifactKey: Guid(f63d574838ccfb44f84acc05fed0af48) Importer(2089858483,192608db42251d675da83286b1cce702)
Start importing Assets/TextMesh Pro/Shaders/TMP_SDF-HDRP UNLIT.shadergraph using Guid(f63d574838ccfb44f84acc05fed0af48) Importer(2089858483,192608db42251d675da83286b1cce702) (ScriptedImporter) -> (artifact id: '6ecfca57cd31f4a4d698f5c37335adcc') in 0.0296195 seconds
Number of updated asset objects reloaded before import = 0Number of asset objects unloaded after import = 3

========================================================================
Received Import Request.
  Time since last request: 0.000043 seconds.
  path: Assets/TextMesh Pro/Examples & Extras/Resources/Fonts & Materials/Roboto-Bold SDF - URP.mat
  artifactKey: Guid(90722b8bd74d9aa49958562aff7bdf76) Importer(2089858483,192608db42251d675da83286b1cce702)
Start importing Assets/TextMesh Pro/Examples & Extras/Resources/Fonts & Materials/Roboto-Bold SDF - URP.mat using Guid(90722b8bd74d9aa49958562aff7bdf76) Importer(2089858483,192608db42251d675da83286b1cce702) (ScriptedImporter) -> (artifact id: 'fdec9c0f00986d8328c33fd5d7c6d274') in 0.0422587 seconds
Number of updated asset objects reloaded before import = 0Number of asset objects unloaded after import = 3

========================================================================
Received Import Request.
  Time since last request: 0.000040 seconds.
  path: Assets/TextMesh Pro/Examples & Extras/Prefabs/TextMeshPro - Prefab 2.prefab
  artifactKey: Guid(fdad9d952ae84cafb74c63f2e694d042) Importer(2089858483,192608db42251d675da83286b1cce702)
Start importing Assets/TextMesh Pro/Examples & Extras/Prefabs/TextMeshPro - Prefab 2.prefab using Guid(fdad9d952ae84cafb74c63f2e694d042) Importer(2089858483,192608db42251d675da83286b1cce702) (ScriptedImporter)The method get_fontSharedMaterials was not found on TextMeshPro - Prefab 2. This property will not be indexed.
UnityEngine.Debug:ExtractStackTraceNoAlloc (byte*,int,string)
UnityEngine.StackTraceUtility:ExtractStackTrace ()
UnityEngine.DebugLogHandler:Internal_Log (UnityEngine.LogType,UnityEngine.LogOption,string,UnityEngine.Object)
UnityEngine.DebugLogHandler:LogFormat (UnityEngine.LogType,UnityEngine.Object,string,object[])
UnityEngine.Logger:Log (UnityEngine.LogType,object)
UnityEngine.Debug:LogWarning (object)
UnityEditor.Rendering.Universal.MaterialReferenceBuilder:GetMaterialFromMethod (System.Reflection.MethodInfo,UnityEngine.Object,System.Func`3<string, string, string>) (at ./Library/PackageCache/com.unity.render-pipelines.universal@2b88762731f8/Editor/Converter/MaterialReferenceBuilder.cs:133)
UnityEditor.Rendering.Universal.ConversionIndexers:ConversionIndexer (UnityEditor.Search.CustomObjectIndexerTarget,UnityEditor.Search.ObjectIndexer) (at ./Library/PackageCache/com.unity.render-pipelines.universal@2b88762731f8/Editor/Converter/ConversionIndexers.cs:21)
UnityEditor.Search.ObjectIndexer:CallCustomIndexers (string,int,UnityEngine.Object,UnityEditor.SerializedObject,bool)
UnityEditor.Search.ObjectIndexer:IndexCustomProperties (string,int,UnityEngine.Object)
UnityEditor.Search.AssetIndexer:IndexCustomGameObjectProperties (string,int,UnityEngine.GameObject)
UnityEditor.Search.AssetIndexer:IndexProperties (int&,string&,bool&)
UnityEditor.Search.AssetIndexer:IndexDocument (string,bool)
UnityEditor.Search.SearchIndexEntryImporter:OnImportAsset (UnityEditor.AssetImporters.AssetImportContext)
UnityEditor.AssetImporters.ScriptedImporter:GenerateAssetData (UnityEditor.AssetImporters.AssetImportContext)

(Filename: ./Library/PackageCache/com.unity.render-pipelines.universal@2b88762731f8/Editor/Converter/MaterialReferenceBuilder.cs Line: 133)

 -> (artifact id: 'd3d6e052f950f075b399e2dcd8231cf9') in 0.2169422 seconds
Number of updated asset objects reloaded before import = 0Number of asset objects unloaded after import = 16

========================================================================
Received Import Request.
  Time since last request: 0.000039 seconds.
  path: Assets/TextMesh Pro/Examples & Extras/Resources/Fonts & Materials/Roboto-Bold SDF - Surface.mat
  artifactKey: Guid(e6b276ec991f467aa14ef1f3cc665993) Importer(2089858483,192608db42251d675da83286b1cce702)
Start importing Assets/TextMesh Pro/Examples & Extras/Resources/Fonts & Materials/Roboto-Bold SDF - Surface.mat using Guid(e6b276ec991f467aa14ef1f3cc665993) Importer(2089858483,192608db42251d675da83286b1cce702) (ScriptedImporter) -> (artifact id: '515a6c720130d8bc613a2e70dca33d70') in 0.0468577 seconds
Number of updated asset objects reloaded before import = 0Number of asset objects unloaded after import = 2

========================================================================
Received Import Request.
  Time since last request: 0.000052 seconds.
  path: Assets/Samples/XR Interaction Toolkit/3.1.2/Starter Assets/Materials/Flat Blue.mat
  artifactKey: Guid(91ff3830fc4055a4fb0d0d2be32101a7) Importer(2089858483,192608db42251d675da83286b1cce702)
Start importing Assets/Samples/XR Interaction Toolkit/3.1.2/Starter Assets/Materials/Flat Blue.mat using Guid(91ff3830fc4055a4fb0d0d2be32101a7) Importer(2089858483,192608db42251d675da83286b1cce702) (ScriptedImporter) -> (artifact id: '495a699cc7cf2757f5a3dbc6847f0591') in 0.0327461 seconds
Number of updated asset objects reloaded before import = 0Number of asset objects unloaded after import = 1

========================================================================
Received Import Request.
  Time since last request: 0.000024 seconds.
  path: Assets/Samples/XR Interaction Toolkit/3.1.2/Starter Assets/Filters/AnyGazedAtTeleportAnchorFilter.asset
  artifactKey: Guid(0f906c94e2aa0c3488832acc1db04295) Importer(2089858483,192608db42251d675da83286b1cce702)
Start importing Assets/Samples/XR Interaction Toolkit/3.1.2/Starter Assets/Filters/AnyGazedAtTeleportAnchorFilter.asset using Guid(0f906c94e2aa0c3488832acc1db04295) Importer(2089858483,192608db42251d675da83286b1cce702) (ScriptedImporter) -> (artifact id: '27f292bdbab4feeade971243dd50f970') in 0.0365694 seconds
Number of updated asset objects reloaded before import = 0Number of asset objects unloaded after import = 1

========================================================================
Received Import Request.
  Time since last request: 0.000028 seconds.
  path: Assets/TextMesh Pro/Examples & Extras/Scenes/15 - Inline Graphics & Sprites.unity
  artifactKey: Guid(e76e6c0f81964cbda3fe0b7d26ed8060) Importer(2089858483,192608db42251d675da83286b1cce702)
Start importing Assets/TextMesh Pro/Examples & Extras/Scenes/15 - Inline Graphics & Sprites.unity using Guid(e76e6c0f81964cbda3fe0b7d26ed8060) Importer(2089858483,192608db42251d675da83286b1cce702) (ScriptedImporter) -> (artifact id: '3d65b95b992d428d841e7cdc16bdc874') in 0.0363263 seconds
Number of updated asset objects reloaded before import = 0Number of asset objects unloaded after import = 1

========================================================================
Received Import Request.
  Time since last request: 0.000039 seconds.
  path: Assets/Samples/XR Interaction Toolkit/3.1.2/Starter Assets/Materials/Controller_White.mat
  artifactKey: Guid(9f12d299d16099343a3c5c0d7285822a) Importer(2089858483,192608db42251d675da83286b1cce702)
Start importing Assets/Samples/XR Interaction Toolkit/3.1.2/Starter Assets/Materials/Controller_White.mat using Guid(9f12d299d16099343a3c5c0d7285822a) Importer(2089858483,192608db42251d675da83286b1cce702) (ScriptedImporter) -> (artifact id: '82e5e2d7c73f497d7e3e0da91eabf97e') in 0.0384084 seconds
Number of updated asset objects reloaded before import = 0Number of asset objects unloaded after import = 2

========================================================================
Received Import Request.
  Time since last request: 0.000025 seconds.
  path: Assets/TextMesh Pro/Examples & Extras/Resources/Color Gradient Presets/Light to Dark Green - Vertical.asset
  artifactKey: Guid(5cf8ae092ca54931b443bec5148f3c59) Importer(2089858483,192608db42251d675da83286b1cce702)
Start importing Assets/TextMesh Pro/Examples & Extras/Resources/Color Gradient Presets/Light to Dark Green - Vertical.asset using Guid(5cf8ae092ca54931b443bec5148f3c59) Importer(2089858483,192608db42251d675da83286b1cce702) (ScriptedImporter) -> (artifact id: '03e59a4e341af1455210db092c0cad99') in 0.0339591 seconds
Number of updated asset objects reloaded before import = 0Number of asset objects unloaded after import = 1

========================================================================
Received Import Request.
  Time since last request: 0.000025 seconds.
  path: Assets/Samples/XR Interaction Toolkit/3.1.2/Starter Assets/Presets/XRI Default Left Controller InputActionManager.preset
  artifactKey: Guid(c3d4ecc12d5e0f14c93fd734af32ab63) Importer(2089858483,192608db42251d675da83286b1cce702)
Start importing Assets/Samples/XR Interaction Toolkit/3.1.2/Starter Assets/Presets/XRI Default Left Controller InputActionManager.preset using Guid(c3d4ecc12d5e0f14c93fd734af32ab63) Importer(2089858483,192608db42251d675da83286b1cce702) (ScriptedImporter) -> (artifact id: 'eb924637cd489e685e40a30265465040') in 0.0584176 seconds
Number of updated asset objects reloaded before import = 0Number of asset objects unloaded after import = 8

========================================================================
Received Import Request.
  Time since last request: 0.000036 seconds.
  path: Assets/Samples/XR Interaction Toolkit/3.1.2/Starter Assets/Presets/XRI Default Left Grab Move.preset
  artifactKey: Guid(e2e08fffc3edfbb47a429bae0c5a6343) Importer(2089858483,192608db42251d675da83286b1cce702)
Start importing Assets/Samples/XR Interaction Toolkit/3.1.2/Starter Assets/Presets/XRI Default Left Grab Move.preset using Guid(e2e08fffc3edfbb47a429bae0c5a6343) Importer(2089858483,192608db42251d675da83286b1cce702) (ScriptedImporter) -> (artifact id: 'cad1e9f6405437d52dce0272978e7989') in 0.0396257 seconds
Number of updated asset objects reloaded before import = 0Number of asset objects unloaded after import = 3

========================================================================
Received Import Request.
  Time since last request: 0.000023 seconds.
  path: Assets/Samples/XR Interaction Toolkit/3.1.2/Starter Assets/Materials/UI-NoZTest.mat
  artifactKey: Guid(6f3d696f7c3365846b6dc2402afb3d3e) Importer(2089858483,192608db42251d675da83286b1cce702)
Start importing Assets/Samples/XR Interaction Toolkit/3.1.2/Starter Assets/Materials/UI-NoZTest.mat using Guid(6f3d696f7c3365846b6dc2402afb3d3e) Importer(2089858483,192608db42251d675da83286b1cce702) (ScriptedImporter) -> (artifact id: '34172775cec7ddfbb66616a26323dd61') in 0.0341799 seconds
Number of updated asset objects reloaded before import = 0Number of asset objects unloaded after import = 1

========================================================================
Received Import Request.
  Time since last request: 0.000037 seconds.
  path: Assets/Samples/XR Interaction Toolkit/3.1.2/Starter Assets/Models/Reticle_Torus.fbx
  artifactKey: Guid(be2911572dc3afa448d24b4e97edc5f1) Importer(2089858483,192608db42251d675da83286b1cce702)
Start importing Assets/Samples/XR Interaction Toolkit/3.1.2/Starter Assets/Models/Reticle_Torus.fbx using Guid(be2911572dc3afa448d24b4e97edc5f1) Importer(2089858483,192608db42251d675da83286b1cce702) (ScriptedImporter) -> (artifact id: '43278d0d61c9abc72ff8b72c1322f080') in 0.0359051 seconds
Number of updated asset objects reloaded before import = 0Number of asset objects unloaded after import = 8

========================================================================
Received Import Request.
  Time since last request: 0.000041 seconds.
  path: Assets/TextMesh Pro/Examples & Extras/Textures/Mask Zig-n-Zag.psd
  artifactKey: Guid(bb8dfcd263ad4eb383a33d74a720be6f) Importer(2089858483,192608db42251d675da83286b1cce702)
Start importing Assets/TextMesh Pro/Examples & Extras/Textures/Mask Zig-n-Zag.psd using Guid(bb8dfcd263ad4eb383a33d74a720be6f) Importer(2089858483,192608db42251d675da83286b1cce702) (ScriptedImporter) -> (artifact id: '86972eb2aa5b002c74ecafeeb52a9843') in 0.0424823 seconds
Number of updated asset objects reloaded before import = 0Number of asset objects unloaded after import = 1

========================================================================
Received Import Request.
  Time since last request: 0.000022 seconds.
  path: Assets/Samples/XR Interaction Toolkit/3.1.2/Starter Assets/Presets/XRI Default Snap Turn.preset
  artifactKey: Guid(5d3a60dbf2f04694f9060712df89debb) Importer(2089858483,192608db42251d675da83286b1cce702)
Start importing Assets/Samples/XR Interaction Toolkit/3.1.2/Starter Assets/Presets/XRI Default Snap Turn.preset using Guid(5d3a60dbf2f04694f9060712df89debb) Importer(2089858483,192608db42251d675da83286b1cce702) (ScriptedImporter) -> (artifact id: '027932abc3db54ed79f63fb5ac24e98d') in 0.0444076 seconds
Number of updated asset objects reloaded before import = 0Number of asset objects unloaded after import = 4

========================================================================
Received Import Request.
  Time since last request: 0.000094 seconds.
  path: Assets/Samples/XR Interaction Toolkit/3.1.2/Starter Assets/Scripts/MaterialPipelineHandler.cs
  artifactKey: Guid(e7883133e628dff4a86f50c082f77055) Importer(2089858483,192608db42251d675da83286b1cce702)
Start importing Assets/Samples/XR Interaction Toolkit/3.1.2/Starter Assets/Scripts/MaterialPipelineHandler.cs using Guid(e7883133e628dff4a86f50c082f77055) Importer(2089858483,192608db42251d675da83286b1cce702) (ScriptedImporter) -> (artifact id: '1b5ca1073c6a159f1a351ae1097548ad') in 0.0226707 seconds
Number of updated asset objects reloaded before import = 0Number of asset objects unloaded after import = 0

========================================================================
Received Import Request.
  Time since last request: 0.000040 seconds.
  path: Assets/Samples/XR Interaction Toolkit/3.1.2/Starter Assets/Scripts/DynamicMoveProvider.cs
  artifactKey: Guid(9b1e8c997df241c1a67045eeac79b41b) Importer(2089858483,192608db42251d675da83286b1cce702)
Start importing Assets/Samples/XR Interaction Toolkit/3.1.2/Starter Assets/Scripts/DynamicMoveProvider.cs using Guid(9b1e8c997df241c1a67045eeac79b41b) Importer(2089858483,192608db42251d675da83286b1cce702) (ScriptedImporter) -> (artifact id: '8b29630966588352555721197a028fe5') in 0.0182232 seconds
Number of updated asset objects reloaded before import = 0Number of asset objects unloaded after import = 0

========================================================================
Received Import Request.
  Time since last request: 0.000067 seconds.
  path: Assets/Samples/XR Interaction Toolkit/3.1.2/Starter Assets/Scripts/RotationAxisLockGrabTransformer.cs
  artifactKey: Guid(4dd2e41114c62b44fbd334ca5b314352) Importer(2089858483,192608db42251d675da83286b1cce702)
Start importing Assets/Samples/XR Interaction Toolkit/3.1.2/Starter Assets/Scripts/RotationAxisLockGrabTransformer.cs using Guid(4dd2e41114c62b44fbd334ca5b314352) Importer(2089858483,192608db42251d675da83286b1cce702) (ScriptedImporter) -> (artifact id: '810a915d1ac90cdd738882f6d8d25578') in 0.0182553 seconds
Number of updated asset objects reloaded before import = 0Number of asset objects unloaded after import = 0

========================================================================
Received Import Request.
  Time since last request: 0.000022 seconds.
  path: Assets/TextMesh Pro/Examples & Extras/Resources/Fonts & Materials/LiberationSans SDF - Overlay.mat
  artifactKey: Guid(9ad269c99dcf42b7aedefd83dd5a7b9d) Importer(2089858483,192608db42251d675da83286b1cce702)
Start importing Assets/TextMesh Pro/Examples & Extras/Resources/Fonts & Materials/LiberationSans SDF - Overlay.mat using Guid(9ad269c99dcf42b7aedefd83dd5a7b9d) Importer(2089858483,192608db42251d675da83286b1cce702) (ScriptedImporter) -> (artifact id: '98f02306d71bd26df26560289f613bb4') in 0.0537502 seconds
Number of updated asset objects reloaded before import = 0Number of asset objects unloaded after import = 2

========================================================================
Received Import Request.
  Time since last request: 0.000029 seconds.
  path: Assets/TutorialInfo/Scripts/Editor/ReadmeEditor.cs
  artifactKey: Guid(476cc7d7cd9874016adc216baab94a0a) Importer(2089858483,192608db42251d675da83286b1cce702)
Start importing Assets/TutorialInfo/Scripts/Editor/ReadmeEditor.cs using Guid(476cc7d7cd9874016adc216baab94a0a) Importer(2089858483,192608db42251d675da83286b1cce702) (ScriptedImporter) -> (artifact id: '767f6f6d1f244cf9f534c98eed775be3') in 0.0194044 seconds
Number of updated asset objects reloaded before import = 0Number of asset objects unloaded after import = 0

========================================================================
Received Import Request.
  Time since last request: 0.000035 seconds.
  path: Assets/Samples/XR Interaction Toolkit/3.1.2/Starter Assets/Scripts/XRPokeFollowAffordance.cs
  artifactKey: Guid(07b3638c2f5db5b479ff24c2859713d4) Importer(2089858483,192608db42251d675da83286b1cce702)
Start importing Assets/Samples/XR Interaction Toolkit/3.1.2/Starter Assets/Scripts/XRPokeFollowAffordance.cs using Guid(07b3638c2f5db5b479ff24c2859713d4) Importer(2089858483,192608db42251d675da83286b1cce702) (ScriptedImporter) -> (artifact id: 'ac9fa95b66537de34c11d01e4344ee0a') in 0.0205924 seconds
Number of updated asset objects reloaded before import = 0Number of asset objects unloaded after import = 0

========================================================================
Received Import Request.
  Time since last request: 0.000023 seconds.
  path: Assets/Samples/XR Interaction Toolkit/3.1.2/Starter Assets/DemoSceneAssets/Materials/Concrete Dark Blue.mat
  artifactKey: Guid(bbb56ac3cf3c61a46ab3887c0fdbda8f) Importer(2089858483,192608db42251d675da83286b1cce702)
Start importing Assets/Samples/XR Interaction Toolkit/3.1.2/Starter Assets/DemoSceneAssets/Materials/Concrete Dark Blue.mat using Guid(bbb56ac3cf3c61a46ab3887c0fdbda8f) Importer(2089858483,192608db42251d675da83286b1cce702) (ScriptedImporter) -> (artifact id: '6ae9d18c25a993c69fe283d938344962') in 0.0393519 seconds
Number of updated asset objects reloaded before import = 0Number of asset objects unloaded after import = 3

========================================================================
Received Import Request.
  Time since last request: 0.000030 seconds.
  path: Assets/Samples/XR Interaction Toolkit/3.1.2/Starter Assets/TunnelingVignette/TunnelingVignette.shader
  artifactKey: Guid(e51b4af1e50be764e8de46e07d4e3f3f) Importer(2089858483,192608db42251d675da83286b1cce702)
Start importing Assets/Samples/XR Interaction Toolkit/3.1.2/Starter Assets/TunnelingVignette/TunnelingVignette.shader using Guid(e51b4af1e50be764e8de46e07d4e3f3f) Importer(2089858483,192608db42251d675da83286b1cce702) (ScriptedImporter) -> (artifact id: '591022cf96a783371f5e66c91d4a7ca6') in 0.0220113 seconds
Number of updated asset objects reloaded before import = 0Number of asset objects unloaded after import = 1

========================================================================
Received Import Request.
  Time since last request: 0.000052 seconds.
  path: Assets/Samples/XR Interaction Toolkit/3.1.2/Starter Assets/Shaders/UI-NoZTest.shader
  artifactKey: Guid(a661e7516de55c047905f40ca76fe701) Importer(2089858483,192608db42251d675da83286b1cce702)
Start importing Assets/Samples/XR Interaction Toolkit/3.1.2/Starter Assets/Shaders/UI-NoZTest.shader using Guid(a661e7516de55c047905f40ca76fe701) Importer(2089858483,192608db42251d675da83286b1cce702) (ScriptedImporter) -> (artifact id: '91d57079268af6d85fa27cc885f26f25') in 0.0189448 seconds
Number of updated asset objects reloaded before import = 0Number of asset objects unloaded after import = 1

========================================================================
Received Import Request.
  Time since last request: 0.000024 seconds.
  path: Assets/Samples/XR Interaction Toolkit/3.1.2/Starter Assets/TunnelingVignette/TunnelingVignette.prefab
  artifactKey: Guid(6c8af5c8012f01440af6cb2bc3eb987c) Importer(2089858483,192608db42251d675da83286b1cce702)
Start importing Assets/Samples/XR Interaction Toolkit/3.1.2/Starter Assets/TunnelingVignette/TunnelingVignette.prefab using Guid(6c8af5c8012f01440af6cb2bc3eb987c) Importer(2089858483,192608db42251d675da83286b1cce702) (ScriptedImporter) -> (artifact id: '009da1d5a255583bc72144af74644155') in 0.0826069 seconds
Number of updated asset objects reloaded before import = 0Number of asset objects unloaded after import = 10

========================================================================
Received Import Request.
  Time since last request: 0.000031 seconds.
  path: Assets/Samples/XR Interaction Toolkit/3.1.2/Starter Assets/DemoSceneAssets/Models/Primitive_Blaster_Long.fbx
  artifactKey: Guid(e51d3dbfe79e4c646bb30424a11f23a0) Importer(2089858483,192608db42251d675da83286b1cce702)
Start importing Assets/Samples/XR Interaction Toolkit/3.1.2/Starter Assets/DemoSceneAssets/Models/Primitive_Blaster_Long.fbx using Guid(e51d3dbfe79e4c646bb30424a11f23a0) Importer(2089858483,192608db42251d675da83286b1cce702) (ScriptedImporter) -> (artifact id: 'eac179424a8f8d2db1f496d87130fe7f') in 0.0519728 seconds
Number of updated asset objects reloaded before import = 0Number of asset objects unloaded after import = 8

========================================================================
Received Import Request.
  Time since last request: 0.000036 seconds.
  path: Assets/Samples/XR Interaction Toolkit/3.1.2/Starter Assets/DemoSceneAssets/Materials/Concrete Grey.mat
  artifactKey: Guid(842f1b88643f1bb458ba6243088e344e) Importer(2089858483,192608db42251d675da83286b1cce702)
Start importing Assets/Samples/XR Interaction Toolkit/3.1.2/Starter Assets/DemoSceneAssets/Materials/Concrete Grey.mat using Guid(842f1b88643f1bb458ba6243088e344e) Importer(2089858483,192608db42251d675da83286b1cce702) (ScriptedImporter) -> (artifact id: 'a4027258bcff406672433be114dfdffe') in 0.0283436 seconds
Number of updated asset objects reloaded before import = 0Number of asset objects unloaded after import = 3

========================================================================
Received Import Request.
  Time since last request: 0.000025 seconds.
  path: Assets/Samples/XR Interaction Toolkit/3.1.2/Starter Assets/DemoSceneAssets/Materials/Lit White.mat
  artifactKey: Guid(fc226930e8fad4c499969204cecfbc05) Importer(2089858483,192608db42251d675da83286b1cce702)
Start importing Assets/Samples/XR Interaction Toolkit/3.1.2/Starter Assets/DemoSceneAssets/Materials/Lit White.mat using Guid(fc226930e8fad4c499969204cecfbc05) Importer(2089858483,192608db42251d675da83286b1cce702) (ScriptedImporter) -> (artifact id: 'ebb40f8b8fd69fb2366647cf3c454441') in 0.0211554 seconds
Number of updated asset objects reloaded before import = 0Number of asset objects unloaded after import = 2

========================================================================
Received Import Request.
  Time since last request: 0.000017 seconds.
  path: Assets/Samples/XR Interaction Toolkit/3.1.2/Starter Assets/Scripts/TeleportVolumeAnchorAffordanceStateLink.cs
  artifactKey: Guid(7da98a0edd844d83b9b4de3f91de030c) Importer(2089858483,192608db42251d675da83286b1cce702)
Start importing Assets/Samples/XR Interaction Toolkit/3.1.2/Starter Assets/Scripts/TeleportVolumeAnchorAffordanceStateLink.cs using Guid(7da98a0edd844d83b9b4de3f91de030c) Importer(2089858483,192608db42251d675da83286b1cce702) (ScriptedImporter) -> (artifact id: 'c7c3aa8ac84c78d8bf367523b1b9d62a') in 0.0149014 seconds
Number of updated asset objects reloaded before import = 0Number of asset objects unloaded after import = 0

========================================================================
Received Import Request.
  Time since last request: 0.000023 seconds.
  path: Assets/XRI/Settings/Resources/InteractionLayerSettings.asset
  artifactKey: Guid(f80df6d2c7b2f2c4cbcc1dc2442d8c06) Importer(2089858483,192608db42251d675da83286b1cce702)
Start importing Assets/XRI/Settings/Resources/InteractionLayerSettings.asset using Guid(f80df6d2c7b2f2c4cbcc1dc2442d8c06) Importer(2089858483,192608db42251d675da83286b1cce702) (ScriptedImporter) -> (artifact id: '1c4264d701d09f2b7938a493573da711') in 0.0204111 seconds
Number of updated asset objects reloaded before import = 0Number of asset objects unloaded after import = 1

========================================================================
Received Import Request.
  Time since last request: 0.000025 seconds.
  path: Assets/Samples/XR Interaction Toolkit/3.1.2/Starter Assets/DemoSceneAssets/Models/Primitive_Tapered_Cylinder.fbx
  artifactKey: Guid(e3493855a112e8248a2ea2c9828a51a1) Importer(2089858483,192608db42251d675da83286b1cce702)
Start importing Assets/Samples/XR Interaction Toolkit/3.1.2/Starter Assets/DemoSceneAssets/Models/Primitive_Tapered_Cylinder.fbx using Guid(e3493855a112e8248a2ea2c9828a51a1) Importer(2089858483,192608db42251d675da83286b1cce702) (ScriptedImporter) -> (artifact id: 'b3127909253f9745173e944e5a881fea') in 0.0421748 seconds
Number of updated asset objects reloaded before import = 0Number of asset objects unloaded after import = 8

========================================================================
Received Import Request.
  Time since last request: 0.000024 seconds.
  path: Assets/Samples/XR Interaction Toolkit/3.1.2/Starter Assets/DemoSceneAssets/Scripts/IncrementUIText.cs
  artifactKey: Guid(ba6ff5e7c92519444bc2a7ca46558963) Importer(2089858483,192608db42251d675da83286b1cce702)
Start importing Assets/Samples/XR Interaction Toolkit/3.1.2/Starter Assets/DemoSceneAssets/Scripts/IncrementUIText.cs using Guid(ba6ff5e7c92519444bc2a7ca46558963) Importer(2089858483,192608db42251d675da83286b1cce702) (ScriptedImporter) -> (artifact id: '968dab6b3d769c86aec0f7ad609f48e5') in 0.0196672 seconds
Number of updated asset objects reloaded before import = 0Number of asset objects unloaded after import = 0

========================================================================
Received Import Request.
  Time since last request: 0.000029 seconds.
  path: Assets/Samples/XR Interaction Toolkit/3.1.2/Starter Assets/DemoSceneAssets/Models/PushButton.fbx
  artifactKey: Guid(7ab6f3b0fd1a6ba41b2a47766c16613f) Importer(2089858483,192608db42251d675da83286b1cce702)
Start importing Assets/Samples/XR Interaction Toolkit/3.1.2/Starter Assets/DemoSceneAssets/Models/PushButton.fbx using Guid(7ab6f3b0fd1a6ba41b2a47766c16613f) Importer(2089858483,192608db42251d675da83286b1cce702) (ScriptedImporter) -> (artifact id: '9c6bea93e17d6dffb919b7c1495c0ec8') in 0.0326925 seconds
Number of updated asset objects reloaded before import = 0Number of asset objects unloaded after import = 18

========================================================================
Received Import Request.
  Time since last request: 0.000027 seconds.
  path: Assets/Samples/XR Interaction Toolkit/3.1.2/Starter Assets/DemoSceneAssets/Prefabs/Gaze Interactables.prefab
  artifactKey: Guid(e05cd47ab8981f64badd3bfe29af8f4e) Importer(2089858483,192608db42251d675da83286b1cce702)
Start importing Assets/Samples/XR Interaction Toolkit/3.1.2/Starter Assets/DemoSceneAssets/Prefabs/Gaze Interactables.prefab using Guid(e05cd47ab8981f64badd3bfe29af8f4e) Importer(2089858483,192608db42251d675da83286b1cce702) (ScriptedImporter) -> (artifact id: '567348ef8445edf0394150f2d4a71059') in 0.0832455 seconds
Number of updated asset objects reloaded before import = 0Number of asset objects unloaded after import = 41

========================================================================
Received Import Request.
  Time since last request: 0.000046 seconds.
  path: Assets/Samples/XR Interaction Toolkit/3.1.2/Starter Assets/DemoSceneAssets/Prefabs/Teleportation Environment.prefab
  artifactKey: Guid(3e07eccb5e6f459d886de95044adb1d9) Importer(2089858483,192608db42251d675da83286b1cce702)
Start importing Assets/Samples/XR Interaction Toolkit/3.1.2/Starter Assets/DemoSceneAssets/Prefabs/Teleportation Environment.prefab using Guid(3e07eccb5e6f459d886de95044adb1d9) Importer(2089858483,192608db42251d675da83286b1cce702) (ScriptedImporter) -> (artifact id: '51df2057eef25f159c66ff066d059771') in 0.057453 seconds
Number of updated asset objects reloaded before import = 0Number of asset objects unloaded after import = 103

========================================================================
Received Import Request.
  Time since last request: 0.000020 seconds.
  path: Assets/TextMesh Pro/Examples & Extras/Scripts/VertexShakeA.cs
  artifactKey: Guid(f7cfa58e417a46ea8889989684c2522e) Importer(2089858483,192608db42251d675da83286b1cce702)
Start importing Assets/TextMesh Pro/Examples & Extras/Scripts/VertexShakeA.cs using Guid(f7cfa58e417a46ea8889989684c2522e) Importer(2089858483,192608db42251d675da83286b1cce702) (ScriptedImporter) -> (artifact id: 'e1048e38e045a0defea380d7a228dc15') in 0.0162806 seconds
Number of updated asset objects reloaded before import = 0Number of asset objects unloaded after import = 0

========================================================================
Received Import Request.
  Time since last request: 0.000023 seconds.
  path: Assets/Samples/XR Interaction Toolkit/3.1.2/Starter Assets/DemoSceneAssets/Sprites/Round Radius 4.png
  artifactKey: Guid(affa059594145a843b81788037b4ee21) Importer(2089858483,192608db42251d675da83286b1cce702)
Start importing Assets/Samples/XR Interaction Toolkit/3.1.2/Starter Assets/DemoSceneAssets/Sprites/Round Radius 4.png using Guid(affa059594145a843b81788037b4ee21) Importer(2089858483,192608db42251d675da83286b1cce702) (ScriptedImporter) -> (artifact id: '8fd524bf4753cb8ff934bd134634afc7') in 0.0423947 seconds
Number of updated asset objects reloaded before import = 0Number of asset objects unloaded after import = 3

========================================================================
Received Import Request.
  Time since last request: 0.000033 seconds.
  path: Assets/Samples/XR Interaction Toolkit/3.1.2/Starter Assets/DemoSceneAssets/Sprites/Asset.png
  artifactKey: Guid(17d565bb4a7744b41b7e4dc7e3a09e35) Importer(2089858483,192608db42251d675da83286b1cce702)
Start importing Assets/Samples/XR Interaction Toolkit/3.1.2/Starter Assets/DemoSceneAssets/Sprites/Asset.png using Guid(17d565bb4a7744b41b7e4dc7e3a09e35) Importer(2089858483,192608db42251d675da83286b1cce702) (ScriptedImporter) -> (artifact id: 'ab6f97d06adc26a8327ca0ddc4646510') in 0.0326042 seconds
Number of updated asset objects reloaded before import = 0Number of asset objects unloaded after import = 3

========================================================================
Received Import Request.
  Time since last request: 0.000023 seconds.
  path: Assets/Samples/XR Interaction Toolkit/3.1.2/Starter Assets/DemoSceneAssets/Textures/Concrete_Normal.tif
  artifactKey: Guid(cdebec39dbf81a14688e1de8d12897b4) Importer(2089858483,192608db42251d675da83286b1cce702)
Start importing Assets/Samples/XR Interaction Toolkit/3.1.2/Starter Assets/DemoSceneAssets/Textures/Concrete_Normal.tif using Guid(cdebec39dbf81a14688e1de8d12897b4) Importer(2089858483,192608db42251d675da83286b1cce702) (ScriptedImporter) -> (artifact id: '6db3fbaa465d5c72cc4624c456184f32') in 0.0255263 seconds
Number of updated asset objects reloaded before import = 0Number of asset objects unloaded after import = 1

========================================================================
Received Import Request.
  Time since last request: 0.000024 seconds.
  path: Assets/Samples/XR Interaction Toolkit/3.1.2/Starter Assets/Editor/Scripts/StarterAssetsSampleProjectValidation.cs
  artifactKey: Guid(ef67ceb22b2224643a2d5004fc2a678a) Importer(2089858483,192608db42251d675da83286b1cce702)
Start importing Assets/Samples/XR Interaction Toolkit/3.1.2/Starter Assets/Editor/Scripts/StarterAssetsSampleProjectValidation.cs using Guid(ef67ceb22b2224643a2d5004fc2a678a) Importer(2089858483,192608db42251d675da83286b1cce702) (ScriptedImporter) -> (artifact id: 'c55441c9a9887df28f9e7010bc7aec97') in 0.0169408 seconds
Number of updated asset objects reloaded before import = 0Number of asset objects unloaded after import = 0

========================================================================
Received Import Request.
  Time since last request: 0.000022 seconds.
  path: Assets/TextMesh Pro/Examples & Extras/Scripts/TMP_TextEventHandler.cs
  artifactKey: Guid(1312ae25639a4bae8e25ae223209cc50) Importer(2089858483,192608db42251d675da83286b1cce702)
Start importing Assets/TextMesh Pro/Examples & Extras/Scripts/TMP_TextEventHandler.cs using Guid(1312ae25639a4bae8e25ae223209cc50) Importer(2089858483,192608db42251d675da83286b1cce702) (ScriptedImporter) -> (artifact id: '00e7d1c28dfbcce1cf995c7e6e876fca') in 0.0167921 seconds
Number of updated asset objects reloaded before import = 0Number of asset objects unloaded after import = 0

========================================================================
Received Import Request.
  Time since last request: 0.000030 seconds.
  path: Assets/Samples/XR Interaction Toolkit/3.1.2/Starter Assets/Materials/MaterialPipelineHandler.asset
  artifactKey: Guid(dbe8dcb68b75cd2498ab6c1d96e072a4) Importer(2089858483,192608db42251d675da83286b1cce702)
Start importing Assets/Samples/XR Interaction Toolkit/3.1.2/Starter Assets/Materials/MaterialPipelineHandler.asset using Guid(dbe8dcb68b75cd2498ab6c1d96e072a4) Importer(2089858483,192608db42251d675da83286b1cce702) (ScriptedImporter) -> (artifact id: '326338487bac726b3cd1ee56ff254527') in 0.0231043 seconds
Number of updated asset objects reloaded before import = 0Number of asset objects unloaded after import = 7

========================================================================
Received Import Request.
  Time since last request: 0.000021 seconds.
  path: Assets/Samples/XR Interaction Toolkit/3.1.2/Starter Assets/DemoSceneAssets/Prefabs/Climb/Climb Sample.prefab
  artifactKey: Guid(2ea572d587ee60f44bd5baa3bc2d6503) Importer(2089858483,192608db42251d675da83286b1cce702)
Start importing Assets/Samples/XR Interaction Toolkit/3.1.2/Starter Assets/DemoSceneAssets/Prefabs/Climb/Climb Sample.prefab using Guid(2ea572d587ee60f44bd5baa3bc2d6503) Importer(2089858483,192608db42251d675da83286b1cce702) (ScriptedImporter) -> (artifact id: 'de545a7ee4b33603eb877b1cd7c8e527') in 0.0768988 seconds
Number of updated asset objects reloaded before import = 0Number of asset objects unloaded after import = 792

========================================================================
Received Import Request.
  Time since last request: 0.000028 seconds.
  path: Assets/Samples/XR Interaction Toolkit/3.1.2/Starter Assets/Prefabs/Interactors/Left_NearFarInteractor.prefab
  artifactKey: Guid(3df3e1220f2164f448701a6de8084f92) Importer(2089858483,192608db42251d675da83286b1cce702)
Start importing Assets/Samples/XR Interaction Toolkit/3.1.2/Starter Assets/Prefabs/Interactors/Left_NearFarInteractor.prefab using Guid(3df3e1220f2164f448701a6de8084f92) Importer(2089858483,192608db42251d675da83286b1cce702) (ScriptedImporter) -> (artifact id: '9794772aa5071402a72cab2f1c45c562') in 0.194472 seconds
Number of updated asset objects reloaded before import = 0Number of asset objects unloaded after import = 24

========================================================================
Received Import Request.
  Time since last request: 0.000036 seconds.
  path: Assets/Samples/XR Interaction Toolkit/3.1.2/Starter Assets/Models/Primitive_Cylinder.fbx
  artifactKey: Guid(9e1dc1c14313460d872de39e35129b39) Importer(2089858483,192608db42251d675da83286b1cce702)
Start importing Assets/Samples/XR Interaction Toolkit/3.1.2/Starter Assets/Models/Primitive_Cylinder.fbx using Guid(9e1dc1c14313460d872de39e35129b39) Importer(2089858483,192608db42251d675da83286b1cce702) (ScriptedImporter) -> (artifact id: '011da64a75c501c25fc5027e441340ae') in 0.0280488 seconds
Number of updated asset objects reloaded before import = 0Number of asset objects unloaded after import = 8

========================================================================
Received Import Request.
  Time since last request: 0.000019 seconds.
  path: Assets/TextMesh Pro/Examples & Extras/Fonts/Anton OFL.txt
  artifactKey: Guid(73a79399807f4e8388c2cbb5494681ca) Importer(2089858483,192608db42251d675da83286b1cce702)
Start importing Assets/TextMesh Pro/Examples & Extras/Fonts/Anton OFL.txt using Guid(73a79399807f4e8388c2cbb5494681ca) Importer(2089858483,192608db42251d675da83286b1cce702) (ScriptedImporter) -> (artifact id: 'c95276b26f0ef6bcb6a6fd6ac0b43fbd') in 0.028055 seconds
Number of updated asset objects reloaded before import = 0Number of asset objects unloaded after import = 1

========================================================================
Received Import Request.
  Time since last request: 0.000026 seconds.
  path: Assets/Samples/XR Interaction Toolkit/3.1.2/Starter Assets/DemoSceneAssets/Prefabs/Teleport/Snap Teleport Anchor.prefab
  artifactKey: Guid(037ba65d346be2a48ad006b9a9a3873e) Importer(2089858483,192608db42251d675da83286b1cce702)
Start importing Assets/Samples/XR Interaction Toolkit/3.1.2/Starter Assets/DemoSceneAssets/Prefabs/Teleport/Snap Teleport Anchor.prefab using Guid(037ba65d346be2a48ad006b9a9a3873e) Importer(2089858483,192608db42251d675da83286b1cce702) (ScriptedImporter) -> (artifact id: '5073fe3e9d0efc36b3e69e596c798529') in 0.0679792 seconds
Number of updated asset objects reloaded before import = 0Number of asset objects unloaded after import = 37

========================================================================
Received Import Request.
  Time since last request: 0.000027 seconds.
  path: Assets/Samples/XR Interaction Toolkit/3.1.2/Starter Assets/DemoSceneAssets/Prefabs/Interactables/Pot.prefab
  artifactKey: Guid(d5615d616019430d9c2e8727e71c97fb) Importer(2089858483,192608db42251d675da83286b1cce702)
Start importing Assets/Samples/XR Interaction Toolkit/3.1.2/Starter Assets/DemoSceneAssets/Prefabs/Interactables/Pot.prefab using Guid(d5615d616019430d9c2e8727e71c97fb) Importer(2089858483,192608db42251d675da83286b1cce702) (ScriptedImporter) -> (artifact id: 'b32f7b72f138ac0194ee907310464ae2') in 0.0805709 seconds
Number of updated asset objects reloaded before import = 0Number of asset objects unloaded after import = 22

========================================================================
Received Import Request.
  Time since last request: 0.000034 seconds.
  path: Assets/Samples/XR Interaction Toolkit/3.1.2/Starter Assets/DemoSceneAssets/Prefabs/Interactables/Torus.prefab
  artifactKey: Guid(521327bdbcb341f782d36f02cab76cb0) Importer(2089858483,192608db42251d675da83286b1cce702)
Start importing Assets/Samples/XR Interaction Toolkit/3.1.2/Starter Assets/DemoSceneAssets/Prefabs/Interactables/Torus.prefab using Guid(521327bdbcb341f782d36f02cab76cb0) Importer(2089858483,192608db42251d675da83286b1cce702) (ScriptedImporter) -> (artifact id: '0d3594444b207f66fbd75314879ad123') in 0.0553724 seconds
Number of updated asset objects reloaded before import = 0Number of asset objects unloaded after import = 23

========================================================================
Received Import Request.
  Time since last request: 0.000019 seconds.
  path: Assets/Samples/XR Interaction Toolkit/3.1.2/Starter Assets/DemoSceneAssets/Prefabs/Teleport/Teleport Anchor.prefab
  artifactKey: Guid(fad94b617f0540568dbf4c9c4011248c) Importer(2089858483,192608db42251d675da83286b1cce702)
Start importing Assets/Samples/XR Interaction Toolkit/3.1.2/Starter Assets/DemoSceneAssets/Prefabs/Teleport/Teleport Anchor.prefab using Guid(fad94b617f0540568dbf4c9c4011248c) Importer(2089858483,192608db42251d675da83286b1cce702) (ScriptedImporter) -> (artifact id: 'f247b39b91df3b4fecd5281692565d4f') in 0.0348737 seconds
Number of updated asset objects reloaded before import = 0Number of asset objects unloaded after import = 13

========================================================================
Received Import Request.
  Time since last request: 0.000028 seconds.
  path: Assets/Samples/XR Interaction Toolkit/3.1.2/Starter Assets/DemoSceneAssets/Prefabs/Climb/Single Floor Ladder.prefab
  artifactKey: Guid(1f62bdd0e59688d4bb754afe89fa2f5a) Importer(2089858483,192608db42251d675da83286b1cce702)
Start importing Assets/Samples/XR Interaction Toolkit/3.1.2/Starter Assets/DemoSceneAssets/Prefabs/Climb/Single Floor Ladder.prefab using Guid(1f62bdd0e59688d4bb754afe89fa2f5a) Importer(2089858483,192608db42251d675da83286b1cce702) (ScriptedImporter) -> (artifact id: '5285d06a6a195f680b456e89a785fab7') in 0.0480535 seconds
Number of updated asset objects reloaded before import = 0Number of asset objects unloaded after import = 198

========================================================================
Received Import Request.
  Time since last request: 0.000035 seconds.
  path: Assets/Samples/XR Interaction Toolkit/3.1.2/Starter Assets/DemoSceneAssets/Prefabs/UI/Text Toggle.prefab
  artifactKey: Guid(6a448845c7017044e8a9f3d711cfe825) Importer(2089858483,192608db42251d675da83286b1cce702)
Start importing Assets/Samples/XR Interaction Toolkit/3.1.2/Starter Assets/DemoSceneAssets/Prefabs/UI/Text Toggle.prefab using Guid(6a448845c7017044e8a9f3d711cfe825) Importer(2089858483,192608db42251d675da83286b1cce702) (ScriptedImporter) -> (artifact id: '5f47481b14736218e39e4ce9e02f7544') in 0.1099416 seconds
Number of updated asset objects reloaded before import = 0Number of asset objects unloaded after import = 28

========================================================================
Received Import Request.
  Time since last request: 0.000033 seconds.
  path: Assets/TextMesh Pro/Examples & Extras/Fonts/Oswald-Bold.ttf
  artifactKey: Guid(c9f6d0e7bc8541498c9a4799ba184ede) Importer(2089858483,192608db42251d675da83286b1cce702)
Start importing Assets/TextMesh Pro/Examples & Extras/Fonts/Oswald-Bold.ttf using Guid(c9f6d0e7bc8541498c9a4799ba184ede) Importer(2089858483,192608db42251d675da83286b1cce702) (ScriptedImporter) -> (artifact id: 'a396fa93905a58177c7497df587af4bb') in 0.0387848 seconds
Number of updated asset objects reloaded before import = 0Number of asset objects unloaded after import = 3

========================================================================
Received Import Request.
  Time since last request: 0.000030 seconds.
  path: Assets/Samples/XR Interaction Toolkit/3.1.2/Starter Assets/Prefabs/Controllers/XR Controller Right.prefab
  artifactKey: Guid(9f3369e30fbd31f4bb596b1a99babe83) Importer(2089858483,192608db42251d675da83286b1cce702)
Start importing Assets/Samples/XR Interaction Toolkit/3.1.2/Starter Assets/Prefabs/Controllers/XR Controller Right.prefab using Guid(9f3369e30fbd31f4bb596b1a99babe83) Importer(2089858483,192608db42251d675da83286b1cce702) (ScriptedImporter) -> (artifact id: '9d673fa6b900f26b404bd7dbb4f118c4') in 0.0669389 seconds
Number of updated asset objects reloaded before import = 0Number of asset objects unloaded after import = 59

========================================================================
Received Import Request.
  Time since last request: 0.000041 seconds.
  path: Assets/TextMesh Pro/Examples & Extras/Resources/Fonts & Materials/Bangers SDF - Outline.mat
  artifactKey: Guid(f629c6e43dba4bf38cb74d8860150664) Importer(2089858483,192608db42251d675da83286b1cce702)
Start importing Assets/TextMesh Pro/Examples & Extras/Resources/Fonts & Materials/Bangers SDF - Outline.mat using Guid(f629c6e43dba4bf38cb74d8860150664) Importer(2089858483,192608db42251d675da83286b1cce702) (ScriptedImporter) -> (artifact id: '4430bd10b06e080467d48a66ade1b38b') in 0.0348655 seconds
Number of updated asset objects reloaded before import = 0Number of asset objects unloaded after import = 2

========================================================================
Received Import Request.
  Time since last request: 0.000054 seconds.
  path: Assets/Samples/XR Interaction Toolkit/3.1.2/Starter Assets/DemoSceneAssets/Prefabs/UI/MinMaxSlider.prefab
  artifactKey: Guid(657321a07c3561043af55547ec4b0ed7) Importer(2089858483,192608db42251d675da83286b1cce702)
Start importing Assets/Samples/XR Interaction Toolkit/3.1.2/Starter Assets/DemoSceneAssets/Prefabs/UI/MinMaxSlider.prefab using Guid(657321a07c3561043af55547ec4b0ed7) Importer(2089858483,192608db42251d675da83286b1cce702) (ScriptedImporter) -> (artifact id: '258446b5acd7531e908d965e8a12cd60') in 0.0669473 seconds
Number of updated asset objects reloaded before import = 0Number of asset objects unloaded after import = 26

========================================================================
Received Import Request.
  Time since last request: 0.000040 seconds.
  path: Assets/Scenes/SampleScene.unity
  artifactKey: Guid(99c9720ab356a0642a771bea13969a05) Importer(2089858483,192608db42251d675da83286b1cce702)
Start importing Assets/Scenes/SampleScene.unity using Guid(99c9720ab356a0642a771bea13969a05) Importer(2089858483,192608db42251d675da83286b1cce702) (ScriptedImporter) -> (artifact id: 'd85d3112c03e19b4c5f3ce4be6fce741') in 0.0332708 seconds
Number of updated asset objects reloaded before import = 0Number of asset objects unloaded after import = 1

========================================================================
Received Import Request.
  Time since last request: 0.000037 seconds.
  path: Assets/Samples/XR Interaction Toolkit/3.1.2/Starter Assets/Prefabs/Teleport/Climb Teleport Arrow.prefab
  artifactKey: Guid(ae1968658b9687b47976fe86c062168f) Importer(2089858483,192608db42251d675da83286b1cce702)
Start importing Assets/Samples/XR Interaction Toolkit/3.1.2/Starter Assets/Prefabs/Teleport/Climb Teleport Arrow.prefab using Guid(ae1968658b9687b47976fe86c062168f) Importer(2089858483,192608db42251d675da83286b1cce702) (ScriptedImporter) -> (artifact id: '6a2344c1696fc52107ff7927bed7453f') in 0.0742252 seconds
Number of updated asset objects reloaded before import = 0Number of asset objects unloaded after import = 27

========================================================================
Received Import Request.
  Time since last request: 0.000022 seconds.
  path: Assets/materials/staffe.mat
  artifactKey: Guid(5bec90a87c2607648bcad985401b3009) Importer(2089858483,192608db42251d675da83286b1cce702)
Start importing Assets/materials/staffe.mat using Guid(5bec90a87c2607648bcad985401b3009) Importer(2089858483,192608db42251d675da83286b1cce702) (ScriptedImporter) -> (artifact id: '292b89bc5d2eda5f5b4ea9ef99a0b3c8') in 0.0241253 seconds
Number of updated asset objects reloaded before import = 0Number of asset objects unloaded after import = 1

========================================================================
Received Import Request.
  Time since last request: 0.000024 seconds.
  path: Assets/TextMesh Pro/Examples & Extras/Textures/Small Crate_normal.jpg
  artifactKey: Guid(8878a782f4334ecbbcf683b3ac780966) Importer(2089858483,192608db42251d675da83286b1cce702)
Start importing Assets/TextMesh Pro/Examples & Extras/Textures/Small Crate_normal.jpg using Guid(8878a782f4334ecbbcf683b3ac780966) Importer(2089858483,192608db42251d675da83286b1cce702) (ScriptedImporter) -> (artifact id: 'a2ace844d61b0ecaa44650be1c2a0d6a') in 0.034394 seconds
Number of updated asset objects reloaded before import = 0Number of asset objects unloaded after import = 1

========================================================================
Received Import Request.
  Time since last request: 0.000041 seconds.
  path: Assets/TextMesh Pro/Examples & Extras/Resources/Fonts & Materials/Bangers SDF - Drop Shadow.mat
  artifactKey: Guid(f2dcf029949142e28b974630369c8b4e) Importer(2089858483,192608db42251d675da83286b1cce702)
Start importing Assets/TextMesh Pro/Examples & Extras/Resources/Fonts & Materials/Bangers SDF - Drop Shadow.mat using Guid(f2dcf029949142e28b974630369c8b4e) Importer(2089858483,192608db42251d675da83286b1cce702) (ScriptedImporter) -> (artifact id: 'daaf2296b12f8975bed74889a2e428dc') in 0.0370314 seconds
Number of updated asset objects reloaded before import = 0Number of asset objects unloaded after import = 2

========================================================================
Received Import Request.
  Time since last request: 0.000020 seconds.
  path: Assets/TextMesh Pro/Examples & Extras/Textures/Text Overflow - Linked Text Image 1.png
  artifactKey: Guid(4ccf43d26c4748c792174516f4a8fcef) Importer(2089858483,192608db42251d675da83286b1cce702)
Start importing Assets/TextMesh Pro/Examples & Extras/Textures/Text Overflow - Linked Text Image 1.png using Guid(4ccf43d26c4748c792174516f4a8fcef) Importer(2089858483,192608db42251d675da83286b1cce702) (ScriptedImporter) -> (artifact id: '12e34532f1b6b31228cacbfce1c48f04') in 0.0478261 seconds
Number of updated asset objects reloaded before import = 0Number of asset objects unloaded after import = 1

========================================================================
Received Import Request.
  Time since last request: 0.000024 seconds.
  path: Assets/Samples/XR Interaction Toolkit/3.1.2/Starter Assets/Prefabs/Interactors/Direct Interactor.prefab
  artifactKey: Guid(2fd3e07afe5b461490fb8e314976b1b0) Importer(2089858483,192608db42251d675da83286b1cce702)
Start importing Assets/Samples/XR Interaction Toolkit/3.1.2/Starter Assets/Prefabs/Interactors/Direct Interactor.prefab using Guid(2fd3e07afe5b461490fb8e314976b1b0) Importer(2089858483,192608db42251d675da83286b1cce702) (ScriptedImporter) -> (artifact id: '8b2fe1e93981cd7106284bd78061f8d5') in 0.1162934 seconds
Number of updated asset objects reloaded before import = 0Number of asset objects unloaded after import = 8

========================================================================
Received Import Request.
  Time since last request: 0.000055 seconds.
  path: Assets/TextMesh Pro/Examples & Extras/Scripts/Benchmark01_UGUI.cs
  artifactKey: Guid(8ef7be1c625941f7ba8ed7cc71718c0d) Importer(2089858483,192608db42251d675da83286b1cce702)
Start importing Assets/TextMesh Pro/Examples & Extras/Scripts/Benchmark01_UGUI.cs using Guid(8ef7be1c625941f7ba8ed7cc71718c0d) Importer(2089858483,192608db42251d675da83286b1cce702) (ScriptedImporter) -> (artifact id: 'e34d2b71d2681579aa83438912a0ffa2') in 0.0225664 seconds
Number of updated asset objects reloaded before import = 0Number of asset objects unloaded after import = 0

========================================================================
Received Import Request.
  Time since last request: 0.000025 seconds.
  path: Assets/Samples/XR Interaction Toolkit/3.1.2/Starter Assets/Materials/Telport Anchor.mat
  artifactKey: Guid(fd3c5d8fce991e04f9c11109dde95b3b) Importer(2089858483,192608db42251d675da83286b1cce702)
Start importing Assets/Samples/XR Interaction Toolkit/3.1.2/Starter Assets/Materials/Telport Anchor.mat using Guid(fd3c5d8fce991e04f9c11109dde95b3b) Importer(2089858483,192608db42251d675da83286b1cce702) (ScriptedImporter) -> (artifact id: 'ccf9a606b1bd88f4e070c38ad23f97a7') in 0.0227037 seconds
Number of updated asset objects reloaded before import = 0Number of asset objects unloaded after import = 2

========================================================================
Received Import Request.
  Time since last request: 0.000022 seconds.
  path: Assets/TextMesh Pro/Examples & Extras/Textures/Brushed Metal 3.jpg
  artifactKey: Guid(f88677df267a41d6be1e7a6133e7d227) Importer(2089858483,192608db42251d675da83286b1cce702)
Start importing Assets/TextMesh Pro/Examples & Extras/Textures/Brushed Metal 3.jpg using Guid(f88677df267a41d6be1e7a6133e7d227) Importer(2089858483,192608db42251d675da83286b1cce702) (ScriptedImporter) -> (artifact id: 'aafae28daff52c338b9008734976df5e') in 0.0406454 seconds
Number of updated asset objects reloaded before import = 0Number of asset objects unloaded after import = 1

========================================================================
Received Import Request.
  Time since last request: 0.000033 seconds.
  path: Assets/Samples/XR Interaction Toolkit/3.1.2/Starter Assets/Prefabs/Teleport/Directional Teleport Reticle.prefab
  artifactKey: Guid(893219773891c784ab469a39151879b4) Importer(2089858483,192608db42251d675da83286b1cce702)
Start importing Assets/Samples/XR Interaction Toolkit/3.1.2/Starter Assets/Prefabs/Teleport/Directional Teleport Reticle.prefab using Guid(893219773891c784ab469a39151879b4) Importer(2089858483,192608db42251d675da83286b1cce702) (ScriptedImporter) -> (artifact id: '81711f264e4f7b554fc3321573a89567') in 0.0350458 seconds
Number of updated asset objects reloaded before import = 0Number of asset objects unloaded after import = 13

========================================================================
Received Import Request.
  Time since last request: 0.000054 seconds.
  path: Assets/TextMesh Pro/Examples & Extras/Resources/Fonts & Materials/LiberationSans SDF - Metalic Green.mat
  artifactKey: Guid(8b29aaa3eec7468097ff07adfcf29ac9) Importer(2089858483,192608db42251d675da83286b1cce702)
Start importing Assets/TextMesh Pro/Examples & Extras/Resources/Fonts & Materials/LiberationSans SDF - Metalic Green.mat using Guid(8b29aaa3eec7468097ff07adfcf29ac9) Importer(2089858483,192608db42251d675da83286b1cce702) (ScriptedImporter) -> (artifact id: '9ecbba229673bcbceb48a63e5da0f4f6') in 0.0596002 seconds
Number of updated asset objects reloaded before import = 0Number of asset objects unloaded after import = 4

========================================================================
Received Import Request.
  Time since last request: 0.000025 seconds.
  path: Assets/Samples/XR Interaction Toolkit/3.1.2/Starter Assets/Presets/XRI Default Continuous Turn.preset
  artifactKey: Guid(735a78fc7c2a98a4e85e0e42bf895f48) Importer(2089858483,192608db42251d675da83286b1cce702)
Start importing Assets/Samples/XR Interaction Toolkit/3.1.2/Starter Assets/Presets/XRI Default Continuous Turn.preset using Guid(735a78fc7c2a98a4e85e0e42bf895f48) Importer(2089858483,192608db42251d675da83286b1cce702) (ScriptedImporter) -> (artifact id: 'd7e7e0d8b2446cb6d9e98979fb0bc2b4') in 0.0408711 seconds
Number of updated asset objects reloaded before import = 0Number of asset objects unloaded after import = 4

========================================================================
Received Import Request.
  Time since last request: 0.000028 seconds.
  path: Assets/RemovableDisc.cs
  artifactKey: Guid(7516fd533a5dd6c4eafc8177333ff740) Importer(2089858483,192608db42251d675da83286b1cce702)
Start importing Assets/RemovableDisc.cs using Guid(7516fd533a5dd6c4eafc8177333ff740) Importer(2089858483,192608db42251d675da83286b1cce702) (ScriptedImporter) -> (artifact id: '5f0d330d3c2a473b2f5ee558b5bb8e02') in 0.0189318 seconds
Number of updated asset objects reloaded before import = 0Number of asset objects unloaded after import = 0

========================================================================
Received Import Request.
  Time since last request: 0.000033 seconds.
  path: Assets/XR/Settings/OpenXR Editor Settings.asset
  artifactKey: Guid(75955200792f8b444a2d8e5fd83f6906) Importer(2089858483,192608db42251d675da83286b1cce702)
Start importing Assets/XR/Settings/OpenXR Editor Settings.asset using Guid(75955200792f8b444a2d8e5fd83f6906) Importer(2089858483,192608db42251d675da83286b1cce702) (ScriptedImporter) -> (artifact id: '607e99e9a289740e100304ccb42d4f1b') in 0.0256756 seconds
Number of updated asset objects reloaded before import = 0Number of asset objects unloaded after import = 1

========================================================================
Received Import Request.
  Time since last request: 0.000019 seconds.
  path: Assets/TextMesh Pro/Examples & Extras/Textures/Floor Tiles 1 - diffuse.jpg
  artifactKey: Guid(85ac55597b97403c82fc6601a93cf241) Importer(2089858483,192608db42251d675da83286b1cce702)
Start importing Assets/TextMesh Pro/Examples & Extras/Textures/Floor Tiles 1 - diffuse.jpg using Guid(85ac55597b97403c82fc6601a93cf241) Importer(2089858483,192608db42251d675da83286b1cce702) (ScriptedImporter) -> (artifact id: '4085317e786ce25e003dfcc504b5ad9a') in 0.0434454 seconds
Number of updated asset objects reloaded before import = 0Number of asset objects unloaded after import = 1

========================================================================
Received Import Request.
  Time since last request: 0.000028 seconds.
  path: Assets/Samples/XR Interaction Toolkit/3.1.2/Starter Assets/Prefabs/Interactors/Teleport Interactor.prefab
  artifactKey: Guid(c1800acf6366418a9b5f610249000331) Importer(2089858483,192608db42251d675da83286b1cce702)
Start importing Assets/Samples/XR Interaction Toolkit/3.1.2/Starter Assets/Prefabs/Interactors/Teleport Interactor.prefab using Guid(c1800acf6366418a9b5f610249000331) Importer(2089858483,192608db42251d675da83286b1cce702) (ScriptedImporter) -> (artifact id: '97cec71cefe6fff96b1a57a214f73bac') in 0.2179747 seconds
Number of updated asset objects reloaded before import = 0Number of asset objects unloaded after import = 38

========================================================================
Received Import Request.
  Time since last request: 0.000036 seconds.
  path: Assets/TextMesh Pro/Examples & Extras/Resources/Fonts & Materials/Bangers SDF Glow.mat
  artifactKey: Guid(d75b8f41e959450c84ac6e967084d3e1) Importer(2089858483,192608db42251d675da83286b1cce702)
Start importing Assets/TextMesh Pro/Examples & Extras/Resources/Fonts & Materials/Bangers SDF Glow.mat using Guid(d75b8f41e959450c84ac6e967084d3e1) Importer(2089858483,192608db42251d675da83286b1cce702) (ScriptedImporter) -> (artifact id: '4785f644de4bd2255afb6a25004ca309') in 0.0368496 seconds
Number of updated asset objects reloaded before import = 0Number of asset objects unloaded after import = 3

========================================================================
Received Import Request.
  Time since last request: 0.000027 seconds.
  path: Assets/TextMesh Pro/Examples & Extras/Scripts/Benchmark02.cs
  artifactKey: Guid(e8538afcddc14efbb5d9e94b7ae50197) Importer(2089858483,192608db42251d675da83286b1cce702)
Start importing Assets/TextMesh Pro/Examples & Extras/Scripts/Benchmark02.cs using Guid(e8538afcddc14efbb5d9e94b7ae50197) Importer(2089858483,192608db42251d675da83286b1cce702) (ScriptedImporter) -> (artifact id: 'dccfb417ceb762f7d67573d2029af5cb') in 0.0201066 seconds
Number of updated asset objects reloaded before import = 0Number of asset objects unloaded after import = 0

========================================================================
Received Import Request.
  Time since last request: 0.000034 seconds.
  path: Assets/Samples/XR Interaction Toolkit/3.1.2/Starter Assets/Prefabs/Interactors/Ray Interactor.prefab
  artifactKey: Guid(ad818c36731146e994540a1896ad8f24) Importer(2089858483,192608db42251d675da83286b1cce702)
Start importing Assets/Samples/XR Interaction Toolkit/3.1.2/Starter Assets/Prefabs/Interactors/Ray Interactor.prefab using Guid(ad818c36731146e994540a1896ad8f24) Importer(2089858483,192608db42251d675da83286b1cce702) (ScriptedImporter) -> (artifact id: 'ab57291c3c10a77965c72a6a484bbf47') in 0.098325 seconds
Number of updated asset objects reloaded before import = 0Number of asset objects unloaded after import = 10

========================================================================
Received Import Request.
  Time since last request: 0.000058 seconds.
  path: Assets/Samples/XR Interaction Toolkit/3.1.2/Starter Assets/Shaders/BiRP_Fresnel.shader
  artifactKey: Guid(b24c216c4acb0094c892a61dfbbb76b4) Importer(2089858483,192608db42251d675da83286b1cce702)
Start importing Assets/Samples/XR Interaction Toolkit/3.1.2/Starter Assets/Shaders/BiRP_Fresnel.shader using Guid(b24c216c4acb0094c892a61dfbbb76b4) Importer(2089858483,192608db42251d675da83286b1cce702) (ScriptedImporter) -> (artifact id: '57830ff851fabe06294189ffe133f9fd') in 0.0239058 seconds
Number of updated asset objects reloaded before import = 0Number of asset objects unloaded after import = 1

========================================================================
Received Import Request.
  Time since last request: 0.000021 seconds.
  path: Assets/TextMesh Pro/Examples & Extras/Scripts/ObjectSpin.cs
  artifactKey: Guid(4f19c7f94c794c5097d8bd11e39c750d) Importer(2089858483,192608db42251d675da83286b1cce702)
Start importing Assets/TextMesh Pro/Examples & Extras/Scripts/ObjectSpin.cs using Guid(4f19c7f94c794c5097d8bd11e39c750d) Importer(2089858483,192608db42251d675da83286b1cce702) (ScriptedImporter) -> (artifact id: 'ec322fe8f49b2a55f5489e53fb95056e') in 0.0217347 seconds
Number of updated asset objects reloaded before import = 0Number of asset objects unloaded after import = 0

========================================================================
Received Import Request.
  Time since last request: 0.000052 seconds.
  path: Assets/TextMesh Pro/Examples & Extras/Resources/Fonts & Materials/Bangers SDF Logo - URP.mat
  artifactKey: Guid(6751ce1a4611b3940812c13a6847d94f) Importer(2089858483,192608db42251d675da83286b1cce702)
Start importing Assets/TextMesh Pro/Examples & Extras/Resources/Fonts & Materials/Bangers SDF Logo - URP.mat using Guid(6751ce1a4611b3940812c13a6847d94f) Importer(2089858483,192608db42251d675da83286b1cce702) (ScriptedImporter) -> (artifact id: '44dd5a44be5e8929f9f79d4dab2e146e') in 0.0484976 seconds
Number of updated asset objects reloaded before import = 0Number of asset objects unloaded after import = 5

========================================================================
Received Import Request.
  Time since last request: 0.000027 seconds.
  path: Assets/TextMesh Pro/Examples & Extras/Textures/Small Crate_diffuse.jpg
  artifactKey: Guid(602cb87b6a29443b8636370ea0751574) Importer(2089858483,192608db42251d675da83286b1cce702)
Start importing Assets/TextMesh Pro/Examples & Extras/Textures/Small Crate_diffuse.jpg using Guid(602cb87b6a29443b8636370ea0751574) Importer(2089858483,192608db42251d675da83286b1cce702) (ScriptedImporter) -> (artifact id: 'e966437cb10f82416fe206fc7a1871a4') in 0.0301794 seconds
Number of updated asset objects reloaded before import = 0Number of asset objects unloaded after import = 1

========================================================================
Received Import Request.
  Time since last request: 0.000029 seconds.
  path: Assets/Pippoactions.inputactions
  artifactKey: Guid(68edd58478a9f3947be9277aac13a22d) Importer(2089858483,192608db42251d675da83286b1cce702)
Start importing Assets/Pippoactions.inputactions using Guid(68edd58478a9f3947be9277aac13a22d) Importer(2089858483,192608db42251d675da83286b1cce702) (ScriptedImporter) -> (artifact id: 'f7efac1250951f6bc39f2c9091ff053b') in 0.030109 seconds
Number of updated asset objects reloaded before import = 0Number of asset objects unloaded after import = 5

Editor requested this worker to shutdown with reason: Scaling down because of idle timeout
AssetImportWorker is now disconnected from the server
Process exiting
Exiting without the bug reporter. Application will terminate with return code 0